<?xml version="1.0" encoding="US-ASCII" standalone="no"?>
<!DOCTYPE log SYSTEM "logger.dtd">
<log>
<record>
  <date>2026-01-07T06:41:08</date>
  <millis>1767768068113</millis>
  <sequence>4</sequence>
  <logger>com.ibm.ws.install.configmanager.launcher.Launcher</logger>
  <level>INFO</level>
  <class>com.ibm.ws.install.configmanager.launcher.Launcher</class>
  <method>fillInCommandLineArguments</method>
  <thread>1</thread>
  <message>Incoming arguments are: -WS_CMT_ACTION_REGISTRY, /opt/IBM/WebSphere/AppServer/properties/postinstall/fixpack/deltaActionRegistry.xml, -WS_CMT_EXTENSION, com.ibm.ws.postinstall.cmext.ConfigManagerExtension, -WS_PI_ACTION_REGISTRY_EXTENSION, /opt/IBM/WebSphere/AppServer/properties/postinstall/fixpack/registryExtension.xml, -actionTarget, install, -WS_CMT_CONF_DIR, /opt/IBM/WebSphere/AppServer/properties/postinstall/fixpack/, -permissionsProcessing, false</message>
</record>
<record>
  <date>2026-01-07T06:41:08</date>
  <millis>1767768068128</millis>
  <sequence>5</sequence>
  <logger>com.ibm.ws.install.configmanager.osutils.PlatformConstants</logger>
  <level>INFO</level>
  <class>com.ibm.ws.install.configmanager.osutils.PlatformConstants</class>
  <method>getCurrentPlatform</method>
  <thread>1</thread>
  <message>Current platform was detected as Linux</message>
</record>
<record>
  <date>2026-01-07T06:41:08</date>
  <millis>1767768068129</millis>
  <sequence>6</sequence>
  <logger>com.ibm.ws.install.configmanager.osutils.ProcessEnvironment</logger>
  <level>INFO</level>
  <class>com.ibm.ws.install.configmanager.osutils.ProcessEnvironment</class>
  <method>getEnvironmentVariableValue</method>
  <thread>1</thread>
  <message>Value of WS_CMT_EXTRINSICS could not be extracted from the process environment, returning null</message>
</record>
<record>
  <date>2026-01-07T06:41:08</date>
  <millis>1767768068129</millis>
  <sequence>7</sequence>
  <logger>com.ibm.ws.install.configmanager.launcher.ArgumentValueFetcher</logger>
  <level>INFO</level>
  <class>com.ibm.ws.install.configmanager.launcher.ArgumentValueFetcher</class>
  <method>getArgumentValue</method>
  <thread>1</thread>
  <message>Could not resolve this argument: WS_CMT_EXTRINSICS, returning null</message>
</record>
<record>
  <date>2026-01-07T06:41:08</date>
  <millis>1767768068131</millis>
  <sequence>8</sequence>
  <logger>com.ibm.ws.install.configmanager.osutils.ProcessEnvironment</logger>
  <level>INFO</level>
  <class>com.ibm.ws.install.configmanager.osutils.ProcessEnvironment</class>
  <method>getEnvironmentVariableValue</method>
  <thread>1</thread>
  <message>Value of WS_CMT_EXTENSION_LIB could not be extracted from the process environment, returning null</message>
</record>
<record>
  <date>2026-01-07T06:41:08</date>
  <millis>1767768068131</millis>
  <sequence>9</sequence>
  <logger>com.ibm.ws.install.configmanager.launcher.ArgumentValueFetcher</logger>
  <level>INFO</level>
  <class>com.ibm.ws.install.configmanager.launcher.ArgumentValueFetcher</class>
  <method>getArgumentValue</method>
  <thread>1</thread>
  <message>Could not resolve this argument: WS_CMT_EXTENSION_LIB, returning null</message>
</record>
<record>
  <date>2026-01-07T06:41:08</date>
  <millis>1767768068188</millis>
  <sequence>10</sequence>
  <logger>com.ibm.ws.install.configmanager.osutils.ProcessEnvironment</logger>
  <level>INFO</level>
  <class>com.ibm.ws.install.configmanager.osutils.ProcessEnvironment</class>
  <method>getEnvironmentVariableValue</method>
  <thread>1</thread>
  <message>Value of omitAction could not be extracted from the process environment, returning null</message>
</record>
<record>
  <date>2026-01-07T06:41:08</date>
  <millis>1767768068188</millis>
  <sequence>11</sequence>
  <logger>com.ibm.ws.install.configmanager.launcher.ArgumentValueFetcher</logger>
  <level>INFO</level>
  <class>com.ibm.ws.install.configmanager.launcher.ArgumentValueFetcher</class>
  <method>getArgumentValue</method>
  <thread>1</thread>
  <message>Could not resolve this argument: omitAction, returning null</message>
</record>
<record>
  <date>2026-01-07T06:41:08</date>
  <millis>1767768068188</millis>
  <sequence>12</sequence>
  <logger>com.ibm.ws.install.configmanager.osutils.ProcessEnvironment</logger>
  <level>INFO</level>
  <class>com.ibm.ws.install.configmanager.osutils.ProcessEnvironment</class>
  <method>getEnvironmentVariableValue</method>
  <thread>1</thread>
  <message>Value of omitAction1 could not be extracted from the process environment, returning null</message>
</record>
<record>
  <date>2026-01-07T06:41:08</date>
  <millis>1767768068189</millis>
  <sequence>13</sequence>
  <logger>com.ibm.ws.install.configmanager.launcher.ArgumentValueFetcher</logger>
  <level>INFO</level>
  <class>com.ibm.ws.install.configmanager.launcher.ArgumentValueFetcher</class>
  <method>getArgumentValue</method>
  <thread>1</thread>
  <message>Could not resolve this argument: omitAction1, returning null</message>
</record>
<record>
  <date>2026-01-07T06:41:08</date>
  <millis>1767768068190</millis>
  <sequence>14</sequence>
  <logger>com.ibm.ws.install.configmanager.osutils.ProcessEnvironment</logger>
  <level>INFO</level>
  <class>com.ibm.ws.install.configmanager.osutils.ProcessEnvironment</class>
  <method>getEnvironmentVariableValue</method>
  <thread>1</thread>
  <message>Value of PRE_IJC_LIB could not be extracted from the process environment, returning null</message>
</record>
<record>
  <date>2026-01-07T06:41:08</date>
  <millis>1767768068190</millis>
  <sequence>15</sequence>
  <logger>com.ibm.ws.install.configmanager.launcher.ArgumentValueFetcher</logger>
  <level>INFO</level>
  <class>com.ibm.ws.install.configmanager.launcher.ArgumentValueFetcher</class>
  <method>getArgumentValue</method>
  <thread>1</thread>
  <message>Could not resolve this argument: PRE_IJC_LIB, returning null</message>
</record>
<record>
  <date>2026-01-07T06:41:08</date>
  <millis>1767768068194</millis>
  <sequence>16</sequence>
  <logger>com.ibm.ws.install.configmanager.utils.FileUtils</logger>
  <level>INFO</level>
  <class>com.ibm.ws.install.configmanager.utils.FileUtils</class>
  <method>getAllFilesInThisDirectory</method>
  <thread>1</thread>
  <message>/opt/IBM/WebSphere/AppServer/properties/postinstall/fixpack/lib is not a directory, returning an empty list</message>
</record>
<record>
  <date>2026-01-07T06:41:08</date>
  <millis>1767768068195</millis>
  <sequence>17</sequence>
  <logger>com.ibm.ws.install.configmanager.utils.FileUtils</logger>
  <level>INFO</level>
  <class>com.ibm.ws.install.configmanager.utils.FileUtils</class>
  <method>getAllFilesInThisDirectoryMatchingThisPatternIgnoreCase</method>
  <thread>1</thread>
  <message>List of files in /opt/IBM/WebSphere/AppServer/properties/postinstall/fixpack/lib matching the pattern ^.*\.jar$ is: {  }</message>
</record>
<record>
  <date>2026-01-07T06:41:08</date>
  <millis>1767768068195</millis>
  <sequence>18</sequence>
  <logger>com.ibm.ws.install.configmanager.utils.ClassPathModifier</logger>
  <level>INFO</level>
  <class>com.ibm.ws.install.configmanager.utils.ClassPathModifier</class>
  <method>addAllJARsInDirectoryToClassPath</method>
  <thread>1</thread>
  <message>ListJAR files in found in /opt/IBM/WebSphere/AppServer/properties/postinstall/fixpack/lib is: {  }</message>
</record>
<record>
  <date>2026-01-07T06:41:08</date>
  <millis>1767768068195</millis>
  <sequence>19</sequence>
  <logger>com.ibm.ws.install.configmanager.osutils.ProcessEnvironment</logger>
  <level>INFO</level>
  <class>com.ibm.ws.install.configmanager.osutils.ProcessEnvironment</class>
  <method>getEnvironmentVariableValue</method>
  <thread>1</thread>
  <message>Value of POST_IJC_LIB could not be extracted from the process environment, returning null</message>
</record>
<record>
  <date>2026-01-07T06:41:08</date>
  <millis>1767768068196</millis>
  <sequence>20</sequence>
  <logger>com.ibm.ws.install.configmanager.launcher.ArgumentValueFetcher</logger>
  <level>INFO</level>
  <class>com.ibm.ws.install.configmanager.launcher.ArgumentValueFetcher</class>
  <method>getArgumentValue</method>
  <thread>1</thread>
  <message>Could not resolve this argument: POST_IJC_LIB, returning null</message>
</record>
<record>
  <date>2026-01-07T06:41:08</date>
  <millis>1767768068197</millis>
  <sequence>21</sequence>
  <logger>com.ibm.ws.install.configmanager.ConfigManager</logger>
  <level>INFO</level>
  <class>com.ibm.ws.install.configmanager.ConfigManager</class>
  <method>executeActions</method>
  <thread>1</thread>
  <message>List of all actions found in the repository: [com.ibm.ws.install.configmanager.actionengine.ConfigAction-/opt/IBM/WebSphere/AppServer/properties/postinstall/fixpack/actions/stopManagerClientFFDC.ant, com.ibm.ws.install.configmanager.actionengine.ConfigAction-/opt/IBM/WebSphere/AppServer/properties/postinstall/fixpack/actions/serverStatusFFDC.ant, com.ibm.ws.install.configmanager.actionengine.ConfigAction-/opt/IBM/WebSphere/AppServer/properties/postinstall/fixpack/actions/stopNodeFFDC.ant, com.ibm.ws.install.configmanager.actionengine.ConfigAction-/opt/IBM/WebSphere/AppServer/properties/postinstall/fixpack/actions/stopServerFFDC.ant, com.ibm.ws.install.configmanager.actionengine.ConfigAction-/opt/IBM/WebSphere/AppServer/properties/postinstall/fixpack/actions/AddCMSProperty.ant, com.ibm.ws.install.configmanager.actionengine.ConfigAction-/opt/IBM/WebSphere/AppServer/properties/postinstall/fixpack/actions/addManagesdkUserInstallRoot.ant, com.ibm.ws.install.configmanager.actionengine.ConfigAction-/opt/IBM/WebSphere/AppServer/properties/postinstall/fixpack/actions/addMaxHeapSizeLogViewer.ant, com.ibm.ws.install.configmanager.actionengine.ConfigAction-/opt/IBM/WebSphere/AppServer/properties/postinstall/fixpack/actions/addMaxHeapSizeCollector.ant, com.ibm.ws.install.configmanager.actionengine.ConfigAction-/opt/IBM/WebSphere/AppServer/properties/postinstall/fixpack/actions/removeMaxPermSizePH36410.ant, com.ibm.ws.install.configmanager.actionengine.ConfigAction-/opt/IBM/WebSphere/AppServer/properties/postinstall/fixpack/actions/fixBackupConfigScript.ant, com.ibm.ws.install.configmanager.actionengine.ConfigAction-/opt/IBM/WebSphere/AppServer/properties/postinstall/fixpack/actions/removeISADCEmptyDirectories.ant]</message>
</record>
<record>
  <date>2026-01-07T06:41:08</date>
  <millis>1767768068203</millis>
  <sequence>22</sequence>
  <logger>com.ibm.ws.postinstall.cmext.ConfigManagerExtension</logger>
  <level>INFO</level>
  <class>com.ibm.ws.postinstall.cmext.ConfigManagerExtension</class>
  <method>preprocessing</method>
  <thread>1</thread>
  <message>WAS_HOME =  /opt/IBM/WebSphere/AppServer</message>
</record>
<record>
  <date>2026-01-07T06:41:08</date>
  <millis>1767768068207</millis>
  <sequence>23</sequence>
  <logger>com.ibm.ws.postinstall.cmext.ConfigManagerExtension</logger>
  <level>INFO</level>
  <class>com.ibm.ws.postinstall.cmext.ConfigManagerExtension</class>
  <method>preprocessing</method>
  <thread>1</thread>
  <message>Candidate actions (in order) for install processing: stopManagerClientFFDC.ant, serverStatusFFDC.ant, stopNodeFFDC.ant, stopServerFFDC.ant, AddCMSProperty.ant, addManagesdkUserInstallRoot.ant, addMaxHeapSizeLogViewer.ant, addMaxHeapSizeCollector.ant, removeMaxPermSizePH36410.ant, fixBackupConfigScript.ant, removeISADCEmptyDirectories.ant</message>
</record>
<record>
  <date>2026-01-07T06:41:08</date>
  <millis>1767768068208</millis>
  <sequence>24</sequence>
  <logger>com.ibm.ws.postinstall.cmext.ConfigManagerExtension</logger>
  <level>INFO</level>
  <class>com.ibm.ws.postinstall.cmext.ConfigManagerExtension</class>
  <method>configurationActionPreprocessor</method>
  <thread>1</thread>
  <message>preprocessing config action /opt/IBM/WebSphere/AppServer/properties/postinstall/fixpack/actions/stopManagerClientFFDC.ant</message>
</record>
<record>
  <date>2026-01-07T06:41:08</date>
  <millis>1767768068208</millis>
  <sequence>25</sequence>
  <logger>com.ibm.ws.postinstall.cmext.ConfigManagerExtension</logger>
  <level>INFO</level>
  <class>com.ibm.ws.postinstall.cmext.ConfigManagerExtension</class>
  <method>configurationActionPreprocessor</method>
  <thread>1</thread>
  <message>profileUpdate attribute =  false</message>
</record>
<record>
  <date>2026-01-07T06:41:08</date>
  <millis>1767768068208</millis>
  <sequence>26</sequence>
  <logger>com.ibm.ws.postinstall.cmext.ConfigManagerExtension</logger>
  <level>INFO</level>
  <class>com.ibm.ws.postinstall.cmext.ConfigManagerExtension</class>
  <method>configurationActionPreprocessor</method>
  <thread>1</thread>
  <message>alwaysExecute attribute =  false</message>
</record>
<record>
  <date>2026-01-07T06:41:08</date>
  <millis>1767768068208</millis>
  <sequence>27</sequence>
  <logger>com.ibm.ws.postinstall.cmext.ConfigManagerExtension</logger>
  <level>INFO</level>
  <class>com.ibm.ws.postinstall.cmext.ConfigManagerExtension</class>
  <method>configurationActionPreprocessor</method>
  <thread>1</thread>
  <message>altersFile attribute =  </message>
</record>
<record>
  <date>2026-01-07T06:41:08</date>
  <millis>1767768068208</millis>
  <sequence>28</sequence>
  <logger>com.ibm.ws.postinstall.cmext.ConfigManagerExtension</logger>
  <level>INFO</level>
  <class>com.ibm.ws.postinstall.cmext.ConfigManagerExtension</class>
  <method>configurationActionPreprocessor</method>
  <thread>1</thread>
  <message>action target =  install</message>
</record>
<record>
  <date>2026-01-07T06:41:08</date>
  <millis>1767768068208</millis>
  <sequence>29</sequence>
  <logger>com.ibm.ws.postinstall.cmext.ConfigManagerExtension</logger>
  <level>INFO</level>
  <class>com.ibm.ws.postinstall.cmext.ConfigManagerExtension</class>
  <method>configurationActionPreprocessor</method>
  <thread>1</thread>
  <message>permissionsProcessing =  false</message>
</record>
<record>
  <date>2026-01-07T06:41:08</date>
  <millis>1767768068208</millis>
  <sequence>30</sequence>
  <logger>com.ibm.ws.postinstall.cmext.ConfigManagerExtension</logger>
  <level>INFO</level>
  <class>com.ibm.ws.postinstall.cmext.ConfigManagerExtension</class>
  <method>configurationActionPreprocessor</method>
  <thread>1</thread>
  <message>profilePath =  null</message>
</record>
<record>
  <date>2026-01-07T06:41:08</date>
  <millis>1767768068555</millis>
  <sequence>31</sequence>
  <logger>com.ibm.ws.postinstall.cmext.ConfigManagerExtension</logger>
  <level>INFO</level>
  <class>com.ibm.ws.postinstall.cmext.ConfigManagerExtension</class>
  <method>configurationActionPreprocessor</method>
  <thread>1</thread>
  <message>management workspace =  /opt/IBM/WebSphere/AppServer/properties/workspace</message>
</record>
<record>
  <date>2026-01-07T06:41:08</date>
  <millis>1767768068558</millis>
  <sequence>32</sequence>
  <logger>com.ibm.ws.install.configmanager.actionengine.ANTAction</logger>
  <level>INFO</level>
  <class>com.ibm.ws.install.configmanager.actionengine.ANTAction</class>
  <method>executeAction</method>
  <thread>1</thread>
  <message>Using an InProcess ANT call to execute this action: /opt/IBM/WebSphere/AppServer/properties/postinstall/fixpack/actions/stopManagerClientFFDC.ant</message>
</record>
<record>
  <date>2026-01-07T06:41:08</date>
  <millis>1767768068575</millis>
  <sequence>33</sequence>
  <logger>com.ibm.ws.install.configmanager.actionengine.ant.utils.InProcessAntRunner</logger>
  <level>INFO</level>
  <class>com.ibm.ws.install.configmanager.actionengine.ant.utils.InProcessAntRunner</class>
  <method>logOutputMessage</method>
  <thread>1</thread>
  <message>Buildfile: /opt/IBM/WebSphere/AppServer/properties/postinstall/fixpack/actions/stopManagerClientFFDC.ant</message>
</record>
<record>
  <date>2026-01-07T06:41:08</date>
  <millis>1767768068609</millis>
  <sequence>34</sequence>
  <logger>com.ibm.ws.install.configmanager.actionengine.ant.utils.ANTLogToCmtLogAdapter</logger>
  <level>INFO</level>
  <class>com.ibm.ws.install.configmanager.actionengine.ant.utils.ANTLogToCmtLogAdapter</class>
  <method>buildStarted</method>
  <thread>1</thread>
  <message>Build started.</message>
</record>
<record>
  <date>2026-01-07T06:41:09</date>
  <millis>1767768069148</millis>
  <sequence>35</sequence>
  <logger>com.ibm.ws.install.configmanager.actionengine.ant.utils.ANTLogToCmtLogAdapter</logger>
  <level>WARNING</level>
  <class>com.ibm.ws.install.configmanager.actionengine.ant.utils.ANTLogToCmtLogAdapter</class>
  <method>messageLogged</method>
  <thread>1</thread>
  <message>washome=/opt/IBM/WebSphere/AppServer</message>
</record>
<record>
  <date>2026-01-07T06:41:09</date>
  <millis>1767768069158</millis>
  <sequence>36</sequence>
  <logger>com.ibm.ws.install.configmanager.actionengine.ant.utils.ANTLogToCmtLogAdapter</logger>
  <level>WARNING</level>
  <class>com.ibm.ws.install.configmanager.actionengine.ant.utils.ANTLogToCmtLogAdapter</class>
  <method>messageLogged</method>
  <thread>1</thread>
  <message>origFfdcLog=com.ibm.ffdc.log=./client_ffdc/</message>
</record>
<record>
  <date>2026-01-07T06:41:09</date>
  <millis>1767768069160</millis>
  <sequence>37</sequence>
  <logger>com.ibm.ws.install.configmanager.actionengine.ant.utils.ANTLogToCmtLogAdapter</logger>
  <level>INFO</level>
  <class>com.ibm.ws.install.configmanager.actionengine.ant.utils.ANTLogToCmtLogAdapter</class>
  <method>targetStarted</method>
  <thread>1</thread>
  <message>Target started for: detectCurrentOSFamily</message>
</record>
<record>
  <date>2026-01-07T06:41:09</date>
  <millis>1767768069188</millis>
  <sequence>38</sequence>
  <logger>com.ibm.ws.install.configmanager.actionengine.ant.utils.ANTLogToCmtLogAdapter</logger>
  <level>WARNING</level>
  <class>com.ibm.ws.install.configmanager.actionengine.ant.utils.ANTLogToCmtLogAdapter</class>
  <method>messageLogged</method>
  <thread>1</thread>
  <message>Detected current OS family to be: unix</message>
</record>
<record>
  <date>2026-01-07T06:41:09</date>
  <millis>1767768069188</millis>
  <sequence>39</sequence>
  <logger>com.ibm.ws.install.configmanager.actionengine.ant.utils.ANTLogToCmtLogAdapter</logger>
  <level>INFO</level>
  <class>com.ibm.ws.install.configmanager.actionengine.ant.utils.ANTLogToCmtLogAdapter</class>
  <method>targetFinished</method>
  <thread>1</thread>
  <message>Target stopped for: detectCurrentOSFamily - SUCCESS</message>
</record>
<record>
  <date>2026-01-07T06:41:09</date>
  <millis>1767768069188</millis>
  <sequence>40</sequence>
  <logger>com.ibm.ws.install.configmanager.actionengine.ant.utils.ANTLogToCmtLogAdapter</logger>
  <level>INFO</level>
  <class>com.ibm.ws.install.configmanager.actionengine.ant.utils.ANTLogToCmtLogAdapter</class>
  <method>targetStarted</method>
  <thread>1</thread>
  <message>Target started for: setOSFileSeparator</message>
</record>
<record>
  <date>2026-01-07T06:41:09</date>
  <millis>1767768069189</millis>
  <sequence>41</sequence>
  <logger>com.ibm.ws.install.configmanager.actionengine.ant.utils.ANTLogToCmtLogAdapter</logger>
  <level>WARNING</level>
  <class>com.ibm.ws.install.configmanager.actionengine.ant.utils.ANTLogToCmtLogAdapter</class>
  <method>messageLogged</method>
  <thread>1</thread>
  <message>Detected file separator to be: /</message>
</record>
<record>
  <date>2026-01-07T06:41:09</date>
  <millis>1767768069189</millis>
  <sequence>42</sequence>
  <logger>com.ibm.ws.install.configmanager.actionengine.ant.utils.ANTLogToCmtLogAdapter</logger>
  <level>INFO</level>
  <class>com.ibm.ws.install.configmanager.actionengine.ant.utils.ANTLogToCmtLogAdapter</class>
  <method>targetFinished</method>
  <thread>1</thread>
  <message>Target stopped for: setOSFileSeparator - SUCCESS</message>
</record>
<record>
  <date>2026-01-07T06:41:09</date>
  <millis>1767768069189</millis>
  <sequence>43</sequence>
  <logger>com.ibm.ws.install.configmanager.actionengine.ant.utils.ANTLogToCmtLogAdapter</logger>
  <level>INFO</level>
  <class>com.ibm.ws.install.configmanager.actionengine.ant.utils.ANTLogToCmtLogAdapter</class>
  <method>targetStarted</method>
  <thread>1</thread>
  <message>Target started for: setOSScriptExtension</message>
</record>
<record>
  <date>2026-01-07T06:41:09</date>
  <millis>1767768069190</millis>
  <sequence>44</sequence>
  <logger>com.ibm.ws.install.configmanager.actionengine.ant.utils.ANTLogToCmtLogAdapter</logger>
  <level>WARNING</level>
  <class>com.ibm.ws.install.configmanager.actionengine.ant.utils.ANTLogToCmtLogAdapter</class>
  <method>messageLogged</method>
  <thread>1</thread>
  <message>Detected file extension to be: .sh</message>
</record>
<record>
  <date>2026-01-07T06:41:09</date>
  <millis>1767768069191</millis>
  <sequence>45</sequence>
  <logger>com.ibm.ws.install.configmanager.actionengine.ant.utils.ANTLogToCmtLogAdapter</logger>
  <level>INFO</level>
  <class>com.ibm.ws.install.configmanager.actionengine.ant.utils.ANTLogToCmtLogAdapter</class>
  <method>targetFinished</method>
  <thread>1</thread>
  <message>Target stopped for: setOSScriptExtension - SUCCESS</message>
</record>
<record>
  <date>2026-01-07T06:41:09</date>
  <millis>1767768069191</millis>
  <sequence>46</sequence>
  <logger>com.ibm.ws.install.configmanager.actionengine.ant.utils.ANTLogToCmtLogAdapter</logger>
  <level>INFO</level>
  <class>com.ibm.ws.install.configmanager.actionengine.ant.utils.ANTLogToCmtLogAdapter</class>
  <method>targetStarted</method>
  <thread>1</thread>
  <message>Target started for: setNewFfdcLog</message>
</record>
<record>
  <date>2026-01-07T06:41:09</date>
  <millis>1767768069191</millis>
  <sequence>47</sequence>
  <logger>com.ibm.ws.install.configmanager.actionengine.ant.utils.ANTLogToCmtLogAdapter</logger>
  <level>WARNING</level>
  <class>com.ibm.ws.install.configmanager.actionengine.ant.utils.ANTLogToCmtLogAdapter</class>
  <method>messageLogged</method>
  <thread>1</thread>
  <message>Set new com.ibm.ffdc.log value to: com.ibm.ffdc.log="$FFDCLOG"</message>
</record>
<record>
  <date>2026-01-07T06:41:09</date>
  <millis>1767768069191</millis>
  <sequence>48</sequence>
  <logger>com.ibm.ws.install.configmanager.actionengine.ant.utils.ANTLogToCmtLogAdapter</logger>
  <level>INFO</level>
  <class>com.ibm.ws.install.configmanager.actionengine.ant.utils.ANTLogToCmtLogAdapter</class>
  <method>targetFinished</method>
  <thread>1</thread>
  <message>Target stopped for: setNewFfdcLog - SUCCESS</message>
</record>
<record>
  <date>2026-01-07T06:41:09</date>
  <millis>1767768069192</millis>
  <sequence>49</sequence>
  <logger>com.ibm.ws.install.configmanager.actionengine.ant.utils.ANTLogToCmtLogAdapter</logger>
  <level>INFO</level>
  <class>com.ibm.ws.install.configmanager.actionengine.ant.utils.ANTLogToCmtLogAdapter</class>
  <method>targetStarted</method>
  <thread>1</thread>
  <message>Target started for: fileExist</message>
</record>
<record>
  <date>2026-01-07T06:41:09</date>
  <millis>1767768069192</millis>
  <sequence>50</sequence>
  <logger>com.ibm.ws.install.configmanager.actionengine.ant.utils.ANTLogToCmtLogAdapter</logger>
  <level>WARNING</level>
  <class>com.ibm.ws.install.configmanager.actionengine.ant.utils.ANTLogToCmtLogAdapter</class>
  <method>messageLogged</method>
  <thread>1</thread>
  <message>thefile = /opt/IBM/WebSphere/AppServer/bin/stopManager.sh</message>
</record>
<record>
  <date>2026-01-07T06:41:09</date>
  <millis>1767768069193</millis>
  <sequence>51</sequence>
  <logger>com.ibm.ws.install.configmanager.actionengine.ant.utils.ANTLogToCmtLogAdapter</logger>
  <level>INFO</level>
  <class>com.ibm.ws.install.configmanager.actionengine.ant.utils.ANTLogToCmtLogAdapter</class>
  <method>targetFinished</method>
  <thread>1</thread>
  <message>Target stopped for: fileExist - SUCCESS</message>
</record>
<record>
  <date>2026-01-07T06:41:09</date>
  <millis>1767768069194</millis>
  <sequence>52</sequence>
  <logger>com.ibm.ws.install.configmanager.actionengine.ant.utils.ANTLogToCmtLogAdapter</logger>
  <level>INFO</level>
  <class>com.ibm.ws.install.configmanager.actionengine.ant.utils.ANTLogToCmtLogAdapter</class>
  <method>targetStarted</method>
  <thread>1</thread>
  <message>Target started for: checkScriptOriginal</message>
</record>
<record>
  <date>2026-01-07T06:41:09</date>
  <millis>1767768069194</millis>
  <sequence>53</sequence>
  <logger>com.ibm.ws.install.configmanager.actionengine.ant.utils.ANTLogToCmtLogAdapter</logger>
  <level>INFO</level>
  <class>com.ibm.ws.install.configmanager.actionengine.ant.utils.ANTLogToCmtLogAdapter</class>
  <method>targetFinished</method>
  <thread>1</thread>
  <message>Target stopped for: checkScriptOriginal - SUCCESS</message>
</record>
<record>
  <date>2026-01-07T06:41:09</date>
  <millis>1767768069194</millis>
  <sequence>54</sequence>
  <logger>com.ibm.ws.install.configmanager.actionengine.ant.utils.ANTLogToCmtLogAdapter</logger>
  <level>INFO</level>
  <class>com.ibm.ws.install.configmanager.actionengine.ant.utils.ANTLogToCmtLogAdapter</class>
  <method>targetStarted</method>
  <thread>1</thread>
  <message>Target started for: replaceLine</message>
</record>
<record>
  <date>2026-01-07T06:41:09</date>
  <millis>1767768069194</millis>
  <sequence>55</sequence>
  <logger>com.ibm.ws.install.configmanager.actionengine.ant.utils.ANTLogToCmtLogAdapter</logger>
  <level>INFO</level>
  <class>com.ibm.ws.install.configmanager.actionengine.ant.utils.ANTLogToCmtLogAdapter</class>
  <method>targetFinished</method>
  <thread>1</thread>
  <message>Target stopped for: replaceLine - SUCCESS</message>
</record>
<record>
  <date>2026-01-07T06:41:09</date>
  <millis>1767768069194</millis>
  <sequence>56</sequence>
  <logger>com.ibm.ws.install.configmanager.actionengine.ant.utils.ANTLogToCmtLogAdapter</logger>
  <level>INFO</level>
  <class>com.ibm.ws.install.configmanager.actionengine.ant.utils.ANTLogToCmtLogAdapter</class>
  <method>targetStarted</method>
  <thread>1</thread>
  <message>Target started for: modifyPermissions</message>
</record>
<record>
  <date>2026-01-07T06:41:09</date>
  <millis>1767768069227</millis>
  <sequence>57</sequence>
  <logger>com.ibm.ws.install.configmanager.actionengine.ant.utils.ANTLogToCmtLogAdapter</logger>
  <level>INFO</level>
  <class>com.ibm.ws.install.configmanager.actionengine.ant.utils.ANTLogToCmtLogAdapter</class>
  <method>targetFinished</method>
  <thread>1</thread>
  <message>Target stopped for: modifyPermissions - SUCCESS</message>
</record>
<record>
  <date>2026-01-07T06:41:09</date>
  <millis>1767768069228</millis>
  <sequence>58</sequence>
  <logger>com.ibm.ws.install.configmanager.actionengine.ant.utils.ANTLogToCmtLogAdapter</logger>
  <level>INFO</level>
  <class>com.ibm.ws.install.configmanager.actionengine.ant.utils.ANTLogToCmtLogAdapter</class>
  <method>targetStarted</method>
  <thread>1</thread>
  <message>Target started for: install</message>
</record>
<record>
  <date>2026-01-07T06:41:09</date>
  <millis>1767768069228</millis>
  <sequence>59</sequence>
  <logger>com.ibm.ws.install.configmanager.actionengine.ant.utils.ANTLogToCmtLogAdapter</logger>
  <level>INFO</level>
  <class>com.ibm.ws.install.configmanager.actionengine.ant.utils.ANTLogToCmtLogAdapter</class>
  <method>targetFinished</method>
  <thread>1</thread>
  <message>Target stopped for: install - SUCCESS</message>
</record>
<record>
  <date>2026-01-07T06:41:09</date>
  <millis>1767768069228</millis>
  <sequence>60</sequence>
  <logger>com.ibm.ws.install.configmanager.actionengine.ant.utils.ANTLogToCmtLogAdapter</logger>
  <level>INFO</level>
  <class>com.ibm.ws.install.configmanager.actionengine.ant.utils.ANTLogToCmtLogAdapter</class>
  <method>buildFinished</method>
  <thread>1</thread>
  <message>Build stopped - SUCCESS</message>
</record>
<record>
  <date>2026-01-07T06:41:09</date>
  <millis>1767768069229</millis>
  <sequence>61</sequence>
  <logger>com.ibm.ws.install.configmanager.actionengine.ANTAction</logger>
  <level>INFO</level>
  <class>com.ibm.ws.install.configmanager.actionengine.ANTAction</class>
  <method>executeAction</method>
  <thread>1</thread>
  <message>Result of executing /opt/IBM/WebSphere/AppServer/properties/postinstall/fixpack/actions/stopManagerClientFFDC.ant was: true</message>
</record>
<record>
  <date>2026-01-07T06:41:09</date>
  <millis>1767768069229</millis>
  <sequence>62</sequence>
  <logger>com.ibm.ws.install.configmanager.ConfigManager</logger>
  <level>INFO</level>
  <class>com.ibm.ws.install.configmanager.ConfigManager</class>
  <method>executeAllActionsFound</method>
  <thread>1</thread>
  <message>Configuration action succeeded: com.ibm.ws.install.configmanager.actionengine.ConfigAction-/opt/IBM/WebSphere/AppServer/properties/postinstall/fixpack/actions/stopManagerClientFFDC.ant</message>
</record>
<record>
  <date>2026-01-07T06:41:09</date>
  <millis>1767768069230</millis>
  <sequence>63</sequence>
  <logger>com.ibm.ws.postinstall.cmext.ConfigManagerExtension</logger>
  <level>INFO</level>
  <class>com.ibm.ws.postinstall.cmext.ConfigManagerExtension</class>
  <method>configurationActionPreprocessor</method>
  <thread>1</thread>
  <message>preprocessing config action /opt/IBM/WebSphere/AppServer/properties/postinstall/fixpack/actions/serverStatusFFDC.ant</message>
</record>
<record>
  <date>2026-01-07T06:41:09</date>
  <millis>1767768069230</millis>
  <sequence>64</sequence>
  <logger>com.ibm.ws.postinstall.cmext.ConfigManagerExtension</logger>
  <level>INFO</level>
  <class>com.ibm.ws.postinstall.cmext.ConfigManagerExtension</class>
  <method>configurationActionPreprocessor</method>
  <thread>1</thread>
  <message>profileUpdate attribute =  false</message>
</record>
<record>
  <date>2026-01-07T06:41:09</date>
  <millis>1767768069230</millis>
  <sequence>65</sequence>
  <logger>com.ibm.ws.postinstall.cmext.ConfigManagerExtension</logger>
  <level>INFO</level>
  <class>com.ibm.ws.postinstall.cmext.ConfigManagerExtension</class>
  <method>configurationActionPreprocessor</method>
  <thread>1</thread>
  <message>alwaysExecute attribute =  false</message>
</record>
<record>
  <date>2026-01-07T06:41:09</date>
  <millis>1767768069230</millis>
  <sequence>66</sequence>
  <logger>com.ibm.ws.postinstall.cmext.ConfigManagerExtension</logger>
  <level>INFO</level>
  <class>com.ibm.ws.postinstall.cmext.ConfigManagerExtension</class>
  <method>configurationActionPreprocessor</method>
  <thread>1</thread>
  <message>altersFile attribute =  </message>
</record>
<record>
  <date>2026-01-07T06:41:09</date>
  <millis>1767768069230</millis>
  <sequence>67</sequence>
  <logger>com.ibm.ws.postinstall.cmext.ConfigManagerExtension</logger>
  <level>INFO</level>
  <class>com.ibm.ws.postinstall.cmext.ConfigManagerExtension</class>
  <method>configurationActionPreprocessor</method>
  <thread>1</thread>
  <message>action target =  install</message>
</record>
<record>
  <date>2026-01-07T06:41:09</date>
  <millis>1767768069230</millis>
  <sequence>68</sequence>
  <logger>com.ibm.ws.postinstall.cmext.ConfigManagerExtension</logger>
  <level>INFO</level>
  <class>com.ibm.ws.postinstall.cmext.ConfigManagerExtension</class>
  <method>configurationActionPreprocessor</method>
  <thread>1</thread>
  <message>permissionsProcessing =  false</message>
</record>
<record>
  <date>2026-01-07T06:41:09</date>
  <millis>1767768069230</millis>
  <sequence>69</sequence>
  <logger>com.ibm.ws.postinstall.cmext.ConfigManagerExtension</logger>
  <level>INFO</level>
  <class>com.ibm.ws.postinstall.cmext.ConfigManagerExtension</class>
  <method>configurationActionPreprocessor</method>
  <thread>1</thread>
  <message>profilePath =  null</message>
</record>
<record>
  <date>2026-01-07T06:41:09</date>
  <millis>1767768069231</millis>
  <sequence>70</sequence>
  <logger>com.ibm.ws.postinstall.cmext.ConfigManagerExtension</logger>
  <level>INFO</level>
  <class>com.ibm.ws.postinstall.cmext.ConfigManagerExtension</class>
  <method>configurationActionPreprocessor</method>
  <thread>1</thread>
  <message>management workspace =  /opt/IBM/WebSphere/AppServer/properties/workspace</message>
</record>
<record>
  <date>2026-01-07T06:41:09</date>
  <millis>1767768069231</millis>
  <sequence>71</sequence>
  <logger>com.ibm.ws.install.configmanager.actionengine.ANTAction</logger>
  <level>INFO</level>
  <class>com.ibm.ws.install.configmanager.actionengine.ANTAction</class>
  <method>executeAction</method>
  <thread>1</thread>
  <message>Using an InProcess ANT call to execute this action: /opt/IBM/WebSphere/AppServer/properties/postinstall/fixpack/actions/serverStatusFFDC.ant</message>
</record>
<record>
  <date>2026-01-07T06:41:09</date>
  <millis>1767768069231</millis>
  <sequence>72</sequence>
  <logger>com.ibm.ws.install.configmanager.actionengine.ant.utils.InProcessAntRunner</logger>
  <level>INFO</level>
  <class>com.ibm.ws.install.configmanager.actionengine.ant.utils.InProcessAntRunner</class>
  <method>logOutputMessage</method>
  <thread>1</thread>
  <message>Buildfile: /opt/IBM/WebSphere/AppServer/properties/postinstall/fixpack/actions/serverStatusFFDC.ant</message>
</record>
<record>
  <date>2026-01-07T06:41:09</date>
  <millis>1767768069232</millis>
  <sequence>73</sequence>
  <logger>com.ibm.ws.install.configmanager.actionengine.ant.utils.ANTLogToCmtLogAdapter</logger>
  <level>INFO</level>
  <class>com.ibm.ws.install.configmanager.actionengine.ant.utils.ANTLogToCmtLogAdapter</class>
  <method>buildStarted</method>
  <thread>1</thread>
  <message>Build started.</message>
</record>
<record>
  <date>2026-01-07T06:41:09</date>
  <millis>1767768069413</millis>
  <sequence>74</sequence>
  <logger>com.ibm.ws.install.configmanager.actionengine.ant.utils.ANTLogToCmtLogAdapter</logger>
  <level>WARNING</level>
  <class>com.ibm.ws.install.configmanager.actionengine.ant.utils.ANTLogToCmtLogAdapter</class>
  <method>messageLogged</method>
  <thread>1</thread>
  <message>washome=/opt/IBM/WebSphere/AppServer</message>
</record>
<record>
  <date>2026-01-07T06:41:09</date>
  <millis>1767768069415</millis>
  <sequence>75</sequence>
  <logger>com.ibm.ws.install.configmanager.actionengine.ant.utils.ANTLogToCmtLogAdapter</logger>
  <level>WARNING</level>
  <class>com.ibm.ws.install.configmanager.actionengine.ant.utils.ANTLogToCmtLogAdapter</class>
  <method>messageLogged</method>
  <thread>1</thread>
  <message>origFfdcLog=com.ibm.ffdc.log=./client_ffdc/</message>
</record>
<record>
  <date>2026-01-07T06:41:09</date>
  <millis>1767768069415</millis>
  <sequence>76</sequence>
  <logger>com.ibm.ws.install.configmanager.actionengine.ant.utils.ANTLogToCmtLogAdapter</logger>
  <level>INFO</level>
  <class>com.ibm.ws.install.configmanager.actionengine.ant.utils.ANTLogToCmtLogAdapter</class>
  <method>targetStarted</method>
  <thread>1</thread>
  <message>Target started for: detectCurrentOSFamily</message>
</record>
<record>
  <date>2026-01-07T06:41:09</date>
  <millis>1767768069426</millis>
  <sequence>77</sequence>
  <logger>com.ibm.ws.install.configmanager.actionengine.ant.utils.ANTLogToCmtLogAdapter</logger>
  <level>WARNING</level>
  <class>com.ibm.ws.install.configmanager.actionengine.ant.utils.ANTLogToCmtLogAdapter</class>
  <method>messageLogged</method>
  <thread>1</thread>
  <message>Detected current OS family to be: unix</message>
</record>
<record>
  <date>2026-01-07T06:41:09</date>
  <millis>1767768069426</millis>
  <sequence>78</sequence>
  <logger>com.ibm.ws.install.configmanager.actionengine.ant.utils.ANTLogToCmtLogAdapter</logger>
  <level>INFO</level>
  <class>com.ibm.ws.install.configmanager.actionengine.ant.utils.ANTLogToCmtLogAdapter</class>
  <method>targetFinished</method>
  <thread>1</thread>
  <message>Target stopped for: detectCurrentOSFamily - SUCCESS</message>
</record>
<record>
  <date>2026-01-07T06:41:09</date>
  <millis>1767768069426</millis>
  <sequence>79</sequence>
  <logger>com.ibm.ws.install.configmanager.actionengine.ant.utils.ANTLogToCmtLogAdapter</logger>
  <level>INFO</level>
  <class>com.ibm.ws.install.configmanager.actionengine.ant.utils.ANTLogToCmtLogAdapter</class>
  <method>targetStarted</method>
  <thread>1</thread>
  <message>Target started for: setOSFileSeparator</message>
</record>
<record>
  <date>2026-01-07T06:41:09</date>
  <millis>1767768069427</millis>
  <sequence>80</sequence>
  <logger>com.ibm.ws.install.configmanager.actionengine.ant.utils.ANTLogToCmtLogAdapter</logger>
  <level>WARNING</level>
  <class>com.ibm.ws.install.configmanager.actionengine.ant.utils.ANTLogToCmtLogAdapter</class>
  <method>messageLogged</method>
  <thread>1</thread>
  <message>Detected file separator to be: /</message>
</record>
<record>
  <date>2026-01-07T06:41:09</date>
  <millis>1767768069427</millis>
  <sequence>81</sequence>
  <logger>com.ibm.ws.install.configmanager.actionengine.ant.utils.ANTLogToCmtLogAdapter</logger>
  <level>INFO</level>
  <class>com.ibm.ws.install.configmanager.actionengine.ant.utils.ANTLogToCmtLogAdapter</class>
  <method>targetFinished</method>
  <thread>1</thread>
  <message>Target stopped for: setOSFileSeparator - SUCCESS</message>
</record>
<record>
  <date>2026-01-07T06:41:09</date>
  <millis>1767768069427</millis>
  <sequence>82</sequence>
  <logger>com.ibm.ws.install.configmanager.actionengine.ant.utils.ANTLogToCmtLogAdapter</logger>
  <level>INFO</level>
  <class>com.ibm.ws.install.configmanager.actionengine.ant.utils.ANTLogToCmtLogAdapter</class>
  <method>targetStarted</method>
  <thread>1</thread>
  <message>Target started for: setOSScriptExtension</message>
</record>
<record>
  <date>2026-01-07T06:41:09</date>
  <millis>1767768069435</millis>
  <sequence>83</sequence>
  <logger>com.ibm.ws.install.configmanager.actionengine.ant.utils.ANTLogToCmtLogAdapter</logger>
  <level>WARNING</level>
  <class>com.ibm.ws.install.configmanager.actionengine.ant.utils.ANTLogToCmtLogAdapter</class>
  <method>messageLogged</method>
  <thread>1</thread>
  <message>Detected file extension to be: .sh</message>
</record>
<record>
  <date>2026-01-07T06:41:09</date>
  <millis>1767768069435</millis>
  <sequence>84</sequence>
  <logger>com.ibm.ws.install.configmanager.actionengine.ant.utils.ANTLogToCmtLogAdapter</logger>
  <level>INFO</level>
  <class>com.ibm.ws.install.configmanager.actionengine.ant.utils.ANTLogToCmtLogAdapter</class>
  <method>targetFinished</method>
  <thread>1</thread>
  <message>Target stopped for: setOSScriptExtension - SUCCESS</message>
</record>
<record>
  <date>2026-01-07T06:41:09</date>
  <millis>1767768069435</millis>
  <sequence>85</sequence>
  <logger>com.ibm.ws.install.configmanager.actionengine.ant.utils.ANTLogToCmtLogAdapter</logger>
  <level>INFO</level>
  <class>com.ibm.ws.install.configmanager.actionengine.ant.utils.ANTLogToCmtLogAdapter</class>
  <method>targetStarted</method>
  <thread>1</thread>
  <message>Target started for: setNewFfdcLog</message>
</record>
<record>
  <date>2026-01-07T06:41:09</date>
  <millis>1767768069436</millis>
  <sequence>86</sequence>
  <logger>com.ibm.ws.install.configmanager.actionengine.ant.utils.ANTLogToCmtLogAdapter</logger>
  <level>WARNING</level>
  <class>com.ibm.ws.install.configmanager.actionengine.ant.utils.ANTLogToCmtLogAdapter</class>
  <method>messageLogged</method>
  <thread>1</thread>
  <message>Set new com.ibm.ffdc.log value to: com.ibm.ffdc.log="$FFDCLOG"</message>
</record>
<record>
  <date>2026-01-07T06:41:09</date>
  <millis>1767768069436</millis>
  <sequence>87</sequence>
  <logger>com.ibm.ws.install.configmanager.actionengine.ant.utils.ANTLogToCmtLogAdapter</logger>
  <level>INFO</level>
  <class>com.ibm.ws.install.configmanager.actionengine.ant.utils.ANTLogToCmtLogAdapter</class>
  <method>targetFinished</method>
  <thread>1</thread>
  <message>Target stopped for: setNewFfdcLog - SUCCESS</message>
</record>
<record>
  <date>2026-01-07T06:41:09</date>
  <millis>1767768069436</millis>
  <sequence>88</sequence>
  <logger>com.ibm.ws.install.configmanager.actionengine.ant.utils.ANTLogToCmtLogAdapter</logger>
  <level>INFO</level>
  <class>com.ibm.ws.install.configmanager.actionengine.ant.utils.ANTLogToCmtLogAdapter</class>
  <method>targetStarted</method>
  <thread>1</thread>
  <message>Target started for: fileExist</message>
</record>
<record>
  <date>2026-01-07T06:41:09</date>
  <millis>1767768069437</millis>
  <sequence>89</sequence>
  <logger>com.ibm.ws.install.configmanager.actionengine.ant.utils.ANTLogToCmtLogAdapter</logger>
  <level>WARNING</level>
  <class>com.ibm.ws.install.configmanager.actionengine.ant.utils.ANTLogToCmtLogAdapter</class>
  <method>messageLogged</method>
  <thread>1</thread>
  <message>thefile = /opt/IBM/WebSphere/AppServer/bin/serverStatus.sh</message>
</record>
<record>
  <date>2026-01-07T06:41:09</date>
  <millis>1767768069442</millis>
  <sequence>90</sequence>
  <logger>com.ibm.ws.install.configmanager.actionengine.ant.utils.ANTLogToCmtLogAdapter</logger>
  <level>INFO</level>
  <class>com.ibm.ws.install.configmanager.actionengine.ant.utils.ANTLogToCmtLogAdapter</class>
  <method>targetFinished</method>
  <thread>1</thread>
  <message>Target stopped for: fileExist - SUCCESS</message>
</record>
<record>
  <date>2026-01-07T06:41:09</date>
  <millis>1767768069442</millis>
  <sequence>91</sequence>
  <logger>com.ibm.ws.install.configmanager.actionengine.ant.utils.ANTLogToCmtLogAdapter</logger>
  <level>INFO</level>
  <class>com.ibm.ws.install.configmanager.actionengine.ant.utils.ANTLogToCmtLogAdapter</class>
  <method>targetStarted</method>
  <thread>1</thread>
  <message>Target started for: checkScriptOriginal</message>
</record>
<record>
  <date>2026-01-07T06:41:09</date>
  <millis>1767768069498</millis>
  <sequence>92</sequence>
  <logger>com.ibm.ws.install.configmanager.actionengine.ant.utils.ANTLogToCmtLogAdapter</logger>
  <level>WARNING</level>
  <class>com.ibm.ws.install.configmanager.actionengine.ant.utils.ANTLogToCmtLogAdapter</class>
  <method>messageLogged</method>
  <thread>1</thread>
  <message>Check script original, not updated:   -Dcom.ibm.ffdc.log=./client_ffdc/ \</message>
</record>
<record>
  <date>2026-01-07T06:41:09</date>
  <millis>1767768069499</millis>
  <sequence>93</sequence>
  <logger>com.ibm.ws.install.configmanager.actionengine.ant.utils.ANTLogToCmtLogAdapter</logger>
  <level>INFO</level>
  <class>com.ibm.ws.install.configmanager.actionengine.ant.utils.ANTLogToCmtLogAdapter</class>
  <method>targetFinished</method>
  <thread>1</thread>
  <message>Target stopped for: checkScriptOriginal - SUCCESS</message>
</record>
<record>
  <date>2026-01-07T06:41:09</date>
  <millis>1767768069499</millis>
  <sequence>94</sequence>
  <logger>com.ibm.ws.install.configmanager.actionengine.ant.utils.ANTLogToCmtLogAdapter</logger>
  <level>INFO</level>
  <class>com.ibm.ws.install.configmanager.actionengine.ant.utils.ANTLogToCmtLogAdapter</class>
  <method>targetStarted</method>
  <thread>1</thread>
  <message>Target started for: replaceLine</message>
</record>
<record>
  <date>2026-01-07T06:41:09</date>
  <millis>1767768069499</millis>
  <sequence>95</sequence>
  <logger>com.ibm.ws.install.configmanager.actionengine.ant.utils.ANTLogToCmtLogAdapter</logger>
  <level>WARNING</level>
  <class>com.ibm.ws.install.configmanager.actionengine.ant.utils.ANTLogToCmtLogAdapter</class>
  <method>messageLogged</method>
  <thread>1</thread>
  <message>inside replaceLineWin</message>
</record>
<record>
  <date>2026-01-07T06:41:09</date>
  <millis>1767768069569</millis>
  <sequence>96</sequence>
  <logger>com.ibm.ws.install.configmanager.actionengine.ant.utils.ANTLogToCmtLogAdapter</logger>
  <level>INFO</level>
  <class>com.ibm.ws.install.configmanager.actionengine.ant.utils.ANTLogToCmtLogAdapter</class>
  <method>targetFinished</method>
  <thread>1</thread>
  <message>Target stopped for: replaceLine - SUCCESS</message>
</record>
<record>
  <date>2026-01-07T06:41:09</date>
  <millis>1767768069569</millis>
  <sequence>97</sequence>
  <logger>com.ibm.ws.install.configmanager.actionengine.ant.utils.ANTLogToCmtLogAdapter</logger>
  <level>INFO</level>
  <class>com.ibm.ws.install.configmanager.actionengine.ant.utils.ANTLogToCmtLogAdapter</class>
  <method>targetStarted</method>
  <thread>1</thread>
  <message>Target started for: modifyPermissions</message>
</record>
<record>
  <date>2026-01-07T06:41:09</date>
  <millis>1767768069592</millis>
  <sequence>98</sequence>
  <logger>com.ibm.ws.install.configmanager.actionengine.ant.utils.ANTLogToCmtLogAdapter</logger>
  <level>INFO</level>
  <class>com.ibm.ws.install.configmanager.actionengine.ant.utils.ANTLogToCmtLogAdapter</class>
  <method>targetFinished</method>
  <thread>1</thread>
  <message>Target stopped for: modifyPermissions - SUCCESS</message>
</record>
<record>
  <date>2026-01-07T06:41:09</date>
  <millis>1767768069592</millis>
  <sequence>99</sequence>
  <logger>com.ibm.ws.install.configmanager.actionengine.ant.utils.ANTLogToCmtLogAdapter</logger>
  <level>INFO</level>
  <class>com.ibm.ws.install.configmanager.actionengine.ant.utils.ANTLogToCmtLogAdapter</class>
  <method>targetStarted</method>
  <thread>1</thread>
  <message>Target started for: install</message>
</record>
<record>
  <date>2026-01-07T06:41:09</date>
  <millis>1767768069592</millis>
  <sequence>100</sequence>
  <logger>com.ibm.ws.install.configmanager.actionengine.ant.utils.ANTLogToCmtLogAdapter</logger>
  <level>INFO</level>
  <class>com.ibm.ws.install.configmanager.actionengine.ant.utils.ANTLogToCmtLogAdapter</class>
  <method>targetFinished</method>
  <thread>1</thread>
  <message>Target stopped for: install - SUCCESS</message>
</record>
<record>
  <date>2026-01-07T06:41:09</date>
  <millis>1767768069592</millis>
  <sequence>101</sequence>
  <logger>com.ibm.ws.install.configmanager.actionengine.ant.utils.ANTLogToCmtLogAdapter</logger>
  <level>INFO</level>
  <class>com.ibm.ws.install.configmanager.actionengine.ant.utils.ANTLogToCmtLogAdapter</class>
  <method>buildFinished</method>
  <thread>1</thread>
  <message>Build stopped - SUCCESS</message>
</record>
<record>
  <date>2026-01-07T06:41:09</date>
  <millis>1767768069593</millis>
  <sequence>102</sequence>
  <logger>com.ibm.ws.install.configmanager.actionengine.ANTAction</logger>
  <level>INFO</level>
  <class>com.ibm.ws.install.configmanager.actionengine.ANTAction</class>
  <method>executeAction</method>
  <thread>1</thread>
  <message>Result of executing /opt/IBM/WebSphere/AppServer/properties/postinstall/fixpack/actions/serverStatusFFDC.ant was: true</message>
</record>
<record>
  <date>2026-01-07T06:41:09</date>
  <millis>1767768069593</millis>
  <sequence>103</sequence>
  <logger>com.ibm.ws.install.configmanager.ConfigManager</logger>
  <level>INFO</level>
  <class>com.ibm.ws.install.configmanager.ConfigManager</class>
  <method>executeAllActionsFound</method>
  <thread>1</thread>
  <message>Configuration action succeeded: com.ibm.ws.install.configmanager.actionengine.ConfigAction-/opt/IBM/WebSphere/AppServer/properties/postinstall/fixpack/actions/serverStatusFFDC.ant</message>
</record>
<record>
  <date>2026-01-07T06:41:09</date>
  <millis>1767768069598</millis>
  <sequence>104</sequence>
  <logger>com.ibm.ws.postinstall.cmext.ConfigManagerExtension</logger>
  <level>INFO</level>
  <class>com.ibm.ws.postinstall.cmext.ConfigManagerExtension</class>
  <method>configurationActionPreprocessor</method>
  <thread>1</thread>
  <message>preprocessing config action /opt/IBM/WebSphere/AppServer/properties/postinstall/fixpack/actions/stopNodeFFDC.ant</message>
</record>
<record>
  <date>2026-01-07T06:41:09</date>
  <millis>1767768069598</millis>
  <sequence>105</sequence>
  <logger>com.ibm.ws.postinstall.cmext.ConfigManagerExtension</logger>
  <level>INFO</level>
  <class>com.ibm.ws.postinstall.cmext.ConfigManagerExtension</class>
  <method>configurationActionPreprocessor</method>
  <thread>1</thread>
  <message>profileUpdate attribute =  false</message>
</record>
<record>
  <date>2026-01-07T06:41:09</date>
  <millis>1767768069598</millis>
  <sequence>106</sequence>
  <logger>com.ibm.ws.postinstall.cmext.ConfigManagerExtension</logger>
  <level>INFO</level>
  <class>com.ibm.ws.postinstall.cmext.ConfigManagerExtension</class>
  <method>configurationActionPreprocessor</method>
  <thread>1</thread>
  <message>alwaysExecute attribute =  false</message>
</record>
<record>
  <date>2026-01-07T06:41:09</date>
  <millis>1767768069598</millis>
  <sequence>107</sequence>
  <logger>com.ibm.ws.postinstall.cmext.ConfigManagerExtension</logger>
  <level>INFO</level>
  <class>com.ibm.ws.postinstall.cmext.ConfigManagerExtension</class>
  <method>configurationActionPreprocessor</method>
  <thread>1</thread>
  <message>altersFile attribute =  </message>
</record>
<record>
  <date>2026-01-07T06:41:09</date>
  <millis>1767768069598</millis>
  <sequence>108</sequence>
  <logger>com.ibm.ws.postinstall.cmext.ConfigManagerExtension</logger>
  <level>INFO</level>
  <class>com.ibm.ws.postinstall.cmext.ConfigManagerExtension</class>
  <method>configurationActionPreprocessor</method>
  <thread>1</thread>
  <message>action target =  install</message>
</record>
<record>
  <date>2026-01-07T06:41:09</date>
  <millis>1767768069599</millis>
  <sequence>109</sequence>
  <logger>com.ibm.ws.postinstall.cmext.ConfigManagerExtension</logger>
  <level>INFO</level>
  <class>com.ibm.ws.postinstall.cmext.ConfigManagerExtension</class>
  <method>configurationActionPreprocessor</method>
  <thread>1</thread>
  <message>permissionsProcessing =  false</message>
</record>
<record>
  <date>2026-01-07T06:41:09</date>
  <millis>1767768069599</millis>
  <sequence>110</sequence>
  <logger>com.ibm.ws.postinstall.cmext.ConfigManagerExtension</logger>
  <level>INFO</level>
  <class>com.ibm.ws.postinstall.cmext.ConfigManagerExtension</class>
  <method>configurationActionPreprocessor</method>
  <thread>1</thread>
  <message>profilePath =  null</message>
</record>
<record>
  <date>2026-01-07T06:41:09</date>
  <millis>1767768069599</millis>
  <sequence>111</sequence>
  <logger>com.ibm.ws.postinstall.cmext.ConfigManagerExtension</logger>
  <level>INFO</level>
  <class>com.ibm.ws.postinstall.cmext.ConfigManagerExtension</class>
  <method>configurationActionPreprocessor</method>
  <thread>1</thread>
  <message>management workspace =  /opt/IBM/WebSphere/AppServer/properties/workspace</message>
</record>
<record>
  <date>2026-01-07T06:41:09</date>
  <millis>1767768069600</millis>
  <sequence>112</sequence>
  <logger>com.ibm.ws.install.configmanager.actionengine.ANTAction</logger>
  <level>INFO</level>
  <class>com.ibm.ws.install.configmanager.actionengine.ANTAction</class>
  <method>executeAction</method>
  <thread>1</thread>
  <message>Using an InProcess ANT call to execute this action: /opt/IBM/WebSphere/AppServer/properties/postinstall/fixpack/actions/stopNodeFFDC.ant</message>
</record>
<record>
  <date>2026-01-07T06:41:09</date>
  <millis>1767768069600</millis>
  <sequence>113</sequence>
  <logger>com.ibm.ws.install.configmanager.actionengine.ant.utils.InProcessAntRunner</logger>
  <level>INFO</level>
  <class>com.ibm.ws.install.configmanager.actionengine.ant.utils.InProcessAntRunner</class>
  <method>logOutputMessage</method>
  <thread>1</thread>
  <message>Buildfile: /opt/IBM/WebSphere/AppServer/properties/postinstall/fixpack/actions/stopNodeFFDC.ant</message>
</record>
<record>
  <date>2026-01-07T06:41:09</date>
  <millis>1767768069606</millis>
  <sequence>114</sequence>
  <logger>com.ibm.ws.install.configmanager.actionengine.ant.utils.ANTLogToCmtLogAdapter</logger>
  <level>INFO</level>
  <class>com.ibm.ws.install.configmanager.actionengine.ant.utils.ANTLogToCmtLogAdapter</class>
  <method>buildStarted</method>
  <thread>1</thread>
  <message>Build started.</message>
</record>
<record>
  <date>2026-01-07T06:41:09</date>
  <millis>1767768069764</millis>
  <sequence>115</sequence>
  <logger>com.ibm.ws.install.configmanager.actionengine.ant.utils.ANTLogToCmtLogAdapter</logger>
  <level>WARNING</level>
  <class>com.ibm.ws.install.configmanager.actionengine.ant.utils.ANTLogToCmtLogAdapter</class>
  <method>messageLogged</method>
  <thread>1</thread>
  <message>washome=/opt/IBM/WebSphere/AppServer</message>
</record>
<record>
  <date>2026-01-07T06:41:09</date>
  <millis>1767768069769</millis>
  <sequence>116</sequence>
  <logger>com.ibm.ws.install.configmanager.actionengine.ant.utils.ANTLogToCmtLogAdapter</logger>
  <level>WARNING</level>
  <class>com.ibm.ws.install.configmanager.actionengine.ant.utils.ANTLogToCmtLogAdapter</class>
  <method>messageLogged</method>
  <thread>1</thread>
  <message>origFfdcLog=com.ibm.ffdc.log=./client_ffdc/</message>
</record>
<record>
  <date>2026-01-07T06:41:09</date>
  <millis>1767768069771</millis>
  <sequence>117</sequence>
  <logger>com.ibm.ws.install.configmanager.actionengine.ant.utils.ANTLogToCmtLogAdapter</logger>
  <level>INFO</level>
  <class>com.ibm.ws.install.configmanager.actionengine.ant.utils.ANTLogToCmtLogAdapter</class>
  <method>targetStarted</method>
  <thread>1</thread>
  <message>Target started for: detectCurrentOSFamily</message>
</record>
<record>
  <date>2026-01-07T06:41:09</date>
  <millis>1767768069798</millis>
  <sequence>118</sequence>
  <logger>com.ibm.ws.install.configmanager.actionengine.ant.utils.ANTLogToCmtLogAdapter</logger>
  <level>WARNING</level>
  <class>com.ibm.ws.install.configmanager.actionengine.ant.utils.ANTLogToCmtLogAdapter</class>
  <method>messageLogged</method>
  <thread>1</thread>
  <message>Detected current OS family to be: unix</message>
</record>
<record>
  <date>2026-01-07T06:41:09</date>
  <millis>1767768069799</millis>
  <sequence>119</sequence>
  <logger>com.ibm.ws.install.configmanager.actionengine.ant.utils.ANTLogToCmtLogAdapter</logger>
  <level>INFO</level>
  <class>com.ibm.ws.install.configmanager.actionengine.ant.utils.ANTLogToCmtLogAdapter</class>
  <method>targetFinished</method>
  <thread>1</thread>
  <message>Target stopped for: detectCurrentOSFamily - SUCCESS</message>
</record>
<record>
  <date>2026-01-07T06:41:09</date>
  <millis>1767768069799</millis>
  <sequence>120</sequence>
  <logger>com.ibm.ws.install.configmanager.actionengine.ant.utils.ANTLogToCmtLogAdapter</logger>
  <level>INFO</level>
  <class>com.ibm.ws.install.configmanager.actionengine.ant.utils.ANTLogToCmtLogAdapter</class>
  <method>targetStarted</method>
  <thread>1</thread>
  <message>Target started for: setOSFileSeparator</message>
</record>
<record>
  <date>2026-01-07T06:41:09</date>
  <millis>1767768069800</millis>
  <sequence>121</sequence>
  <logger>com.ibm.ws.install.configmanager.actionengine.ant.utils.ANTLogToCmtLogAdapter</logger>
  <level>WARNING</level>
  <class>com.ibm.ws.install.configmanager.actionengine.ant.utils.ANTLogToCmtLogAdapter</class>
  <method>messageLogged</method>
  <thread>1</thread>
  <message>Detected file separator to be: /</message>
</record>
<record>
  <date>2026-01-07T06:41:09</date>
  <millis>1767768069800</millis>
  <sequence>122</sequence>
  <logger>com.ibm.ws.install.configmanager.actionengine.ant.utils.ANTLogToCmtLogAdapter</logger>
  <level>INFO</level>
  <class>com.ibm.ws.install.configmanager.actionengine.ant.utils.ANTLogToCmtLogAdapter</class>
  <method>targetFinished</method>
  <thread>1</thread>
  <message>Target stopped for: setOSFileSeparator - SUCCESS</message>
</record>
<record>
  <date>2026-01-07T06:41:09</date>
  <millis>1767768069801</millis>
  <sequence>123</sequence>
  <logger>com.ibm.ws.install.configmanager.actionengine.ant.utils.ANTLogToCmtLogAdapter</logger>
  <level>INFO</level>
  <class>com.ibm.ws.install.configmanager.actionengine.ant.utils.ANTLogToCmtLogAdapter</class>
  <method>targetStarted</method>
  <thread>1</thread>
  <message>Target started for: setOSScriptExtension</message>
</record>
<record>
  <date>2026-01-07T06:41:09</date>
  <millis>1767768069806</millis>
  <sequence>124</sequence>
  <logger>com.ibm.ws.install.configmanager.actionengine.ant.utils.ANTLogToCmtLogAdapter</logger>
  <level>WARNING</level>
  <class>com.ibm.ws.install.configmanager.actionengine.ant.utils.ANTLogToCmtLogAdapter</class>
  <method>messageLogged</method>
  <thread>1</thread>
  <message>Detected file extension to be: .sh</message>
</record>
<record>
  <date>2026-01-07T06:41:09</date>
  <millis>1767768069806</millis>
  <sequence>125</sequence>
  <logger>com.ibm.ws.install.configmanager.actionengine.ant.utils.ANTLogToCmtLogAdapter</logger>
  <level>INFO</level>
  <class>com.ibm.ws.install.configmanager.actionengine.ant.utils.ANTLogToCmtLogAdapter</class>
  <method>targetFinished</method>
  <thread>1</thread>
  <message>Target stopped for: setOSScriptExtension - SUCCESS</message>
</record>
<record>
  <date>2026-01-07T06:41:09</date>
  <millis>1767768069807</millis>
  <sequence>126</sequence>
  <logger>com.ibm.ws.install.configmanager.actionengine.ant.utils.ANTLogToCmtLogAdapter</logger>
  <level>INFO</level>
  <class>com.ibm.ws.install.configmanager.actionengine.ant.utils.ANTLogToCmtLogAdapter</class>
  <method>targetStarted</method>
  <thread>1</thread>
  <message>Target started for: setNewFfdcLog</message>
</record>
<record>
  <date>2026-01-07T06:41:09</date>
  <millis>1767768069810</millis>
  <sequence>127</sequence>
  <logger>com.ibm.ws.install.configmanager.actionengine.ant.utils.ANTLogToCmtLogAdapter</logger>
  <level>WARNING</level>
  <class>com.ibm.ws.install.configmanager.actionengine.ant.utils.ANTLogToCmtLogAdapter</class>
  <method>messageLogged</method>
  <thread>1</thread>
  <message>Set new com.ibm.ffdc.log value to: com.ibm.ffdc.log="$FFDCLOG"</message>
</record>
<record>
  <date>2026-01-07T06:41:09</date>
  <millis>1767768069810</millis>
  <sequence>128</sequence>
  <logger>com.ibm.ws.install.configmanager.actionengine.ant.utils.ANTLogToCmtLogAdapter</logger>
  <level>INFO</level>
  <class>com.ibm.ws.install.configmanager.actionengine.ant.utils.ANTLogToCmtLogAdapter</class>
  <method>targetFinished</method>
  <thread>1</thread>
  <message>Target stopped for: setNewFfdcLog - SUCCESS</message>
</record>
<record>
  <date>2026-01-07T06:41:09</date>
  <millis>1767768069811</millis>
  <sequence>129</sequence>
  <logger>com.ibm.ws.install.configmanager.actionengine.ant.utils.ANTLogToCmtLogAdapter</logger>
  <level>INFO</level>
  <class>com.ibm.ws.install.configmanager.actionengine.ant.utils.ANTLogToCmtLogAdapter</class>
  <method>targetStarted</method>
  <thread>1</thread>
  <message>Target started for: fileExist</message>
</record>
<record>
  <date>2026-01-07T06:41:09</date>
  <millis>1767768069811</millis>
  <sequence>130</sequence>
  <logger>com.ibm.ws.install.configmanager.actionengine.ant.utils.ANTLogToCmtLogAdapter</logger>
  <level>WARNING</level>
  <class>com.ibm.ws.install.configmanager.actionengine.ant.utils.ANTLogToCmtLogAdapter</class>
  <method>messageLogged</method>
  <thread>1</thread>
  <message>thefile = /opt/IBM/WebSphere/AppServer/bin/stopNode.sh</message>
</record>
<record>
  <date>2026-01-07T06:41:09</date>
  <millis>1767768069813</millis>
  <sequence>131</sequence>
  <logger>com.ibm.ws.install.configmanager.actionengine.ant.utils.ANTLogToCmtLogAdapter</logger>
  <level>INFO</level>
  <class>com.ibm.ws.install.configmanager.actionengine.ant.utils.ANTLogToCmtLogAdapter</class>
  <method>targetFinished</method>
  <thread>1</thread>
  <message>Target stopped for: fileExist - SUCCESS</message>
</record>
<record>
  <date>2026-01-07T06:41:09</date>
  <millis>1767768069813</millis>
  <sequence>132</sequence>
  <logger>com.ibm.ws.install.configmanager.actionengine.ant.utils.ANTLogToCmtLogAdapter</logger>
  <level>INFO</level>
  <class>com.ibm.ws.install.configmanager.actionengine.ant.utils.ANTLogToCmtLogAdapter</class>
  <method>targetStarted</method>
  <thread>1</thread>
  <message>Target started for: checkScriptOriginal</message>
</record>
<record>
  <date>2026-01-07T06:41:09</date>
  <millis>1767768069844</millis>
  <sequence>133</sequence>
  <logger>com.ibm.ws.install.configmanager.actionengine.ant.utils.ANTLogToCmtLogAdapter</logger>
  <level>WARNING</level>
  <class>com.ibm.ws.install.configmanager.actionengine.ant.utils.ANTLogToCmtLogAdapter</class>
  <method>messageLogged</method>
  <thread>1</thread>
  <message>Check script original, not updated:   -Dcom.ibm.ffdc.log=./client_ffdc/ \</message>
</record>
<record>
  <date>2026-01-07T06:41:09</date>
  <millis>1767768069845</millis>
  <sequence>134</sequence>
  <logger>com.ibm.ws.install.configmanager.actionengine.ant.utils.ANTLogToCmtLogAdapter</logger>
  <level>INFO</level>
  <class>com.ibm.ws.install.configmanager.actionengine.ant.utils.ANTLogToCmtLogAdapter</class>
  <method>targetFinished</method>
  <thread>1</thread>
  <message>Target stopped for: checkScriptOriginal - SUCCESS</message>
</record>
<record>
  <date>2026-01-07T06:41:09</date>
  <millis>1767768069848</millis>
  <sequence>135</sequence>
  <logger>com.ibm.ws.install.configmanager.actionengine.ant.utils.ANTLogToCmtLogAdapter</logger>
  <level>INFO</level>
  <class>com.ibm.ws.install.configmanager.actionengine.ant.utils.ANTLogToCmtLogAdapter</class>
  <method>targetStarted</method>
  <thread>1</thread>
  <message>Target started for: replaceLine</message>
</record>
<record>
  <date>2026-01-07T06:41:09</date>
  <millis>1767768069849</millis>
  <sequence>136</sequence>
  <logger>com.ibm.ws.install.configmanager.actionengine.ant.utils.ANTLogToCmtLogAdapter</logger>
  <level>WARNING</level>
  <class>com.ibm.ws.install.configmanager.actionengine.ant.utils.ANTLogToCmtLogAdapter</class>
  <method>messageLogged</method>
  <thread>1</thread>
  <message>inside replaceLineWin</message>
</record>
<record>
  <date>2026-01-07T06:41:09</date>
  <millis>1767768069852</millis>
  <sequence>137</sequence>
  <logger>com.ibm.ws.install.configmanager.actionengine.ant.utils.ANTLogToCmtLogAdapter</logger>
  <level>INFO</level>
  <class>com.ibm.ws.install.configmanager.actionengine.ant.utils.ANTLogToCmtLogAdapter</class>
  <method>targetFinished</method>
  <thread>1</thread>
  <message>Target stopped for: replaceLine - SUCCESS</message>
</record>
<record>
  <date>2026-01-07T06:41:09</date>
  <millis>1767768069852</millis>
  <sequence>138</sequence>
  <logger>com.ibm.ws.install.configmanager.actionengine.ant.utils.ANTLogToCmtLogAdapter</logger>
  <level>INFO</level>
  <class>com.ibm.ws.install.configmanager.actionengine.ant.utils.ANTLogToCmtLogAdapter</class>
  <method>targetStarted</method>
  <thread>1</thread>
  <message>Target started for: modifyPermissions</message>
</record>
<record>
  <date>2026-01-07T06:41:09</date>
  <millis>1767768069866</millis>
  <sequence>139</sequence>
  <logger>com.ibm.ws.install.configmanager.actionengine.ant.utils.ANTLogToCmtLogAdapter</logger>
  <level>INFO</level>
  <class>com.ibm.ws.install.configmanager.actionengine.ant.utils.ANTLogToCmtLogAdapter</class>
  <method>targetFinished</method>
  <thread>1</thread>
  <message>Target stopped for: modifyPermissions - SUCCESS</message>
</record>
<record>
  <date>2026-01-07T06:41:09</date>
  <millis>1767768069866</millis>
  <sequence>140</sequence>
  <logger>com.ibm.ws.install.configmanager.actionengine.ant.utils.ANTLogToCmtLogAdapter</logger>
  <level>INFO</level>
  <class>com.ibm.ws.install.configmanager.actionengine.ant.utils.ANTLogToCmtLogAdapter</class>
  <method>targetStarted</method>
  <thread>1</thread>
  <message>Target started for: install</message>
</record>
<record>
  <date>2026-01-07T06:41:09</date>
  <millis>1767768069866</millis>
  <sequence>141</sequence>
  <logger>com.ibm.ws.install.configmanager.actionengine.ant.utils.ANTLogToCmtLogAdapter</logger>
  <level>INFO</level>
  <class>com.ibm.ws.install.configmanager.actionengine.ant.utils.ANTLogToCmtLogAdapter</class>
  <method>targetFinished</method>
  <thread>1</thread>
  <message>Target stopped for: install - SUCCESS</message>
</record>
<record>
  <date>2026-01-07T06:41:09</date>
  <millis>1767768069866</millis>
  <sequence>142</sequence>
  <logger>com.ibm.ws.install.configmanager.actionengine.ant.utils.ANTLogToCmtLogAdapter</logger>
  <level>INFO</level>
  <class>com.ibm.ws.install.configmanager.actionengine.ant.utils.ANTLogToCmtLogAdapter</class>
  <method>buildFinished</method>
  <thread>1</thread>
  <message>Build stopped - SUCCESS</message>
</record>
<record>
  <date>2026-01-07T06:41:09</date>
  <millis>1767768069869</millis>
  <sequence>143</sequence>
  <logger>com.ibm.ws.install.configmanager.actionengine.ANTAction</logger>
  <level>INFO</level>
  <class>com.ibm.ws.install.configmanager.actionengine.ANTAction</class>
  <method>executeAction</method>
  <thread>1</thread>
  <message>Result of executing /opt/IBM/WebSphere/AppServer/properties/postinstall/fixpack/actions/stopNodeFFDC.ant was: true</message>
</record>
<record>
  <date>2026-01-07T06:41:09</date>
  <millis>1767768069870</millis>
  <sequence>144</sequence>
  <logger>com.ibm.ws.install.configmanager.ConfigManager</logger>
  <level>INFO</level>
  <class>com.ibm.ws.install.configmanager.ConfigManager</class>
  <method>executeAllActionsFound</method>
  <thread>1</thread>
  <message>Configuration action succeeded: com.ibm.ws.install.configmanager.actionengine.ConfigAction-/opt/IBM/WebSphere/AppServer/properties/postinstall/fixpack/actions/stopNodeFFDC.ant</message>
</record>
<record>
  <date>2026-01-07T06:41:09</date>
  <millis>1767768069871</millis>
  <sequence>145</sequence>
  <logger>com.ibm.ws.postinstall.cmext.ConfigManagerExtension</logger>
  <level>INFO</level>
  <class>com.ibm.ws.postinstall.cmext.ConfigManagerExtension</class>
  <method>configurationActionPreprocessor</method>
  <thread>1</thread>
  <message>preprocessing config action /opt/IBM/WebSphere/AppServer/properties/postinstall/fixpack/actions/stopServerFFDC.ant</message>
</record>
<record>
  <date>2026-01-07T06:41:09</date>
  <millis>1767768069871</millis>
  <sequence>146</sequence>
  <logger>com.ibm.ws.postinstall.cmext.ConfigManagerExtension</logger>
  <level>INFO</level>
  <class>com.ibm.ws.postinstall.cmext.ConfigManagerExtension</class>
  <method>configurationActionPreprocessor</method>
  <thread>1</thread>
  <message>profileUpdate attribute =  false</message>
</record>
<record>
  <date>2026-01-07T06:41:09</date>
  <millis>1767768069871</millis>
  <sequence>147</sequence>
  <logger>com.ibm.ws.postinstall.cmext.ConfigManagerExtension</logger>
  <level>INFO</level>
  <class>com.ibm.ws.postinstall.cmext.ConfigManagerExtension</class>
  <method>configurationActionPreprocessor</method>
  <thread>1</thread>
  <message>alwaysExecute attribute =  false</message>
</record>
<record>
  <date>2026-01-07T06:41:09</date>
  <millis>1767768069871</millis>
  <sequence>148</sequence>
  <logger>com.ibm.ws.postinstall.cmext.ConfigManagerExtension</logger>
  <level>INFO</level>
  <class>com.ibm.ws.postinstall.cmext.ConfigManagerExtension</class>
  <method>configurationActionPreprocessor</method>
  <thread>1</thread>
  <message>altersFile attribute =  </message>
</record>
<record>
  <date>2026-01-07T06:41:09</date>
  <millis>1767768069871</millis>
  <sequence>149</sequence>
  <logger>com.ibm.ws.postinstall.cmext.ConfigManagerExtension</logger>
  <level>INFO</level>
  <class>com.ibm.ws.postinstall.cmext.ConfigManagerExtension</class>
  <method>configurationActionPreprocessor</method>
  <thread>1</thread>
  <message>action target =  install</message>
</record>
<record>
  <date>2026-01-07T06:41:09</date>
  <millis>1767768069871</millis>
  <sequence>150</sequence>
  <logger>com.ibm.ws.postinstall.cmext.ConfigManagerExtension</logger>
  <level>INFO</level>
  <class>com.ibm.ws.postinstall.cmext.ConfigManagerExtension</class>
  <method>configurationActionPreprocessor</method>
  <thread>1</thread>
  <message>permissionsProcessing =  false</message>
</record>
<record>
  <date>2026-01-07T06:41:09</date>
  <millis>1767768069872</millis>
  <sequence>151</sequence>
  <logger>com.ibm.ws.postinstall.cmext.ConfigManagerExtension</logger>
  <level>INFO</level>
  <class>com.ibm.ws.postinstall.cmext.ConfigManagerExtension</class>
  <method>configurationActionPreprocessor</method>
  <thread>1</thread>
  <message>profilePath =  null</message>
</record>
<record>
  <date>2026-01-07T06:41:09</date>
  <millis>1767768069872</millis>
  <sequence>152</sequence>
  <logger>com.ibm.ws.postinstall.cmext.ConfigManagerExtension</logger>
  <level>INFO</level>
  <class>com.ibm.ws.postinstall.cmext.ConfigManagerExtension</class>
  <method>configurationActionPreprocessor</method>
  <thread>1</thread>
  <message>management workspace =  /opt/IBM/WebSphere/AppServer/properties/workspace</message>
</record>
<record>
  <date>2026-01-07T06:41:09</date>
  <millis>1767768069872</millis>
  <sequence>153</sequence>
  <logger>com.ibm.ws.install.configmanager.actionengine.ANTAction</logger>
  <level>INFO</level>
  <class>com.ibm.ws.install.configmanager.actionengine.ANTAction</class>
  <method>executeAction</method>
  <thread>1</thread>
  <message>Using an InProcess ANT call to execute this action: /opt/IBM/WebSphere/AppServer/properties/postinstall/fixpack/actions/stopServerFFDC.ant</message>
</record>
<record>
  <date>2026-01-07T06:41:09</date>
  <millis>1767768069877</millis>
  <sequence>154</sequence>
  <logger>com.ibm.ws.install.configmanager.actionengine.ant.utils.InProcessAntRunner</logger>
  <level>INFO</level>
  <class>com.ibm.ws.install.configmanager.actionengine.ant.utils.InProcessAntRunner</class>
  <method>logOutputMessage</method>
  <thread>1</thread>
  <message>Buildfile: /opt/IBM/WebSphere/AppServer/properties/postinstall/fixpack/actions/stopServerFFDC.ant</message>
</record>
<record>
  <date>2026-01-07T06:41:09</date>
  <millis>1767768069878</millis>
  <sequence>155</sequence>
  <logger>com.ibm.ws.install.configmanager.actionengine.ant.utils.ANTLogToCmtLogAdapter</logger>
  <level>INFO</level>
  <class>com.ibm.ws.install.configmanager.actionengine.ant.utils.ANTLogToCmtLogAdapter</class>
  <method>buildStarted</method>
  <thread>1</thread>
  <message>Build started.</message>
</record>
<record>
  <date>2026-01-07T06:41:10</date>
  <millis>1767768070065</millis>
  <sequence>156</sequence>
  <logger>com.ibm.ws.install.configmanager.actionengine.ant.utils.ANTLogToCmtLogAdapter</logger>
  <level>WARNING</level>
  <class>com.ibm.ws.install.configmanager.actionengine.ant.utils.ANTLogToCmtLogAdapter</class>
  <method>messageLogged</method>
  <thread>1</thread>
  <message>washome=/opt/IBM/WebSphere/AppServer</message>
</record>
<record>
  <date>2026-01-07T06:41:10</date>
  <millis>1767768070067</millis>
  <sequence>157</sequence>
  <logger>com.ibm.ws.install.configmanager.actionengine.ant.utils.ANTLogToCmtLogAdapter</logger>
  <level>WARNING</level>
  <class>com.ibm.ws.install.configmanager.actionengine.ant.utils.ANTLogToCmtLogAdapter</class>
  <method>messageLogged</method>
  <thread>1</thread>
  <message>origFfdcLog=com.ibm.ffdc.log=./client_ffdc/</message>
</record>
<record>
  <date>2026-01-07T06:41:10</date>
  <millis>1767768070069</millis>
  <sequence>158</sequence>
  <logger>com.ibm.ws.install.configmanager.actionengine.ant.utils.ANTLogToCmtLogAdapter</logger>
  <level>INFO</level>
  <class>com.ibm.ws.install.configmanager.actionengine.ant.utils.ANTLogToCmtLogAdapter</class>
  <method>targetStarted</method>
  <thread>1</thread>
  <message>Target started for: detectCurrentOSFamily</message>
</record>
<record>
  <date>2026-01-07T06:41:10</date>
  <millis>1767768070087</millis>
  <sequence>159</sequence>
  <logger>com.ibm.ws.install.configmanager.actionengine.ant.utils.ANTLogToCmtLogAdapter</logger>
  <level>WARNING</level>
  <class>com.ibm.ws.install.configmanager.actionengine.ant.utils.ANTLogToCmtLogAdapter</class>
  <method>messageLogged</method>
  <thread>1</thread>
  <message>Detected current OS family to be: unix</message>
</record>
<record>
  <date>2026-01-07T06:41:10</date>
  <millis>1767768070088</millis>
  <sequence>160</sequence>
  <logger>com.ibm.ws.install.configmanager.actionengine.ant.utils.ANTLogToCmtLogAdapter</logger>
  <level>INFO</level>
  <class>com.ibm.ws.install.configmanager.actionengine.ant.utils.ANTLogToCmtLogAdapter</class>
  <method>targetFinished</method>
  <thread>1</thread>
  <message>Target stopped for: detectCurrentOSFamily - SUCCESS</message>
</record>
<record>
  <date>2026-01-07T06:41:10</date>
  <millis>1767768070088</millis>
  <sequence>161</sequence>
  <logger>com.ibm.ws.install.configmanager.actionengine.ant.utils.ANTLogToCmtLogAdapter</logger>
  <level>INFO</level>
  <class>com.ibm.ws.install.configmanager.actionengine.ant.utils.ANTLogToCmtLogAdapter</class>
  <method>targetStarted</method>
  <thread>1</thread>
  <message>Target started for: setOSFileSeparator</message>
</record>
<record>
  <date>2026-01-07T06:41:10</date>
  <millis>1767768070094</millis>
  <sequence>162</sequence>
  <logger>com.ibm.ws.install.configmanager.actionengine.ant.utils.ANTLogToCmtLogAdapter</logger>
  <level>WARNING</level>
  <class>com.ibm.ws.install.configmanager.actionengine.ant.utils.ANTLogToCmtLogAdapter</class>
  <method>messageLogged</method>
  <thread>1</thread>
  <message>Detected file separator to be: /</message>
</record>
<record>
  <date>2026-01-07T06:41:10</date>
  <millis>1767768070095</millis>
  <sequence>163</sequence>
  <logger>com.ibm.ws.install.configmanager.actionengine.ant.utils.ANTLogToCmtLogAdapter</logger>
  <level>INFO</level>
  <class>com.ibm.ws.install.configmanager.actionengine.ant.utils.ANTLogToCmtLogAdapter</class>
  <method>targetFinished</method>
  <thread>1</thread>
  <message>Target stopped for: setOSFileSeparator - SUCCESS</message>
</record>
<record>
  <date>2026-01-07T06:41:10</date>
  <millis>1767768070095</millis>
  <sequence>164</sequence>
  <logger>com.ibm.ws.install.configmanager.actionengine.ant.utils.ANTLogToCmtLogAdapter</logger>
  <level>INFO</level>
  <class>com.ibm.ws.install.configmanager.actionengine.ant.utils.ANTLogToCmtLogAdapter</class>
  <method>targetStarted</method>
  <thread>1</thread>
  <message>Target started for: setOSScriptExtension</message>
</record>
<record>
  <date>2026-01-07T06:41:10</date>
  <millis>1767768070096</millis>
  <sequence>165</sequence>
  <logger>com.ibm.ws.install.configmanager.actionengine.ant.utils.ANTLogToCmtLogAdapter</logger>
  <level>WARNING</level>
  <class>com.ibm.ws.install.configmanager.actionengine.ant.utils.ANTLogToCmtLogAdapter</class>
  <method>messageLogged</method>
  <thread>1</thread>
  <message>Detected file extension to be: .sh</message>
</record>
<record>
  <date>2026-01-07T06:41:10</date>
  <millis>1767768070097</millis>
  <sequence>166</sequence>
  <logger>com.ibm.ws.install.configmanager.actionengine.ant.utils.ANTLogToCmtLogAdapter</logger>
  <level>INFO</level>
  <class>com.ibm.ws.install.configmanager.actionengine.ant.utils.ANTLogToCmtLogAdapter</class>
  <method>targetFinished</method>
  <thread>1</thread>
  <message>Target stopped for: setOSScriptExtension - SUCCESS</message>
</record>
<record>
  <date>2026-01-07T06:41:10</date>
  <millis>1767768070097</millis>
  <sequence>167</sequence>
  <logger>com.ibm.ws.install.configmanager.actionengine.ant.utils.ANTLogToCmtLogAdapter</logger>
  <level>INFO</level>
  <class>com.ibm.ws.install.configmanager.actionengine.ant.utils.ANTLogToCmtLogAdapter</class>
  <method>targetStarted</method>
  <thread>1</thread>
  <message>Target started for: setNewFfdcLog</message>
</record>
<record>
  <date>2026-01-07T06:41:10</date>
  <millis>1767768070102</millis>
  <sequence>168</sequence>
  <logger>com.ibm.ws.install.configmanager.actionengine.ant.utils.ANTLogToCmtLogAdapter</logger>
  <level>WARNING</level>
  <class>com.ibm.ws.install.configmanager.actionengine.ant.utils.ANTLogToCmtLogAdapter</class>
  <method>messageLogged</method>
  <thread>1</thread>
  <message>Set new com.ibm.ffdc.log value to: com.ibm.ffdc.log="$FFDCLOG"</message>
</record>
<record>
  <date>2026-01-07T06:41:10</date>
  <millis>1767768070102</millis>
  <sequence>169</sequence>
  <logger>com.ibm.ws.install.configmanager.actionengine.ant.utils.ANTLogToCmtLogAdapter</logger>
  <level>INFO</level>
  <class>com.ibm.ws.install.configmanager.actionengine.ant.utils.ANTLogToCmtLogAdapter</class>
  <method>targetFinished</method>
  <thread>1</thread>
  <message>Target stopped for: setNewFfdcLog - SUCCESS</message>
</record>
<record>
  <date>2026-01-07T06:41:10</date>
  <millis>1767768070102</millis>
  <sequence>170</sequence>
  <logger>com.ibm.ws.install.configmanager.actionengine.ant.utils.ANTLogToCmtLogAdapter</logger>
  <level>INFO</level>
  <class>com.ibm.ws.install.configmanager.actionengine.ant.utils.ANTLogToCmtLogAdapter</class>
  <method>targetStarted</method>
  <thread>1</thread>
  <message>Target started for: fileExist</message>
</record>
<record>
  <date>2026-01-07T06:41:10</date>
  <millis>1767768070103</millis>
  <sequence>171</sequence>
  <logger>com.ibm.ws.install.configmanager.actionengine.ant.utils.ANTLogToCmtLogAdapter</logger>
  <level>WARNING</level>
  <class>com.ibm.ws.install.configmanager.actionengine.ant.utils.ANTLogToCmtLogAdapter</class>
  <method>messageLogged</method>
  <thread>1</thread>
  <message>thefile = /opt/IBM/WebSphere/AppServer/bin/stopServer.sh</message>
</record>
<record>
  <date>2026-01-07T06:41:10</date>
  <millis>1767768070107</millis>
  <sequence>172</sequence>
  <logger>com.ibm.ws.install.configmanager.actionengine.ant.utils.ANTLogToCmtLogAdapter</logger>
  <level>INFO</level>
  <class>com.ibm.ws.install.configmanager.actionengine.ant.utils.ANTLogToCmtLogAdapter</class>
  <method>targetFinished</method>
  <thread>1</thread>
  <message>Target stopped for: fileExist - SUCCESS</message>
</record>
<record>
  <date>2026-01-07T06:41:10</date>
  <millis>1767768070107</millis>
  <sequence>173</sequence>
  <logger>com.ibm.ws.install.configmanager.actionengine.ant.utils.ANTLogToCmtLogAdapter</logger>
  <level>INFO</level>
  <class>com.ibm.ws.install.configmanager.actionengine.ant.utils.ANTLogToCmtLogAdapter</class>
  <method>targetStarted</method>
  <thread>1</thread>
  <message>Target started for: checkScriptOriginal</message>
</record>
<record>
  <date>2026-01-07T06:41:10</date>
  <millis>1767768070141</millis>
  <sequence>174</sequence>
  <logger>com.ibm.ws.install.configmanager.actionengine.ant.utils.ANTLogToCmtLogAdapter</logger>
  <level>WARNING</level>
  <class>com.ibm.ws.install.configmanager.actionengine.ant.utils.ANTLogToCmtLogAdapter</class>
  <method>messageLogged</method>
  <thread>1</thread>
  <message>Check script original, not updated:   -Dcom.ibm.ffdc.log=./client_ffdc/ \</message>
</record>
<record>
  <date>2026-01-07T06:41:10</date>
  <millis>1767768070142</millis>
  <sequence>175</sequence>
  <logger>com.ibm.ws.install.configmanager.actionengine.ant.utils.ANTLogToCmtLogAdapter</logger>
  <level>INFO</level>
  <class>com.ibm.ws.install.configmanager.actionengine.ant.utils.ANTLogToCmtLogAdapter</class>
  <method>targetFinished</method>
  <thread>1</thread>
  <message>Target stopped for: checkScriptOriginal - SUCCESS</message>
</record>
<record>
  <date>2026-01-07T06:41:10</date>
  <millis>1767768070142</millis>
  <sequence>176</sequence>
  <logger>com.ibm.ws.install.configmanager.actionengine.ant.utils.ANTLogToCmtLogAdapter</logger>
  <level>INFO</level>
  <class>com.ibm.ws.install.configmanager.actionengine.ant.utils.ANTLogToCmtLogAdapter</class>
  <method>targetStarted</method>
  <thread>1</thread>
  <message>Target started for: replaceLine</message>
</record>
<record>
  <date>2026-01-07T06:41:10</date>
  <millis>1767768070142</millis>
  <sequence>177</sequence>
  <logger>com.ibm.ws.install.configmanager.actionengine.ant.utils.ANTLogToCmtLogAdapter</logger>
  <level>WARNING</level>
  <class>com.ibm.ws.install.configmanager.actionengine.ant.utils.ANTLogToCmtLogAdapter</class>
  <method>messageLogged</method>
  <thread>1</thread>
  <message>inside replaceLineWin</message>
</record>
<record>
  <date>2026-01-07T06:41:10</date>
  <millis>1767768070144</millis>
  <sequence>178</sequence>
  <logger>com.ibm.ws.install.configmanager.actionengine.ant.utils.ANTLogToCmtLogAdapter</logger>
  <level>INFO</level>
  <class>com.ibm.ws.install.configmanager.actionengine.ant.utils.ANTLogToCmtLogAdapter</class>
  <method>targetFinished</method>
  <thread>1</thread>
  <message>Target stopped for: replaceLine - SUCCESS</message>
</record>
<record>
  <date>2026-01-07T06:41:10</date>
  <millis>1767768070144</millis>
  <sequence>179</sequence>
  <logger>com.ibm.ws.install.configmanager.actionengine.ant.utils.ANTLogToCmtLogAdapter</logger>
  <level>INFO</level>
  <class>com.ibm.ws.install.configmanager.actionengine.ant.utils.ANTLogToCmtLogAdapter</class>
  <method>targetStarted</method>
  <thread>1</thread>
  <message>Target started for: modifyPermissions</message>
</record>
<record>
  <date>2026-01-07T06:41:10</date>
  <millis>1767768070150</millis>
  <sequence>180</sequence>
  <logger>com.ibm.ws.install.configmanager.actionengine.ant.utils.ANTLogToCmtLogAdapter</logger>
  <level>INFO</level>
  <class>com.ibm.ws.install.configmanager.actionengine.ant.utils.ANTLogToCmtLogAdapter</class>
  <method>targetFinished</method>
  <thread>1</thread>
  <message>Target stopped for: modifyPermissions - SUCCESS</message>
</record>
<record>
  <date>2026-01-07T06:41:10</date>
  <millis>1767768070151</millis>
  <sequence>181</sequence>
  <logger>com.ibm.ws.install.configmanager.actionengine.ant.utils.ANTLogToCmtLogAdapter</logger>
  <level>INFO</level>
  <class>com.ibm.ws.install.configmanager.actionengine.ant.utils.ANTLogToCmtLogAdapter</class>
  <method>targetStarted</method>
  <thread>1</thread>
  <message>Target started for: install</message>
</record>
<record>
  <date>2026-01-07T06:41:10</date>
  <millis>1767768070151</millis>
  <sequence>182</sequence>
  <logger>com.ibm.ws.install.configmanager.actionengine.ant.utils.ANTLogToCmtLogAdapter</logger>
  <level>INFO</level>
  <class>com.ibm.ws.install.configmanager.actionengine.ant.utils.ANTLogToCmtLogAdapter</class>
  <method>targetFinished</method>
  <thread>1</thread>
  <message>Target stopped for: install - SUCCESS</message>
</record>
<record>
  <date>2026-01-07T06:41:10</date>
  <millis>1767768070151</millis>
  <sequence>183</sequence>
  <logger>com.ibm.ws.install.configmanager.actionengine.ant.utils.ANTLogToCmtLogAdapter</logger>
  <level>INFO</level>
  <class>com.ibm.ws.install.configmanager.actionengine.ant.utils.ANTLogToCmtLogAdapter</class>
  <method>buildFinished</method>
  <thread>1</thread>
  <message>Build stopped - SUCCESS</message>
</record>
<record>
  <date>2026-01-07T06:41:10</date>
  <millis>1767768070151</millis>
  <sequence>184</sequence>
  <logger>com.ibm.ws.install.configmanager.actionengine.ANTAction</logger>
  <level>INFO</level>
  <class>com.ibm.ws.install.configmanager.actionengine.ANTAction</class>
  <method>executeAction</method>
  <thread>1</thread>
  <message>Result of executing /opt/IBM/WebSphere/AppServer/properties/postinstall/fixpack/actions/stopServerFFDC.ant was: true</message>
</record>
<record>
  <date>2026-01-07T06:41:10</date>
  <millis>1767768070151</millis>
  <sequence>185</sequence>
  <logger>com.ibm.ws.install.configmanager.ConfigManager</logger>
  <level>INFO</level>
  <class>com.ibm.ws.install.configmanager.ConfigManager</class>
  <method>executeAllActionsFound</method>
  <thread>1</thread>
  <message>Configuration action succeeded: com.ibm.ws.install.configmanager.actionengine.ConfigAction-/opt/IBM/WebSphere/AppServer/properties/postinstall/fixpack/actions/stopServerFFDC.ant</message>
</record>
<record>
  <date>2026-01-07T06:41:10</date>
  <millis>1767768070152</millis>
  <sequence>186</sequence>
  <logger>com.ibm.ws.postinstall.cmext.ConfigManagerExtension</logger>
  <level>INFO</level>
  <class>com.ibm.ws.postinstall.cmext.ConfigManagerExtension</class>
  <method>configurationActionPreprocessor</method>
  <thread>1</thread>
  <message>preprocessing config action /opt/IBM/WebSphere/AppServer/properties/postinstall/fixpack/actions/AddCMSProperty.ant</message>
</record>
<record>
  <date>2026-01-07T06:41:10</date>
  <millis>1767768070152</millis>
  <sequence>187</sequence>
  <logger>com.ibm.ws.postinstall.cmext.ConfigManagerExtension</logger>
  <level>INFO</level>
  <class>com.ibm.ws.postinstall.cmext.ConfigManagerExtension</class>
  <method>configurationActionPreprocessor</method>
  <thread>1</thread>
  <message>profileUpdate attribute =  false</message>
</record>
<record>
  <date>2026-01-07T06:41:10</date>
  <millis>1767768070152</millis>
  <sequence>188</sequence>
  <logger>com.ibm.ws.postinstall.cmext.ConfigManagerExtension</logger>
  <level>INFO</level>
  <class>com.ibm.ws.postinstall.cmext.ConfigManagerExtension</class>
  <method>configurationActionPreprocessor</method>
  <thread>1</thread>
  <message>alwaysExecute attribute =  false</message>
</record>
<record>
  <date>2026-01-07T06:41:10</date>
  <millis>1767768070152</millis>
  <sequence>189</sequence>
  <logger>com.ibm.ws.postinstall.cmext.ConfigManagerExtension</logger>
  <level>INFO</level>
  <class>com.ibm.ws.postinstall.cmext.ConfigManagerExtension</class>
  <method>configurationActionPreprocessor</method>
  <thread>1</thread>
  <message>altersFile attribute =  </message>
</record>
<record>
  <date>2026-01-07T06:41:10</date>
  <millis>1767768070152</millis>
  <sequence>190</sequence>
  <logger>com.ibm.ws.postinstall.cmext.ConfigManagerExtension</logger>
  <level>INFO</level>
  <class>com.ibm.ws.postinstall.cmext.ConfigManagerExtension</class>
  <method>configurationActionPreprocessor</method>
  <thread>1</thread>
  <message>action target =  install</message>
</record>
<record>
  <date>2026-01-07T06:41:10</date>
  <millis>1767768070152</millis>
  <sequence>191</sequence>
  <logger>com.ibm.ws.postinstall.cmext.ConfigManagerExtension</logger>
  <level>INFO</level>
  <class>com.ibm.ws.postinstall.cmext.ConfigManagerExtension</class>
  <method>configurationActionPreprocessor</method>
  <thread>1</thread>
  <message>permissionsProcessing =  false</message>
</record>
<record>
  <date>2026-01-07T06:41:10</date>
  <millis>1767768070152</millis>
  <sequence>192</sequence>
  <logger>com.ibm.ws.postinstall.cmext.ConfigManagerExtension</logger>
  <level>INFO</level>
  <class>com.ibm.ws.postinstall.cmext.ConfigManagerExtension</class>
  <method>configurationActionPreprocessor</method>
  <thread>1</thread>
  <message>profilePath =  null</message>
</record>
<record>
  <date>2026-01-07T06:41:10</date>
  <millis>1767768070152</millis>
  <sequence>193</sequence>
  <logger>com.ibm.ws.postinstall.cmext.ConfigManagerExtension</logger>
  <level>INFO</level>
  <class>com.ibm.ws.postinstall.cmext.ConfigManagerExtension</class>
  <method>configurationActionPreprocessor</method>
  <thread>1</thread>
  <message>management workspace =  /opt/IBM/WebSphere/AppServer/properties/workspace</message>
</record>
<record>
  <date>2026-01-07T06:41:10</date>
  <millis>1767768070152</millis>
  <sequence>194</sequence>
  <logger>com.ibm.ws.install.configmanager.actionengine.ANTAction</logger>
  <level>INFO</level>
  <class>com.ibm.ws.install.configmanager.actionengine.ANTAction</class>
  <method>executeAction</method>
  <thread>1</thread>
  <message>Using an InProcess ANT call to execute this action: /opt/IBM/WebSphere/AppServer/properties/postinstall/fixpack/actions/AddCMSProperty.ant</message>
</record>
<record>
  <date>2026-01-07T06:41:10</date>
  <millis>1767768070153</millis>
  <sequence>195</sequence>
  <logger>com.ibm.ws.install.configmanager.actionengine.ant.utils.InProcessAntRunner</logger>
  <level>INFO</level>
  <class>com.ibm.ws.install.configmanager.actionengine.ant.utils.InProcessAntRunner</class>
  <method>logOutputMessage</method>
  <thread>1</thread>
  <message>Buildfile: /opt/IBM/WebSphere/AppServer/properties/postinstall/fixpack/actions/AddCMSProperty.ant</message>
</record>
<record>
  <date>2026-01-07T06:41:10</date>
  <millis>1767768070153</millis>
  <sequence>196</sequence>
  <logger>com.ibm.ws.install.configmanager.actionengine.ant.utils.ANTLogToCmtLogAdapter</logger>
  <level>INFO</level>
  <class>com.ibm.ws.install.configmanager.actionengine.ant.utils.ANTLogToCmtLogAdapter</class>
  <method>buildStarted</method>
  <thread>1</thread>
  <message>Build started.</message>
</record>
<record>
  <date>2026-01-07T06:41:10</date>
  <millis>1767768070255</millis>
  <sequence>197</sequence>
  <logger>com.ibm.ws.install.configmanager.actionengine.ant.utils.ANTLogToCmtLogAdapter</logger>
  <level>INFO</level>
  <class>com.ibm.ws.install.configmanager.actionengine.ant.utils.ANTLogToCmtLogAdapter</class>
  <method>targetStarted</method>
  <thread>1</thread>
  <message>Target started for: detectCurrentOSFamily</message>
</record>
<record>
  <date>2026-01-07T06:41:10</date>
  <millis>1767768070260</millis>
  <sequence>198</sequence>
  <logger>com.ibm.ws.install.configmanager.actionengine.ant.utils.ANTLogToCmtLogAdapter</logger>
  <level>WARNING</level>
  <class>com.ibm.ws.install.configmanager.actionengine.ant.utils.ANTLogToCmtLogAdapter</class>
  <method>messageLogged</method>
  <thread>1</thread>
  <message>Detected current OS family to be: unix</message>
</record>
<record>
  <date>2026-01-07T06:41:10</date>
  <millis>1767768070266</millis>
  <sequence>199</sequence>
  <logger>com.ibm.ws.install.configmanager.actionengine.ant.utils.AntTaskToLogToConfigManagersLogFiles</logger>
  <level>INFO</level>
  <class>/opt/IBM/WebSphere/AppServer/properties/postinstall/fixpack/actions/AddCMSProperty.ant:28: </class>
  <method>detectCurrentOSFamily</method>
  <thread>1</thread>
  <message>Detected current OS family to be: unix</message>
</record>
<record>
  <date>2026-01-07T06:41:10</date>
  <millis>1767768070266</millis>
  <sequence>200</sequence>
  <logger>com.ibm.ws.install.configmanager.actionengine.ant.utils.ANTLogToCmtLogAdapter</logger>
  <level>INFO</level>
  <class>com.ibm.ws.install.configmanager.actionengine.ant.utils.ANTLogToCmtLogAdapter</class>
  <method>targetFinished</method>
  <thread>1</thread>
  <message>Target stopped for: detectCurrentOSFamily - SUCCESS</message>
</record>
<record>
  <date>2026-01-07T06:41:10</date>
  <millis>1767768070266</millis>
  <sequence>201</sequence>
  <logger>com.ibm.ws.install.configmanager.actionengine.ant.utils.ANTLogToCmtLogAdapter</logger>
  <level>INFO</level>
  <class>com.ibm.ws.install.configmanager.actionengine.ant.utils.ANTLogToCmtLogAdapter</class>
  <method>targetStarted</method>
  <thread>1</thread>
  <message>Target started for: setOSFileSeparator</message>
</record>
<record>
  <date>2026-01-07T06:41:10</date>
  <millis>1767768070267</millis>
  <sequence>202</sequence>
  <logger>com.ibm.ws.install.configmanager.actionengine.ant.utils.ANTLogToCmtLogAdapter</logger>
  <level>INFO</level>
  <class>com.ibm.ws.install.configmanager.actionengine.ant.utils.ANTLogToCmtLogAdapter</class>
  <method>targetFinished</method>
  <thread>1</thread>
  <message>Target stopped for: setOSFileSeparator - SUCCESS</message>
</record>
<record>
  <date>2026-01-07T06:41:10</date>
  <millis>1767768070268</millis>
  <sequence>203</sequence>
  <logger>com.ibm.ws.install.configmanager.actionengine.ant.utils.ANTLogToCmtLogAdapter</logger>
  <level>INFO</level>
  <class>com.ibm.ws.install.configmanager.actionengine.ant.utils.ANTLogToCmtLogAdapter</class>
  <method>targetStarted</method>
  <thread>1</thread>
  <message>Target started for: defineOSSpecificConfigFlag</message>
</record>
<record>
  <date>2026-01-07T06:41:10</date>
  <millis>1767768070276</millis>
  <sequence>204</sequence>
  <logger>com.ibm.ws.install.configmanager.actionengine.ant.utils.ANTLogToCmtLogAdapter</logger>
  <level>INFO</level>
  <class>com.ibm.ws.install.configmanager.actionengine.ant.utils.ANTLogToCmtLogAdapter</class>
  <method>targetFinished</method>
  <thread>1</thread>
  <message>Target stopped for: defineOSSpecificConfigFlag - SUCCESS</message>
</record>
<record>
  <date>2026-01-07T06:41:10</date>
  <millis>1767768070276</millis>
  <sequence>205</sequence>
  <logger>com.ibm.ws.install.configmanager.actionengine.ant.utils.ANTLogToCmtLogAdapter</logger>
  <level>INFO</level>
  <class>com.ibm.ws.install.configmanager.actionengine.ant.utils.ANTLogToCmtLogAdapter</class>
  <method>targetStarted</method>
  <thread>1</thread>
  <message>Target started for: checkCmsPropertyExistsWindows</message>
</record>
<record>
  <date>2026-01-07T06:41:10</date>
  <millis>1767768070276</millis>
  <sequence>206</sequence>
  <logger>com.ibm.ws.install.configmanager.actionengine.ant.utils.ANTLogToCmtLogAdapter</logger>
  <level>INFO</level>
  <class>com.ibm.ws.install.configmanager.actionengine.ant.utils.ANTLogToCmtLogAdapter</class>
  <method>targetFinished</method>
  <thread>1</thread>
  <message>Target stopped for: checkCmsPropertyExistsWindows - SUCCESS</message>
</record>
<record>
  <date>2026-01-07T06:41:10</date>
  <millis>1767768070276</millis>
  <sequence>207</sequence>
  <logger>com.ibm.ws.install.configmanager.actionengine.ant.utils.ANTLogToCmtLogAdapter</logger>
  <level>INFO</level>
  <class>com.ibm.ws.install.configmanager.actionengine.ant.utils.ANTLogToCmtLogAdapter</class>
  <method>targetStarted</method>
  <thread>1</thread>
  <message>Target started for: AddCMSPropWindows</message>
</record>
<record>
  <date>2026-01-07T06:41:10</date>
  <millis>1767768070276</millis>
  <sequence>208</sequence>
  <logger>com.ibm.ws.install.configmanager.actionengine.ant.utils.ANTLogToCmtLogAdapter</logger>
  <level>INFO</level>
  <class>com.ibm.ws.install.configmanager.actionengine.ant.utils.ANTLogToCmtLogAdapter</class>
  <method>targetFinished</method>
  <thread>1</thread>
  <message>Target stopped for: AddCMSPropWindows - SUCCESS</message>
</record>
<record>
  <date>2026-01-07T06:41:10</date>
  <millis>1767768070276</millis>
  <sequence>209</sequence>
  <logger>com.ibm.ws.install.configmanager.actionengine.ant.utils.ANTLogToCmtLogAdapter</logger>
  <level>INFO</level>
  <class>com.ibm.ws.install.configmanager.actionengine.ant.utils.ANTLogToCmtLogAdapter</class>
  <method>targetStarted</method>
  <thread>1</thread>
  <message>Target started for: checkCmsPropertyExistsUNIX</message>
</record>
<record>
  <date>2026-01-07T06:41:10</date>
  <millis>1767768070294</millis>
  <sequence>210</sequence>
  <logger>com.ibm.ws.install.configmanager.actionengine.ant.utils.ANTLogToCmtLogAdapter</logger>
  <level>WARNING</level>
  <class>com.ibm.ws.install.configmanager.actionengine.ant.utils.ANTLogToCmtLogAdapter</class>
  <method>messageLogged</method>
  <thread>1</thread>
  <message>Check script updated: ${scriptUpdatedUNIX}</message>
</record>
<record>
  <date>2026-01-07T06:41:10</date>
  <millis>1767768070295</millis>
  <sequence>211</sequence>
  <logger>com.ibm.ws.install.configmanager.actionengine.ant.utils.ANTLogToCmtLogAdapter</logger>
  <level>INFO</level>
  <class>com.ibm.ws.install.configmanager.actionengine.ant.utils.ANTLogToCmtLogAdapter</class>
  <method>targetFinished</method>
  <thread>1</thread>
  <message>Target stopped for: checkCmsPropertyExistsUNIX - SUCCESS</message>
</record>
<record>
  <date>2026-01-07T06:41:10</date>
  <millis>1767768070295</millis>
  <sequence>212</sequence>
  <logger>com.ibm.ws.install.configmanager.actionengine.ant.utils.ANTLogToCmtLogAdapter</logger>
  <level>INFO</level>
  <class>com.ibm.ws.install.configmanager.actionengine.ant.utils.ANTLogToCmtLogAdapter</class>
  <method>targetStarted</method>
  <thread>1</thread>
  <message>Target started for: AddCMSPropUNIX</message>
</record>
<record>
  <date>2026-01-07T06:41:10</date>
  <millis>1767768070335</millis>
  <sequence>213</sequence>
  <logger>com.ibm.ws.install.configmanager.actionengine.ant.utils.ANTLogToCmtLogAdapter</logger>
  <level>INFO</level>
  <class>com.ibm.ws.install.configmanager.actionengine.ant.utils.ANTLogToCmtLogAdapter</class>
  <method>targetStarted</method>
  <thread>1</thread>
  <message>Target started for: replaceAllInstancesOfGivenTokenWithGivenValueForTheGivenFile</message>
</record>
<record>
  <date>2026-01-07T06:41:10</date>
  <millis>1767768070337</millis>
  <sequence>214</sequence>
  <logger>com.ibm.ws.install.configmanager.actionengine.ant.utils.ANTLogToCmtLogAdapter</logger>
  <level>INFO</level>
  <class>com.ibm.ws.install.configmanager.actionengine.ant.utils.ANTLogToCmtLogAdapter</class>
  <method>targetFinished</method>
  <thread>1</thread>
  <message>Target stopped for: replaceAllInstancesOfGivenTokenWithGivenValueForTheGivenFile - SUCCESS</message>
</record>
<record>
  <date>2026-01-07T06:41:10</date>
  <millis>1767768070337</millis>
  <sequence>215</sequence>
  <logger>com.ibm.ws.install.configmanager.actionengine.ant.utils.ANTLogToCmtLogAdapter</logger>
  <level>INFO</level>
  <class>com.ibm.ws.install.configmanager.actionengine.ant.utils.ANTLogToCmtLogAdapter</class>
  <method>targetFinished</method>
  <thread>1</thread>
  <message>Target stopped for: AddCMSPropUNIX - SUCCESS</message>
</record>
<record>
  <date>2026-01-07T06:41:10</date>
  <millis>1767768070337</millis>
  <sequence>216</sequence>
  <logger>com.ibm.ws.install.configmanager.actionengine.ant.utils.ANTLogToCmtLogAdapter</logger>
  <level>INFO</level>
  <class>com.ibm.ws.install.configmanager.actionengine.ant.utils.ANTLogToCmtLogAdapter</class>
  <method>targetStarted</method>
  <thread>1</thread>
  <message>Target started for: checkCmsPropertyExistsZOS</message>
</record>
<record>
  <date>2026-01-07T06:41:10</date>
  <millis>1767768070337</millis>
  <sequence>217</sequence>
  <logger>com.ibm.ws.install.configmanager.actionengine.ant.utils.ANTLogToCmtLogAdapter</logger>
  <level>INFO</level>
  <class>com.ibm.ws.install.configmanager.actionengine.ant.utils.ANTLogToCmtLogAdapter</class>
  <method>targetFinished</method>
  <thread>1</thread>
  <message>Target stopped for: checkCmsPropertyExistsZOS - SUCCESS</message>
</record>
<record>
  <date>2026-01-07T06:41:10</date>
  <millis>1767768070337</millis>
  <sequence>218</sequence>
  <logger>com.ibm.ws.install.configmanager.actionengine.ant.utils.ANTLogToCmtLogAdapter</logger>
  <level>INFO</level>
  <class>com.ibm.ws.install.configmanager.actionengine.ant.utils.ANTLogToCmtLogAdapter</class>
  <method>targetStarted</method>
  <thread>1</thread>
  <message>Target started for: AddCMSPropZOS</message>
</record>
<record>
  <date>2026-01-07T06:41:10</date>
  <millis>1767768070337</millis>
  <sequence>219</sequence>
  <logger>com.ibm.ws.install.configmanager.actionengine.ant.utils.ANTLogToCmtLogAdapter</logger>
  <level>INFO</level>
  <class>com.ibm.ws.install.configmanager.actionengine.ant.utils.ANTLogToCmtLogAdapter</class>
  <method>targetFinished</method>
  <thread>1</thread>
  <message>Target stopped for: AddCMSPropZOS - SUCCESS</message>
</record>
<record>
  <date>2026-01-07T06:41:10</date>
  <millis>1767768070337</millis>
  <sequence>220</sequence>
  <logger>com.ibm.ws.install.configmanager.actionengine.ant.utils.ANTLogToCmtLogAdapter</logger>
  <level>INFO</level>
  <class>com.ibm.ws.install.configmanager.actionengine.ant.utils.ANTLogToCmtLogAdapter</class>
  <method>targetStarted</method>
  <thread>1</thread>
  <message>Target started for: install</message>
</record>
<record>
  <date>2026-01-07T06:41:10</date>
  <millis>1767768070337</millis>
  <sequence>221</sequence>
  <logger>com.ibm.ws.install.configmanager.actionengine.ant.utils.ANTLogToCmtLogAdapter</logger>
  <level>INFO</level>
  <class>com.ibm.ws.install.configmanager.actionengine.ant.utils.ANTLogToCmtLogAdapter</class>
  <method>targetFinished</method>
  <thread>1</thread>
  <message>Target stopped for: install - SUCCESS</message>
</record>
<record>
  <date>2026-01-07T06:41:10</date>
  <millis>1767768070337</millis>
  <sequence>222</sequence>
  <logger>com.ibm.ws.install.configmanager.actionengine.ant.utils.ANTLogToCmtLogAdapter</logger>
  <level>INFO</level>
  <class>com.ibm.ws.install.configmanager.actionengine.ant.utils.ANTLogToCmtLogAdapter</class>
  <method>buildFinished</method>
  <thread>1</thread>
  <message>Build stopped - SUCCESS</message>
</record>
<record>
  <date>2026-01-07T06:41:10</date>
  <millis>1767768070337</millis>
  <sequence>223</sequence>
  <logger>com.ibm.ws.install.configmanager.actionengine.ANTAction</logger>
  <level>INFO</level>
  <class>com.ibm.ws.install.configmanager.actionengine.ANTAction</class>
  <method>executeAction</method>
  <thread>1</thread>
  <message>Result of executing /opt/IBM/WebSphere/AppServer/properties/postinstall/fixpack/actions/AddCMSProperty.ant was: true</message>
</record>
<record>
  <date>2026-01-07T06:41:10</date>
  <millis>1767768070337</millis>
  <sequence>224</sequence>
  <logger>com.ibm.ws.install.configmanager.ConfigManager</logger>
  <level>INFO</level>
  <class>com.ibm.ws.install.configmanager.ConfigManager</class>
  <method>executeAllActionsFound</method>
  <thread>1</thread>
  <message>Configuration action succeeded: com.ibm.ws.install.configmanager.actionengine.ConfigAction-/opt/IBM/WebSphere/AppServer/properties/postinstall/fixpack/actions/AddCMSProperty.ant</message>
</record>
<record>
  <date>2026-01-07T06:41:10</date>
  <millis>1767768070338</millis>
  <sequence>225</sequence>
  <logger>com.ibm.ws.postinstall.cmext.ConfigManagerExtension</logger>
  <level>INFO</level>
  <class>com.ibm.ws.postinstall.cmext.ConfigManagerExtension</class>
  <method>configurationActionPreprocessor</method>
  <thread>1</thread>
  <message>preprocessing config action /opt/IBM/WebSphere/AppServer/properties/postinstall/fixpack/actions/addManagesdkUserInstallRoot.ant</message>
</record>
<record>
  <date>2026-01-07T06:41:10</date>
  <millis>1767768070338</millis>
  <sequence>226</sequence>
  <logger>com.ibm.ws.postinstall.cmext.ConfigManagerExtension</logger>
  <level>INFO</level>
  <class>com.ibm.ws.postinstall.cmext.ConfigManagerExtension</class>
  <method>configurationActionPreprocessor</method>
  <thread>1</thread>
  <message>profileUpdate attribute =  false</message>
</record>
<record>
  <date>2026-01-07T06:41:10</date>
  <millis>1767768070338</millis>
  <sequence>227</sequence>
  <logger>com.ibm.ws.postinstall.cmext.ConfigManagerExtension</logger>
  <level>INFO</level>
  <class>com.ibm.ws.postinstall.cmext.ConfigManagerExtension</class>
  <method>configurationActionPreprocessor</method>
  <thread>1</thread>
  <message>alwaysExecute attribute =  false</message>
</record>
<record>
  <date>2026-01-07T06:41:10</date>
  <millis>1767768070338</millis>
  <sequence>228</sequence>
  <logger>com.ibm.ws.postinstall.cmext.ConfigManagerExtension</logger>
  <level>INFO</level>
  <class>com.ibm.ws.postinstall.cmext.ConfigManagerExtension</class>
  <method>configurationActionPreprocessor</method>
  <thread>1</thread>
  <message>altersFile attribute =  </message>
</record>
<record>
  <date>2026-01-07T06:41:10</date>
  <millis>1767768070338</millis>
  <sequence>229</sequence>
  <logger>com.ibm.ws.postinstall.cmext.ConfigManagerExtension</logger>
  <level>INFO</level>
  <class>com.ibm.ws.postinstall.cmext.ConfigManagerExtension</class>
  <method>configurationActionPreprocessor</method>
  <thread>1</thread>
  <message>action target =  install</message>
</record>
<record>
  <date>2026-01-07T06:41:10</date>
  <millis>1767768070338</millis>
  <sequence>230</sequence>
  <logger>com.ibm.ws.postinstall.cmext.ConfigManagerExtension</logger>
  <level>INFO</level>
  <class>com.ibm.ws.postinstall.cmext.ConfigManagerExtension</class>
  <method>configurationActionPreprocessor</method>
  <thread>1</thread>
  <message>permissionsProcessing =  false</message>
</record>
<record>
  <date>2026-01-07T06:41:10</date>
  <millis>1767768070338</millis>
  <sequence>231</sequence>
  <logger>com.ibm.ws.postinstall.cmext.ConfigManagerExtension</logger>
  <level>INFO</level>
  <class>com.ibm.ws.postinstall.cmext.ConfigManagerExtension</class>
  <method>configurationActionPreprocessor</method>
  <thread>1</thread>
  <message>profilePath =  null</message>
</record>
<record>
  <date>2026-01-07T06:41:10</date>
  <millis>1767768070338</millis>
  <sequence>232</sequence>
  <logger>com.ibm.ws.postinstall.cmext.ConfigManagerExtension</logger>
  <level>INFO</level>
  <class>com.ibm.ws.postinstall.cmext.ConfigManagerExtension</class>
  <method>configurationActionPreprocessor</method>
  <thread>1</thread>
  <message>management workspace =  /opt/IBM/WebSphere/AppServer/properties/workspace</message>
</record>
<record>
  <date>2026-01-07T06:41:10</date>
  <millis>1767768070338</millis>
  <sequence>233</sequence>
  <logger>com.ibm.ws.install.configmanager.actionengine.ANTAction</logger>
  <level>INFO</level>
  <class>com.ibm.ws.install.configmanager.actionengine.ANTAction</class>
  <method>executeAction</method>
  <thread>1</thread>
  <message>Using an InProcess ANT call to execute this action: /opt/IBM/WebSphere/AppServer/properties/postinstall/fixpack/actions/addManagesdkUserInstallRoot.ant</message>
</record>
<record>
  <date>2026-01-07T06:41:10</date>
  <millis>1767768070339</millis>
  <sequence>234</sequence>
  <logger>com.ibm.ws.install.configmanager.actionengine.ant.utils.InProcessAntRunner</logger>
  <level>INFO</level>
  <class>com.ibm.ws.install.configmanager.actionengine.ant.utils.InProcessAntRunner</class>
  <method>logOutputMessage</method>
  <thread>1</thread>
  <message>Buildfile: /opt/IBM/WebSphere/AppServer/properties/postinstall/fixpack/actions/addManagesdkUserInstallRoot.ant</message>
</record>
<record>
  <date>2026-01-07T06:41:10</date>
  <millis>1767768070339</millis>
  <sequence>235</sequence>
  <logger>com.ibm.ws.install.configmanager.actionengine.ant.utils.ANTLogToCmtLogAdapter</logger>
  <level>INFO</level>
  <class>com.ibm.ws.install.configmanager.actionengine.ant.utils.ANTLogToCmtLogAdapter</class>
  <method>buildStarted</method>
  <thread>1</thread>
  <message>Build started.</message>
</record>
<record>
  <date>2026-01-07T06:41:10</date>
  <millis>1767768070363</millis>
  <sequence>236</sequence>
  <logger>com.ibm.ws.install.configmanager.actionengine.ant.utils.ANTLogToCmtLogAdapter</logger>
  <level>INFO</level>
  <class>com.ibm.ws.install.configmanager.actionengine.ant.utils.ANTLogToCmtLogAdapter</class>
  <method>targetStarted</method>
  <thread>1</thread>
  <message>Target started for: detectCurrentOSFamily</message>
</record>
<record>
  <date>2026-01-07T06:41:10</date>
  <millis>1767768070463</millis>
  <sequence>237</sequence>
  <logger>com.ibm.ws.install.configmanager.actionengine.ant.utils.ANTLogToCmtLogAdapter</logger>
  <level>WARNING</level>
  <class>com.ibm.ws.install.configmanager.actionengine.ant.utils.ANTLogToCmtLogAdapter</class>
  <method>messageLogged</method>
  <thread>1</thread>
  <message>Detected current OS family to be: unix </message>
</record>
<record>
  <date>2026-01-07T06:41:10</date>
  <millis>1767768070464</millis>
  <sequence>238</sequence>
  <logger>com.ibm.ws.install.configmanager.actionengine.ant.utils.ANTLogToCmtLogAdapter</logger>
  <level>WARNING</level>
  <class>com.ibm.ws.install.configmanager.actionengine.ant.utils.ANTLogToCmtLogAdapter</class>
  <method>messageLogged</method>
  <thread>1</thread>
  <message>Detected WAS_HOME to be: /opt/IBM/WebSphere/AppServer</message>
</record>
<record>
  <date>2026-01-07T06:41:10</date>
  <millis>1767768070465</millis>
  <sequence>239</sequence>
  <logger>com.ibm.ws.install.configmanager.actionengine.ant.utils.ANTLogToCmtLogAdapter</logger>
  <level>INFO</level>
  <class>com.ibm.ws.install.configmanager.actionengine.ant.utils.ANTLogToCmtLogAdapter</class>
  <method>targetFinished</method>
  <thread>1</thread>
  <message>Target stopped for: detectCurrentOSFamily - SUCCESS</message>
</record>
<record>
  <date>2026-01-07T06:41:10</date>
  <millis>1767768070465</millis>
  <sequence>240</sequence>
  <logger>com.ibm.ws.install.configmanager.actionengine.ant.utils.ANTLogToCmtLogAdapter</logger>
  <level>INFO</level>
  <class>com.ibm.ws.install.configmanager.actionengine.ant.utils.ANTLogToCmtLogAdapter</class>
  <method>targetStarted</method>
  <thread>1</thread>
  <message>Target started for: setOSFileSeparator</message>
</record>
<record>
  <date>2026-01-07T06:41:10</date>
  <millis>1767768070466</millis>
  <sequence>241</sequence>
  <logger>com.ibm.ws.install.configmanager.actionengine.ant.utils.ANTLogToCmtLogAdapter</logger>
  <level>WARNING</level>
  <class>com.ibm.ws.install.configmanager.actionengine.ant.utils.ANTLogToCmtLogAdapter</class>
  <method>messageLogged</method>
  <thread>1</thread>
  <message>Detected file separator to be: / </message>
</record>
<record>
  <date>2026-01-07T06:41:10</date>
  <millis>1767768070466</millis>
  <sequence>242</sequence>
  <logger>com.ibm.ws.install.configmanager.actionengine.ant.utils.ANTLogToCmtLogAdapter</logger>
  <level>INFO</level>
  <class>com.ibm.ws.install.configmanager.actionengine.ant.utils.ANTLogToCmtLogAdapter</class>
  <method>targetFinished</method>
  <thread>1</thread>
  <message>Target stopped for: setOSFileSeparator - SUCCESS</message>
</record>
<record>
  <date>2026-01-07T06:41:10</date>
  <millis>1767768070466</millis>
  <sequence>243</sequence>
  <logger>com.ibm.ws.install.configmanager.actionengine.ant.utils.ANTLogToCmtLogAdapter</logger>
  <level>INFO</level>
  <class>com.ibm.ws.install.configmanager.actionengine.ant.utils.ANTLogToCmtLogAdapter</class>
  <method>targetStarted</method>
  <thread>1</thread>
  <message>Target started for: setOSScriptExtension</message>
</record>
<record>
  <date>2026-01-07T06:41:10</date>
  <millis>1767768070467</millis>
  <sequence>244</sequence>
  <logger>com.ibm.ws.install.configmanager.actionengine.ant.utils.ANTLogToCmtLogAdapter</logger>
  <level>WARNING</level>
  <class>com.ibm.ws.install.configmanager.actionengine.ant.utils.ANTLogToCmtLogAdapter</class>
  <method>messageLogged</method>
  <thread>1</thread>
  <message>Detected file extension to be: .sh </message>
</record>
<record>
  <date>2026-01-07T06:41:10</date>
  <millis>1767768070467</millis>
  <sequence>245</sequence>
  <logger>com.ibm.ws.install.configmanager.actionengine.ant.utils.ANTLogToCmtLogAdapter</logger>
  <level>INFO</level>
  <class>com.ibm.ws.install.configmanager.actionengine.ant.utils.ANTLogToCmtLogAdapter</class>
  <method>targetFinished</method>
  <thread>1</thread>
  <message>Target stopped for: setOSScriptExtension - SUCCESS</message>
</record>
<record>
  <date>2026-01-07T06:41:10</date>
  <millis>1767768070467</millis>
  <sequence>246</sequence>
  <logger>com.ibm.ws.install.configmanager.actionengine.ant.utils.ANTLogToCmtLogAdapter</logger>
  <level>INFO</level>
  <class>com.ibm.ws.install.configmanager.actionengine.ant.utils.ANTLogToCmtLogAdapter</class>
  <method>targetStarted</method>
  <thread>1</thread>
  <message>Target started for: filesExists</message>
</record>
<record>
  <date>2026-01-07T06:41:10</date>
  <millis>1767768070474</millis>
  <sequence>247</sequence>
  <logger>com.ibm.ws.install.configmanager.actionengine.ant.utils.ANTLogToCmtLogAdapter</logger>
  <level>WARNING</level>
  <class>com.ibm.ws.install.configmanager.actionengine.ant.utils.ANTLogToCmtLogAdapter</class>
  <method>messageLogged</method>
  <thread>1</thread>
  <message>Detected file exists to be: true </message>
</record>
<record>
  <date>2026-01-07T06:41:10</date>
  <millis>1767768070475</millis>
  <sequence>248</sequence>
  <logger>com.ibm.ws.install.configmanager.actionengine.ant.utils.ANTLogToCmtLogAdapter</logger>
  <level>WARNING</level>
  <class>com.ibm.ws.install.configmanager.actionengine.ant.utils.ANTLogToCmtLogAdapter</class>
  <method>messageLogged</method>
  <thread>1</thread>
  <message>Detected file is: "/opt/IBM/WebSphere/AppServer/bin/managesdk.sh "</message>
</record>
<record>
  <date>2026-01-07T06:41:10</date>
  <millis>1767768070475</millis>
  <sequence>249</sequence>
  <logger>com.ibm.ws.install.configmanager.actionengine.ant.utils.ANTLogToCmtLogAdapter</logger>
  <level>INFO</level>
  <class>com.ibm.ws.install.configmanager.actionengine.ant.utils.ANTLogToCmtLogAdapter</class>
  <method>targetFinished</method>
  <thread>1</thread>
  <message>Target stopped for: filesExists - SUCCESS</message>
</record>
<record>
  <date>2026-01-07T06:41:10</date>
  <millis>1767768070475</millis>
  <sequence>250</sequence>
  <logger>com.ibm.ws.install.configmanager.actionengine.ant.utils.ANTLogToCmtLogAdapter</logger>
  <level>INFO</level>
  <class>com.ibm.ws.install.configmanager.actionengine.ant.utils.ANTLogToCmtLogAdapter</class>
  <method>targetStarted</method>
  <thread>1</thread>
  <message>Target started for: checkManagesdkScriptUpdated</message>
</record>
<record>
  <date>2026-01-07T06:41:10</date>
  <millis>1767768070475</millis>
  <sequence>251</sequence>
  <logger>com.ibm.ws.install.configmanager.actionengine.ant.utils.ANTLogToCmtLogAdapter</logger>
  <level>WARNING</level>
  <class>com.ibm.ws.install.configmanager.actionengine.ant.utils.ANTLogToCmtLogAdapter</class>
  <method>messageLogged</method>
  <thread>1</thread>
  <message>Detected managesdk exists</message>
</record>
<record>
  <date>2026-01-07T06:41:10</date>
  <millis>1767768070488</millis>
  <sequence>252</sequence>
  <logger>com.ibm.ws.install.configmanager.actionengine.ant.utils.ANTLogToCmtLogAdapter</logger>
  <level>WARNING</level>
  <class>com.ibm.ws.install.configmanager.actionengine.ant.utils.ANTLogToCmtLogAdapter</class>
  <method>messageLogged</method>
  <thread>1</thread>
  <message>Detected managesdk needs to be updated: true true true</message>
</record>
<record>
  <date>2026-01-07T06:41:10</date>
  <millis>1767768070488</millis>
  <sequence>253</sequence>
  <logger>com.ibm.ws.install.configmanager.actionengine.ant.utils.ANTLogToCmtLogAdapter</logger>
  <level>INFO</level>
  <class>com.ibm.ws.install.configmanager.actionengine.ant.utils.ANTLogToCmtLogAdapter</class>
  <method>targetFinished</method>
  <thread>1</thread>
  <message>Target stopped for: checkManagesdkScriptUpdated - SUCCESS</message>
</record>
<record>
  <date>2026-01-07T06:41:10</date>
  <millis>1767768070488</millis>
  <sequence>254</sequence>
  <logger>com.ibm.ws.install.configmanager.actionengine.ant.utils.ANTLogToCmtLogAdapter</logger>
  <level>INFO</level>
  <class>com.ibm.ws.install.configmanager.actionengine.ant.utils.ANTLogToCmtLogAdapter</class>
  <method>targetStarted</method>
  <thread>1</thread>
  <message>Target started for: replaceManagesdkLine</message>
</record>
<record>
  <date>2026-01-07T06:41:10</date>
  <millis>1767768070538</millis>
  <sequence>255</sequence>
  <logger>com.ibm.ws.install.configmanager.actionengine.ant.utils.ANTLogToCmtLogAdapter</logger>
  <level>INFO</level>
  <class>com.ibm.ws.install.configmanager.actionengine.ant.utils.ANTLogToCmtLogAdapter</class>
  <method>targetStarted</method>
  <thread>1</thread>
  <message>Target started for: updateManagesdkWindows</message>
</record>
<record>
  <date>2026-01-07T06:41:10</date>
  <millis>1767768070538</millis>
  <sequence>256</sequence>
  <logger>com.ibm.ws.install.configmanager.actionengine.ant.utils.ANTLogToCmtLogAdapter</logger>
  <level>INFO</level>
  <class>com.ibm.ws.install.configmanager.actionengine.ant.utils.ANTLogToCmtLogAdapter</class>
  <method>targetFinished</method>
  <thread>1</thread>
  <message>Target stopped for: updateManagesdkWindows - SUCCESS</message>
</record>
<record>
  <date>2026-01-07T06:41:10</date>
  <millis>1767768070573</millis>
  <sequence>257</sequence>
  <logger>com.ibm.ws.install.configmanager.actionengine.ant.utils.ANTLogToCmtLogAdapter</logger>
  <level>INFO</level>
  <class>com.ibm.ws.install.configmanager.actionengine.ant.utils.ANTLogToCmtLogAdapter</class>
  <method>targetStarted</method>
  <thread>1</thread>
  <message>Target started for: updateManagesdkUnix</message>
</record>
<record>
  <date>2026-01-07T06:41:10</date>
  <millis>1767768070578</millis>
  <sequence>258</sequence>
  <logger>com.ibm.ws.install.configmanager.actionengine.ant.utils.ANTLogToCmtLogAdapter</logger>
  <level>WARNING</level>
  <class>com.ibm.ws.install.configmanager.actionengine.ant.utils.ANTLogToCmtLogAdapter</class>
  <method>messageLogged</method>
  <thread>1</thread>
  <message>Updating /opt/IBM/WebSphere/AppServer/bin/managesdk.sh </message>
</record>
<record>
  <date>2026-01-07T06:41:10</date>
  <millis>1767768070590</millis>
  <sequence>259</sequence>
  <logger>com.ibm.ws.install.configmanager.actionengine.ant.utils.ANTLogToCmtLogAdapter</logger>
  <level>WARNING</level>
  <class>com.ibm.ws.install.configmanager.actionengine.ant.utils.ANTLogToCmtLogAdapter</class>
  <method>messageLogged</method>
  <thread>1</thread>
  <message>Add</message>
</record>
<record>
  <date>2026-01-07T06:41:10</date>
  <millis>1767768070591</millis>
  <sequence>260</sequence>
  <logger>com.ibm.ws.install.configmanager.actionengine.ant.utils.ANTLogToCmtLogAdapter</logger>
  <level>WARNING</level>
  <class>com.ibm.ws.install.configmanager.actionengine.ant.utils.ANTLogToCmtLogAdapter</class>
  <method>messageLogged</method>
  <thread>1</thread>
  <message>-Duser.install.root=${USER_INSTALL_ROOT}</message>
</record>
<record>
  <date>2026-01-07T06:41:10</date>
  <millis>1767768070633</millis>
  <sequence>261</sequence>
  <logger>com.ibm.ws.install.configmanager.actionengine.ant.utils.ANTLogToCmtLogAdapter</logger>
  <level>INFO</level>
  <class>com.ibm.ws.install.configmanager.actionengine.ant.utils.ANTLogToCmtLogAdapter</class>
  <method>targetStarted</method>
  <thread>1</thread>
  <message>Target started for: modifyManagesdkPermissions</message>
</record>
<record>
  <date>2026-01-07T06:41:10</date>
  <millis>1767768070658</millis>
  <sequence>262</sequence>
  <logger>com.ibm.ws.install.configmanager.actionengine.ant.utils.ANTLogToCmtLogAdapter</logger>
  <level>INFO</level>
  <class>com.ibm.ws.install.configmanager.actionengine.ant.utils.ANTLogToCmtLogAdapter</class>
  <method>targetFinished</method>
  <thread>1</thread>
  <message>Target stopped for: modifyManagesdkPermissions - SUCCESS</message>
</record>
<record>
  <date>2026-01-07T06:41:10</date>
  <millis>1767768070659</millis>
  <sequence>263</sequence>
  <logger>com.ibm.ws.install.configmanager.actionengine.ant.utils.ANTLogToCmtLogAdapter</logger>
  <level>INFO</level>
  <class>com.ibm.ws.install.configmanager.actionengine.ant.utils.ANTLogToCmtLogAdapter</class>
  <method>targetFinished</method>
  <thread>1</thread>
  <message>Target stopped for: updateManagesdkUnix - SUCCESS</message>
</record>
<record>
  <date>2026-01-07T06:41:10</date>
  <millis>1767768070659</millis>
  <sequence>264</sequence>
  <logger>com.ibm.ws.install.configmanager.actionengine.ant.utils.ANTLogToCmtLogAdapter</logger>
  <level>INFO</level>
  <class>com.ibm.ws.install.configmanager.actionengine.ant.utils.ANTLogToCmtLogAdapter</class>
  <method>targetFinished</method>
  <thread>1</thread>
  <message>Target stopped for: replaceManagesdkLine - SUCCESS</message>
</record>
<record>
  <date>2026-01-07T06:41:10</date>
  <millis>1767768070659</millis>
  <sequence>265</sequence>
  <logger>com.ibm.ws.install.configmanager.actionengine.ant.utils.ANTLogToCmtLogAdapter</logger>
  <level>INFO</level>
  <class>com.ibm.ws.install.configmanager.actionengine.ant.utils.ANTLogToCmtLogAdapter</class>
  <method>targetStarted</method>
  <thread>1</thread>
  <message>Target started for: replaceManagesdkLine2</message>
</record>
<record>
  <date>2026-01-07T06:41:10</date>
  <millis>1767768070721</millis>
  <sequence>266</sequence>
  <logger>com.ibm.ws.install.configmanager.actionengine.ant.utils.ANTLogToCmtLogAdapter</logger>
  <level>INFO</level>
  <class>com.ibm.ws.install.configmanager.actionengine.ant.utils.ANTLogToCmtLogAdapter</class>
  <method>targetStarted</method>
  <thread>1</thread>
  <message>Target started for: updateManagesdkUnix2</message>
</record>
<record>
  <date>2026-01-07T06:41:10</date>
  <millis>1767768070723</millis>
  <sequence>267</sequence>
  <logger>com.ibm.ws.install.configmanager.actionengine.ant.utils.ANTLogToCmtLogAdapter</logger>
  <level>WARNING</level>
  <class>com.ibm.ws.install.configmanager.actionengine.ant.utils.ANTLogToCmtLogAdapter</class>
  <method>messageLogged</method>
  <thread>1</thread>
  <message>Updating /opt/IBM/WebSphere/AppServer/bin/managesdk.sh </message>
</record>
<record>
  <date>2026-01-07T06:41:10</date>
  <millis>1767768070725</millis>
  <sequence>268</sequence>
  <logger>com.ibm.ws.install.configmanager.actionengine.ant.utils.ANTLogToCmtLogAdapter</logger>
  <level>WARNING</level>
  <class>com.ibm.ws.install.configmanager.actionengine.ant.utils.ANTLogToCmtLogAdapter</class>
  <method>messageLogged</method>
  <thread>1</thread>
  <message>Add</message>
</record>
<record>
  <date>2026-01-07T06:41:10</date>
  <millis>1767768070730</millis>
  <sequence>269</sequence>
  <logger>com.ibm.ws.install.configmanager.actionengine.ant.utils.ANTLogToCmtLogAdapter</logger>
  <level>WARNING</level>
  <class>com.ibm.ws.install.configmanager.actionengine.ant.utils.ANTLogToCmtLogAdapter</class>
  <method>messageLogged</method>
  <thread>1</thread>
  <message>if [ ! "$USER_INSTALL_ROOT" ] ; then</message>
</record>
<record>
  <date>2026-01-07T06:41:10</date>
  <millis>1767768070731</millis>
  <sequence>270</sequence>
  <logger>com.ibm.ws.install.configmanager.actionengine.ant.utils.ANTLogToCmtLogAdapter</logger>
  <level>WARNING</level>
  <class>com.ibm.ws.install.configmanager.actionengine.ant.utils.ANTLogToCmtLogAdapter</class>
  <method>messageLogged</method>
  <thread>1</thread>
  <message>USER_INSTALL_ROOT=$WAS_HOME</message>
</record>
<record>
  <date>2026-01-07T06:41:10</date>
  <millis>1767768070731</millis>
  <sequence>271</sequence>
  <logger>com.ibm.ws.install.configmanager.actionengine.ant.utils.ANTLogToCmtLogAdapter</logger>
  <level>WARNING</level>
  <class>com.ibm.ws.install.configmanager.actionengine.ant.utils.ANTLogToCmtLogAdapter</class>
  <method>messageLogged</method>
  <thread>1</thread>
  <message>fi" </message>
</record>
<record>
  <date>2026-01-07T06:41:10</date>
  <millis>1767768070786</millis>
  <sequence>272</sequence>
  <logger>com.ibm.ws.install.configmanager.actionengine.ant.utils.ANTLogToCmtLogAdapter</logger>
  <level>INFO</level>
  <class>com.ibm.ws.install.configmanager.actionengine.ant.utils.ANTLogToCmtLogAdapter</class>
  <method>targetStarted</method>
  <thread>1</thread>
  <message>Target started for: modifyManagesdkPermissions</message>
</record>
<record>
  <date>2026-01-07T06:41:10</date>
  <millis>1767768070802</millis>
  <sequence>273</sequence>
  <logger>com.ibm.ws.install.configmanager.actionengine.ant.utils.ANTLogToCmtLogAdapter</logger>
  <level>INFO</level>
  <class>com.ibm.ws.install.configmanager.actionengine.ant.utils.ANTLogToCmtLogAdapter</class>
  <method>targetFinished</method>
  <thread>1</thread>
  <message>Target stopped for: modifyManagesdkPermissions - SUCCESS</message>
</record>
<record>
  <date>2026-01-07T06:41:10</date>
  <millis>1767768070803</millis>
  <sequence>274</sequence>
  <logger>com.ibm.ws.install.configmanager.actionengine.ant.utils.ANTLogToCmtLogAdapter</logger>
  <level>INFO</level>
  <class>com.ibm.ws.install.configmanager.actionengine.ant.utils.ANTLogToCmtLogAdapter</class>
  <method>targetFinished</method>
  <thread>1</thread>
  <message>Target stopped for: updateManagesdkUnix2 - SUCCESS</message>
</record>
<record>
  <date>2026-01-07T06:41:10</date>
  <millis>1767768070803</millis>
  <sequence>275</sequence>
  <logger>com.ibm.ws.install.configmanager.actionengine.ant.utils.ANTLogToCmtLogAdapter</logger>
  <level>INFO</level>
  <class>com.ibm.ws.install.configmanager.actionengine.ant.utils.ANTLogToCmtLogAdapter</class>
  <method>targetFinished</method>
  <thread>1</thread>
  <message>Target stopped for: replaceManagesdkLine2 - SUCCESS</message>
</record>
<record>
  <date>2026-01-07T06:41:10</date>
  <millis>1767768070804</millis>
  <sequence>276</sequence>
  <logger>com.ibm.ws.install.configmanager.actionengine.ant.utils.ANTLogToCmtLogAdapter</logger>
  <level>INFO</level>
  <class>com.ibm.ws.install.configmanager.actionengine.ant.utils.ANTLogToCmtLogAdapter</class>
  <method>targetStarted</method>
  <thread>1</thread>
  <message>Target started for: replaceManagesdkLine3</message>
</record>
<record>
  <date>2026-01-07T06:41:10</date>
  <millis>1767768070846</millis>
  <sequence>277</sequence>
  <logger>com.ibm.ws.install.configmanager.actionengine.ant.utils.ANTLogToCmtLogAdapter</logger>
  <level>INFO</level>
  <class>com.ibm.ws.install.configmanager.actionengine.ant.utils.ANTLogToCmtLogAdapter</class>
  <method>targetStarted</method>
  <thread>1</thread>
  <message>Target started for: updateManagesdkWindows3</message>
</record>
<record>
  <date>2026-01-07T06:41:10</date>
  <millis>1767768070846</millis>
  <sequence>278</sequence>
  <logger>com.ibm.ws.install.configmanager.actionengine.ant.utils.ANTLogToCmtLogAdapter</logger>
  <level>INFO</level>
  <class>com.ibm.ws.install.configmanager.actionengine.ant.utils.ANTLogToCmtLogAdapter</class>
  <method>targetFinished</method>
  <thread>1</thread>
  <message>Target stopped for: updateManagesdkWindows3 - SUCCESS</message>
</record>
<record>
  <date>2026-01-07T06:41:10</date>
  <millis>1767768070847</millis>
  <sequence>279</sequence>
  <logger>com.ibm.ws.install.configmanager.actionengine.ant.utils.ANTLogToCmtLogAdapter</logger>
  <level>INFO</level>
  <class>com.ibm.ws.install.configmanager.actionengine.ant.utils.ANTLogToCmtLogAdapter</class>
  <method>targetFinished</method>
  <thread>1</thread>
  <message>Target stopped for: replaceManagesdkLine3 - SUCCESS</message>
</record>
<record>
  <date>2026-01-07T06:41:10</date>
  <millis>1767768070847</millis>
  <sequence>280</sequence>
  <logger>com.ibm.ws.install.configmanager.actionengine.ant.utils.ANTLogToCmtLogAdapter</logger>
  <level>INFO</level>
  <class>com.ibm.ws.install.configmanager.actionengine.ant.utils.ANTLogToCmtLogAdapter</class>
  <method>targetStarted</method>
  <thread>1</thread>
  <message>Target started for: install</message>
</record>
<record>
  <date>2026-01-07T06:41:10</date>
  <millis>1767768070847</millis>
  <sequence>281</sequence>
  <logger>com.ibm.ws.install.configmanager.actionengine.ant.utils.ANTLogToCmtLogAdapter</logger>
  <level>INFO</level>
  <class>com.ibm.ws.install.configmanager.actionengine.ant.utils.ANTLogToCmtLogAdapter</class>
  <method>targetFinished</method>
  <thread>1</thread>
  <message>Target stopped for: install - SUCCESS</message>
</record>
<record>
  <date>2026-01-07T06:41:10</date>
  <millis>1767768070847</millis>
  <sequence>282</sequence>
  <logger>com.ibm.ws.install.configmanager.actionengine.ant.utils.ANTLogToCmtLogAdapter</logger>
  <level>INFO</level>
  <class>com.ibm.ws.install.configmanager.actionengine.ant.utils.ANTLogToCmtLogAdapter</class>
  <method>buildFinished</method>
  <thread>1</thread>
  <message>Build stopped - SUCCESS</message>
</record>
<record>
  <date>2026-01-07T06:41:10</date>
  <millis>1767768070847</millis>
  <sequence>283</sequence>
  <logger>com.ibm.ws.install.configmanager.actionengine.ANTAction</logger>
  <level>INFO</level>
  <class>com.ibm.ws.install.configmanager.actionengine.ANTAction</class>
  <method>executeAction</method>
  <thread>1</thread>
  <message>Result of executing /opt/IBM/WebSphere/AppServer/properties/postinstall/fixpack/actions/addManagesdkUserInstallRoot.ant was: true</message>
</record>
<record>
  <date>2026-01-07T06:41:10</date>
  <millis>1767768070848</millis>
  <sequence>284</sequence>
  <logger>com.ibm.ws.install.configmanager.ConfigManager</logger>
  <level>INFO</level>
  <class>com.ibm.ws.install.configmanager.ConfigManager</class>
  <method>executeAllActionsFound</method>
  <thread>1</thread>
  <message>Configuration action succeeded: com.ibm.ws.install.configmanager.actionengine.ConfigAction-/opt/IBM/WebSphere/AppServer/properties/postinstall/fixpack/actions/addManagesdkUserInstallRoot.ant</message>
</record>
<record>
  <date>2026-01-07T06:41:10</date>
  <millis>1767768070853</millis>
  <sequence>285</sequence>
  <logger>com.ibm.ws.postinstall.cmext.ConfigManagerExtension</logger>
  <level>INFO</level>
  <class>com.ibm.ws.postinstall.cmext.ConfigManagerExtension</class>
  <method>configurationActionPreprocessor</method>
  <thread>1</thread>
  <message>preprocessing config action /opt/IBM/WebSphere/AppServer/properties/postinstall/fixpack/actions/addMaxHeapSizeLogViewer.ant</message>
</record>
<record>
  <date>2026-01-07T06:41:10</date>
  <millis>1767768070854</millis>
  <sequence>286</sequence>
  <logger>com.ibm.ws.postinstall.cmext.ConfigManagerExtension</logger>
  <level>INFO</level>
  <class>com.ibm.ws.postinstall.cmext.ConfigManagerExtension</class>
  <method>configurationActionPreprocessor</method>
  <thread>1</thread>
  <message>profileUpdate attribute =  false</message>
</record>
<record>
  <date>2026-01-07T06:41:10</date>
  <millis>1767768070857</millis>
  <sequence>287</sequence>
  <logger>com.ibm.ws.postinstall.cmext.ConfigManagerExtension</logger>
  <level>INFO</level>
  <class>com.ibm.ws.postinstall.cmext.ConfigManagerExtension</class>
  <method>configurationActionPreprocessor</method>
  <thread>1</thread>
  <message>alwaysExecute attribute =  false</message>
</record>
<record>
  <date>2026-01-07T06:41:10</date>
  <millis>1767768070857</millis>
  <sequence>288</sequence>
  <logger>com.ibm.ws.postinstall.cmext.ConfigManagerExtension</logger>
  <level>INFO</level>
  <class>com.ibm.ws.postinstall.cmext.ConfigManagerExtension</class>
  <method>configurationActionPreprocessor</method>
  <thread>1</thread>
  <message>altersFile attribute =  ?${WAS_HOME}/bin/logViewer.bat, ?${WAS_HOME}/bin/logViewer.sh</message>
</record>
<record>
  <date>2026-01-07T06:41:10</date>
  <millis>1767768070857</millis>
  <sequence>289</sequence>
  <logger>com.ibm.ws.postinstall.cmext.ConfigManagerExtension</logger>
  <level>INFO</level>
  <class>com.ibm.ws.postinstall.cmext.ConfigManagerExtension</class>
  <method>configurationActionPreprocessor</method>
  <thread>1</thread>
  <message>action target =  install</message>
</record>
<record>
  <date>2026-01-07T06:41:10</date>
  <millis>1767768070858</millis>
  <sequence>290</sequence>
  <logger>com.ibm.ws.postinstall.cmext.ConfigManagerExtension</logger>
  <level>INFO</level>
  <class>com.ibm.ws.postinstall.cmext.ConfigManagerExtension</class>
  <method>configurationActionPreprocessor</method>
  <thread>1</thread>
  <message>permissionsProcessing =  false</message>
</record>
<record>
  <date>2026-01-07T06:41:10</date>
  <millis>1767768070858</millis>
  <sequence>291</sequence>
  <logger>com.ibm.ws.postinstall.cmext.ConfigManagerExtension</logger>
  <level>INFO</level>
  <class>com.ibm.ws.postinstall.cmext.ConfigManagerExtension</class>
  <method>configurationActionPreprocessor</method>
  <thread>1</thread>
  <message>profilePath =  null</message>
</record>
<record>
  <date>2026-01-07T06:41:10</date>
  <millis>1767768070858</millis>
  <sequence>292</sequence>
  <logger>com.ibm.ws.postinstall.cmext.ConfigManagerExtension</logger>
  <level>INFO</level>
  <class>com.ibm.ws.postinstall.cmext.ConfigManagerExtension</class>
  <method>configurationActionPreprocessor</method>
  <thread>1</thread>
  <message>management workspace =  /opt/IBM/WebSphere/AppServer/properties/workspace</message>
</record>
<record>
  <date>2026-01-07T06:41:10</date>
  <millis>1767768070861</millis>
  <sequence>293</sequence>
  <logger>com.ibm.ws.install.configmanager.actionengine.ANTAction</logger>
  <level>INFO</level>
  <class>com.ibm.ws.install.configmanager.actionengine.ANTAction</class>
  <method>executeAction</method>
  <thread>1</thread>
  <message>Using an InProcess ANT call to execute this action: /opt/IBM/WebSphere/AppServer/properties/postinstall/fixpack/actions/addMaxHeapSizeLogViewer.ant</message>
</record>
<record>
  <date>2026-01-07T06:41:10</date>
  <millis>1767768070861</millis>
  <sequence>294</sequence>
  <logger>com.ibm.ws.install.configmanager.actionengine.ant.utils.InProcessAntRunner</logger>
  <level>INFO</level>
  <class>com.ibm.ws.install.configmanager.actionengine.ant.utils.InProcessAntRunner</class>
  <method>logOutputMessage</method>
  <thread>1</thread>
  <message>Buildfile: /opt/IBM/WebSphere/AppServer/properties/postinstall/fixpack/actions/addMaxHeapSizeLogViewer.ant</message>
</record>
<record>
  <date>2026-01-07T06:41:10</date>
  <millis>1767768070864</millis>
  <sequence>295</sequence>
  <logger>com.ibm.ws.install.configmanager.actionengine.ant.utils.ANTLogToCmtLogAdapter</logger>
  <level>INFO</level>
  <class>com.ibm.ws.install.configmanager.actionengine.ant.utils.ANTLogToCmtLogAdapter</class>
  <method>buildStarted</method>
  <thread>1</thread>
  <message>Build started.</message>
</record>
<record>
  <date>2026-01-07T06:41:10</date>
  <millis>1767768070977</millis>
  <sequence>296</sequence>
  <logger>com.ibm.ws.install.configmanager.actionengine.ant.utils.ANTLogToCmtLogAdapter</logger>
  <level>INFO</level>
  <class>com.ibm.ws.install.configmanager.actionengine.ant.utils.ANTLogToCmtLogAdapter</class>
  <method>targetStarted</method>
  <thread>1</thread>
  <message>Target started for: detectPlatform</message>
</record>
<record>
  <date>2026-01-07T06:41:10</date>
  <millis>1767768070990</millis>
  <sequence>297</sequence>
  <logger>com.ibm.ws.install.configmanager.actionengine.ant.utils.AntTaskToLogToConfigManagersLogFiles</logger>
  <level>INFO</level>
  <class>/opt/IBM/WebSphere/AppServer/properties/postinstall/fixpack/actions/addMaxHeapSizeLogViewer.ant:41: </class>
  <method>detectPlatform</method>
  <thread>1</thread>
  <message>Current platform is: Linux</message>
</record>
<record>
  <date>2026-01-07T06:41:10</date>
  <millis>1767768070990</millis>
  <sequence>298</sequence>
  <logger>com.ibm.ws.install.configmanager.actionengine.ant.utils.ANTLogToCmtLogAdapter</logger>
  <level>INFO</level>
  <class>com.ibm.ws.install.configmanager.actionengine.ant.utils.ANTLogToCmtLogAdapter</class>
  <method>targetFinished</method>
  <thread>1</thread>
  <message>Target stopped for: detectPlatform - SUCCESS</message>
</record>
<record>
  <date>2026-01-07T06:41:10</date>
  <millis>1767768070990</millis>
  <sequence>299</sequence>
  <logger>com.ibm.ws.install.configmanager.actionengine.ant.utils.ANTLogToCmtLogAdapter</logger>
  <level>INFO</level>
  <class>com.ibm.ws.install.configmanager.actionengine.ant.utils.ANTLogToCmtLogAdapter</class>
  <method>targetStarted</method>
  <thread>1</thread>
  <message>Target started for: doesFileExistWindows</message>
</record>
<record>
  <date>2026-01-07T06:41:10</date>
  <millis>1767768070991</millis>
  <sequence>300</sequence>
  <logger>com.ibm.ws.install.configmanager.actionengine.ant.utils.ANTLogToCmtLogAdapter</logger>
  <level>INFO</level>
  <class>com.ibm.ws.install.configmanager.actionengine.ant.utils.ANTLogToCmtLogAdapter</class>
  <method>targetFinished</method>
  <thread>1</thread>
  <message>Target stopped for: doesFileExistWindows - SUCCESS</message>
</record>
<record>
  <date>2026-01-07T06:41:10</date>
  <millis>1767768070991</millis>
  <sequence>301</sequence>
  <logger>com.ibm.ws.install.configmanager.actionengine.ant.utils.ANTLogToCmtLogAdapter</logger>
  <level>INFO</level>
  <class>com.ibm.ws.install.configmanager.actionengine.ant.utils.ANTLogToCmtLogAdapter</class>
  <method>targetStarted</method>
  <thread>1</thread>
  <message>Target started for: isAlreadyChangedWindows</message>
</record>
<record>
  <date>2026-01-07T06:41:10</date>
  <millis>1767768070991</millis>
  <sequence>302</sequence>
  <logger>com.ibm.ws.install.configmanager.actionengine.ant.utils.ANTLogToCmtLogAdapter</logger>
  <level>INFO</level>
  <class>com.ibm.ws.install.configmanager.actionengine.ant.utils.ANTLogToCmtLogAdapter</class>
  <method>targetFinished</method>
  <thread>1</thread>
  <message>Target stopped for: isAlreadyChangedWindows - SUCCESS</message>
</record>
<record>
  <date>2026-01-07T06:41:10</date>
  <millis>1767768070991</millis>
  <sequence>303</sequence>
  <logger>com.ibm.ws.install.configmanager.actionengine.ant.utils.ANTLogToCmtLogAdapter</logger>
  <level>INFO</level>
  <class>com.ibm.ws.install.configmanager.actionengine.ant.utils.ANTLogToCmtLogAdapter</class>
  <method>targetStarted</method>
  <thread>1</thread>
  <message>Target started for: addHeapMemWindows</message>
</record>
<record>
  <date>2026-01-07T06:41:10</date>
  <millis>1767768070991</millis>
  <sequence>304</sequence>
  <logger>com.ibm.ws.install.configmanager.actionengine.ant.utils.ANTLogToCmtLogAdapter</logger>
  <level>INFO</level>
  <class>com.ibm.ws.install.configmanager.actionengine.ant.utils.ANTLogToCmtLogAdapter</class>
  <method>targetFinished</method>
  <thread>1</thread>
  <message>Target stopped for: addHeapMemWindows - SUCCESS</message>
</record>
<record>
  <date>2026-01-07T06:41:10</date>
  <millis>1767768070991</millis>
  <sequence>305</sequence>
  <logger>com.ibm.ws.install.configmanager.actionengine.ant.utils.ANTLogToCmtLogAdapter</logger>
  <level>INFO</level>
  <class>com.ibm.ws.install.configmanager.actionengine.ant.utils.ANTLogToCmtLogAdapter</class>
  <method>targetStarted</method>
  <thread>1</thread>
  <message>Target started for: doesFileExistUnix</message>
</record>
<record>
  <date>2026-01-07T06:41:11</date>
  <millis>1767768071001</millis>
  <sequence>306</sequence>
  <logger>com.ibm.ws.install.configmanager.actionengine.ant.utils.ANTLogToCmtLogAdapter</logger>
  <level>INFO</level>
  <class>com.ibm.ws.install.configmanager.actionengine.ant.utils.ANTLogToCmtLogAdapter</class>
  <method>targetFinished</method>
  <thread>1</thread>
  <message>Target stopped for: doesFileExistUnix - SUCCESS</message>
</record>
<record>
  <date>2026-01-07T06:41:11</date>
  <millis>1767768071002</millis>
  <sequence>307</sequence>
  <logger>com.ibm.ws.install.configmanager.actionengine.ant.utils.ANTLogToCmtLogAdapter</logger>
  <level>INFO</level>
  <class>com.ibm.ws.install.configmanager.actionengine.ant.utils.ANTLogToCmtLogAdapter</class>
  <method>targetStarted</method>
  <thread>1</thread>
  <message>Target started for: isAlreadyChangedUnix</message>
</record>
<record>
  <date>2026-01-07T06:41:11</date>
  <millis>1767768071008</millis>
  <sequence>308</sequence>
  <logger>com.ibm.ws.install.configmanager.actionengine.ant.utils.AntTaskToLogToConfigManagersLogFiles</logger>
  <level>INFO</level>
  <class>/opt/IBM/WebSphere/AppServer/properties/postinstall/fixpack/actions/addMaxHeapSizeLogViewer.ant:90: </class>
  <method>isAlreadyChangedUnix</method>
  <thread>1</thread>
  <message>Need to modify /opt/IBM/WebSphere/AppServer/bin/logViewer.sh : true</message>
</record>
<record>
  <date>2026-01-07T06:41:11</date>
  <millis>1767768071009</millis>
  <sequence>309</sequence>
  <logger>com.ibm.ws.install.configmanager.actionengine.ant.utils.AntTaskToLogToConfigManagersLogFiles</logger>
  <level>INFO</level>
  <class>/opt/IBM/WebSphere/AppServer/properties/postinstall/fixpack/actions/addMaxHeapSizeLogViewer.ant:91: </class>
  <method>isAlreadyChangedUnix</method>
  <thread>1</thread>
  <message>Is /opt/IBM/WebSphere/AppServer/bin/logViewer.sh already modified: ${removeUnixNeeded}</message>
</record>
<record>
  <date>2026-01-07T06:41:11</date>
  <millis>1767768071009</millis>
  <sequence>310</sequence>
  <logger>com.ibm.ws.install.configmanager.actionengine.ant.utils.ANTLogToCmtLogAdapter</logger>
  <level>INFO</level>
  <class>com.ibm.ws.install.configmanager.actionengine.ant.utils.ANTLogToCmtLogAdapter</class>
  <method>targetFinished</method>
  <thread>1</thread>
  <message>Target stopped for: isAlreadyChangedUnix - SUCCESS</message>
</record>
<record>
  <date>2026-01-07T06:41:11</date>
  <millis>1767768071009</millis>
  <sequence>311</sequence>
  <logger>com.ibm.ws.install.configmanager.actionengine.ant.utils.ANTLogToCmtLogAdapter</logger>
  <level>INFO</level>
  <class>com.ibm.ws.install.configmanager.actionengine.ant.utils.ANTLogToCmtLogAdapter</class>
  <method>targetStarted</method>
  <thread>1</thread>
  <message>Target started for: addHeapMemUnix</message>
</record>
<record>
  <date>2026-01-07T06:41:11</date>
  <millis>1767768071011</millis>
  <sequence>312</sequence>
  <logger>com.ibm.ws.install.configmanager.actionengine.ant.utils.ReplaceTokenInFileAntTask</logger>
  <level>INFO</level>
  <class>com.ibm.ws.install.configmanager.actionengine.ant.utils.ReplaceTokenInFileAntTask</class>
  <method>execute</method>
  <thread>1</thread>
  <message>Calling replaceTokenInFile on file: /opt/IBM/WebSphere/AppServer/bin/logViewer.sh</message>
</record>
<record>
  <date>2026-01-07T06:41:11</date>
  <millis>1767768071025</millis>
  <sequence>313</sequence>
  <logger>com.ibm.ws.install.configmanager.actionengine.ant.utils.AntTaskToLogToConfigManagersLogFiles</logger>
  <level>INFO</level>
  <class>/opt/IBM/WebSphere/AppServer/properties/postinstall/fixpack/actions/addMaxHeapSizeLogViewer.ant:101: </class>
  <method>addHeapMemUnix</method>
  <thread>1</thread>
  <message>Did /opt/IBM/WebSphere/AppServer/bin/logViewer.sh get modified:  true</message>
</record>
<record>
  <date>2026-01-07T06:41:11</date>
  <millis>1767768071026</millis>
  <sequence>314</sequence>
  <logger>com.ibm.ws.install.configmanager.actionengine.ant.utils.ANTLogToCmtLogAdapter</logger>
  <level>INFO</level>
  <class>com.ibm.ws.install.configmanager.actionengine.ant.utils.ANTLogToCmtLogAdapter</class>
  <method>targetFinished</method>
  <thread>1</thread>
  <message>Target stopped for: addHeapMemUnix - SUCCESS</message>
</record>
<record>
  <date>2026-01-07T06:41:11</date>
  <millis>1767768071026</millis>
  <sequence>315</sequence>
  <logger>com.ibm.ws.install.configmanager.actionengine.ant.utils.ANTLogToCmtLogAdapter</logger>
  <level>INFO</level>
  <class>com.ibm.ws.install.configmanager.actionengine.ant.utils.ANTLogToCmtLogAdapter</class>
  <method>targetStarted</method>
  <thread>1</thread>
  <message>Target started for: setUnixShellScriptPermissions</message>
</record>
<record>
  <date>2026-01-07T06:41:11</date>
  <millis>1767768071050</millis>
  <sequence>316</sequence>
  <logger>com.ibm.ws.install.configmanager.actionengine.ant.utils.ANTLogToCmtLogAdapter</logger>
  <level>INFO</level>
  <class>com.ibm.ws.install.configmanager.actionengine.ant.utils.ANTLogToCmtLogAdapter</class>
  <method>targetFinished</method>
  <thread>1</thread>
  <message>Target stopped for: setUnixShellScriptPermissions - SUCCESS</message>
</record>
<record>
  <date>2026-01-07T06:41:11</date>
  <millis>1767768071050</millis>
  <sequence>317</sequence>
  <logger>com.ibm.ws.install.configmanager.actionengine.ant.utils.ANTLogToCmtLogAdapter</logger>
  <level>INFO</level>
  <class>com.ibm.ws.install.configmanager.actionengine.ant.utils.ANTLogToCmtLogAdapter</class>
  <method>targetStarted</method>
  <thread>1</thread>
  <message>Target started for: install</message>
</record>
<record>
  <date>2026-01-07T06:41:11</date>
  <millis>1767768071050</millis>
  <sequence>318</sequence>
  <logger>com.ibm.ws.install.configmanager.actionengine.ant.utils.ANTLogToCmtLogAdapter</logger>
  <level>INFO</level>
  <class>com.ibm.ws.install.configmanager.actionengine.ant.utils.ANTLogToCmtLogAdapter</class>
  <method>targetFinished</method>
  <thread>1</thread>
  <message>Target stopped for: install - SUCCESS</message>
</record>
<record>
  <date>2026-01-07T06:41:11</date>
  <millis>1767768071051</millis>
  <sequence>319</sequence>
  <logger>com.ibm.ws.install.configmanager.actionengine.ant.utils.ANTLogToCmtLogAdapter</logger>
  <level>INFO</level>
  <class>com.ibm.ws.install.configmanager.actionengine.ant.utils.ANTLogToCmtLogAdapter</class>
  <method>buildFinished</method>
  <thread>1</thread>
  <message>Build stopped - SUCCESS</message>
</record>
<record>
  <date>2026-01-07T06:41:11</date>
  <millis>1767768071051</millis>
  <sequence>320</sequence>
  <logger>com.ibm.ws.install.configmanager.actionengine.ANTAction</logger>
  <level>INFO</level>
  <class>com.ibm.ws.install.configmanager.actionengine.ANTAction</class>
  <method>executeAction</method>
  <thread>1</thread>
  <message>Result of executing /opt/IBM/WebSphere/AppServer/properties/postinstall/fixpack/actions/addMaxHeapSizeLogViewer.ant was: true</message>
</record>
<record>
  <date>2026-01-07T06:41:11</date>
  <millis>1767768071054</millis>
  <sequence>321</sequence>
  <logger>com.ibm.ws.install.configmanager.ConfigManager</logger>
  <level>INFO</level>
  <class>com.ibm.ws.install.configmanager.ConfigManager</class>
  <method>executeAllActionsFound</method>
  <thread>1</thread>
  <message>Configuration action succeeded: com.ibm.ws.install.configmanager.actionengine.ConfigAction-/opt/IBM/WebSphere/AppServer/properties/postinstall/fixpack/actions/addMaxHeapSizeLogViewer.ant</message>
</record>
<record>
  <date>2026-01-07T06:41:11</date>
  <millis>1767768071056</millis>
  <sequence>322</sequence>
  <logger>com.ibm.ws.postinstall.cmext.ConfigManagerExtension</logger>
  <level>INFO</level>
  <class>com.ibm.ws.postinstall.cmext.ConfigManagerExtension</class>
  <method>configurationActionPreprocessor</method>
  <thread>1</thread>
  <message>preprocessing config action /opt/IBM/WebSphere/AppServer/properties/postinstall/fixpack/actions/addMaxHeapSizeCollector.ant</message>
</record>
<record>
  <date>2026-01-07T06:41:11</date>
  <millis>1767768071056</millis>
  <sequence>323</sequence>
  <logger>com.ibm.ws.postinstall.cmext.ConfigManagerExtension</logger>
  <level>INFO</level>
  <class>com.ibm.ws.postinstall.cmext.ConfigManagerExtension</class>
  <method>configurationActionPreprocessor</method>
  <thread>1</thread>
  <message>profileUpdate attribute =  false</message>
</record>
<record>
  <date>2026-01-07T06:41:11</date>
  <millis>1767768071056</millis>
  <sequence>324</sequence>
  <logger>com.ibm.ws.postinstall.cmext.ConfigManagerExtension</logger>
  <level>INFO</level>
  <class>com.ibm.ws.postinstall.cmext.ConfigManagerExtension</class>
  <method>configurationActionPreprocessor</method>
  <thread>1</thread>
  <message>alwaysExecute attribute =  false</message>
</record>
<record>
  <date>2026-01-07T06:41:11</date>
  <millis>1767768071056</millis>
  <sequence>325</sequence>
  <logger>com.ibm.ws.postinstall.cmext.ConfigManagerExtension</logger>
  <level>INFO</level>
  <class>com.ibm.ws.postinstall.cmext.ConfigManagerExtension</class>
  <method>configurationActionPreprocessor</method>
  <thread>1</thread>
  <message>altersFile attribute =  ?${WAS_HOME}/bin/collector.bat, ?${WAS_HOME}/bin/collector.sh</message>
</record>
<record>
  <date>2026-01-07T06:41:11</date>
  <millis>1767768071056</millis>
  <sequence>326</sequence>
  <logger>com.ibm.ws.postinstall.cmext.ConfigManagerExtension</logger>
  <level>INFO</level>
  <class>com.ibm.ws.postinstall.cmext.ConfigManagerExtension</class>
  <method>configurationActionPreprocessor</method>
  <thread>1</thread>
  <message>action target =  install</message>
</record>
<record>
  <date>2026-01-07T06:41:11</date>
  <millis>1767768071056</millis>
  <sequence>327</sequence>
  <logger>com.ibm.ws.postinstall.cmext.ConfigManagerExtension</logger>
  <level>INFO</level>
  <class>com.ibm.ws.postinstall.cmext.ConfigManagerExtension</class>
  <method>configurationActionPreprocessor</method>
  <thread>1</thread>
  <message>permissionsProcessing =  false</message>
</record>
<record>
  <date>2026-01-07T06:41:11</date>
  <millis>1767768071057</millis>
  <sequence>328</sequence>
  <logger>com.ibm.ws.postinstall.cmext.ConfigManagerExtension</logger>
  <level>INFO</level>
  <class>com.ibm.ws.postinstall.cmext.ConfigManagerExtension</class>
  <method>configurationActionPreprocessor</method>
  <thread>1</thread>
  <message>profilePath =  null</message>
</record>
<record>
  <date>2026-01-07T06:41:11</date>
  <millis>1767768071062</millis>
  <sequence>329</sequence>
  <logger>com.ibm.ws.postinstall.cmext.ConfigManagerExtension</logger>
  <level>INFO</level>
  <class>com.ibm.ws.postinstall.cmext.ConfigManagerExtension</class>
  <method>configurationActionPreprocessor</method>
  <thread>1</thread>
  <message>management workspace =  /opt/IBM/WebSphere/AppServer/properties/workspace</message>
</record>
<record>
  <date>2026-01-07T06:41:11</date>
  <millis>1767768071065</millis>
  <sequence>330</sequence>
  <logger>com.ibm.ws.install.configmanager.actionengine.ANTAction</logger>
  <level>INFO</level>
  <class>com.ibm.ws.install.configmanager.actionengine.ANTAction</class>
  <method>executeAction</method>
  <thread>1</thread>
  <message>Using an InProcess ANT call to execute this action: /opt/IBM/WebSphere/AppServer/properties/postinstall/fixpack/actions/addMaxHeapSizeCollector.ant</message>
</record>
<record>
  <date>2026-01-07T06:41:11</date>
  <millis>1767768071073</millis>
  <sequence>331</sequence>
  <logger>com.ibm.ws.install.configmanager.actionengine.ant.utils.InProcessAntRunner</logger>
  <level>INFO</level>
  <class>com.ibm.ws.install.configmanager.actionengine.ant.utils.InProcessAntRunner</class>
  <method>logOutputMessage</method>
  <thread>1</thread>
  <message>Buildfile: /opt/IBM/WebSphere/AppServer/properties/postinstall/fixpack/actions/addMaxHeapSizeCollector.ant</message>
</record>
<record>
  <date>2026-01-07T06:41:11</date>
  <millis>1767768071074</millis>
  <sequence>332</sequence>
  <logger>com.ibm.ws.install.configmanager.actionengine.ant.utils.ANTLogToCmtLogAdapter</logger>
  <level>INFO</level>
  <class>com.ibm.ws.install.configmanager.actionengine.ant.utils.ANTLogToCmtLogAdapter</class>
  <method>buildStarted</method>
  <thread>1</thread>
  <message>Build started.</message>
</record>
<record>
  <date>2026-01-07T06:41:11</date>
  <millis>1767768071233</millis>
  <sequence>333</sequence>
  <logger>com.ibm.ws.install.configmanager.actionengine.ant.utils.ANTLogToCmtLogAdapter</logger>
  <level>INFO</level>
  <class>com.ibm.ws.install.configmanager.actionengine.ant.utils.ANTLogToCmtLogAdapter</class>
  <method>targetStarted</method>
  <thread>1</thread>
  <message>Target started for: detectPlatform</message>
</record>
<record>
  <date>2026-01-07T06:41:11</date>
  <millis>1767768071252</millis>
  <sequence>334</sequence>
  <logger>com.ibm.ws.install.configmanager.actionengine.ant.utils.AntTaskToLogToConfigManagersLogFiles</logger>
  <level>INFO</level>
  <class>/opt/IBM/WebSphere/AppServer/properties/postinstall/fixpack/actions/addMaxHeapSizeCollector.ant:41: </class>
  <method>detectPlatform</method>
  <thread>1</thread>
  <message>Current platform is: Linux</message>
</record>
<record>
  <date>2026-01-07T06:41:11</date>
  <millis>1767768071252</millis>
  <sequence>335</sequence>
  <logger>com.ibm.ws.install.configmanager.actionengine.ant.utils.ANTLogToCmtLogAdapter</logger>
  <level>INFO</level>
  <class>com.ibm.ws.install.configmanager.actionengine.ant.utils.ANTLogToCmtLogAdapter</class>
  <method>targetFinished</method>
  <thread>1</thread>
  <message>Target stopped for: detectPlatform - SUCCESS</message>
</record>
<record>
  <date>2026-01-07T06:41:11</date>
  <millis>1767768071252</millis>
  <sequence>336</sequence>
  <logger>com.ibm.ws.install.configmanager.actionengine.ant.utils.ANTLogToCmtLogAdapter</logger>
  <level>INFO</level>
  <class>com.ibm.ws.install.configmanager.actionengine.ant.utils.ANTLogToCmtLogAdapter</class>
  <method>targetStarted</method>
  <thread>1</thread>
  <message>Target started for: doesFileExistWindows</message>
</record>
<record>
  <date>2026-01-07T06:41:11</date>
  <millis>1767768071253</millis>
  <sequence>337</sequence>
  <logger>com.ibm.ws.install.configmanager.actionengine.ant.utils.ANTLogToCmtLogAdapter</logger>
  <level>INFO</level>
  <class>com.ibm.ws.install.configmanager.actionengine.ant.utils.ANTLogToCmtLogAdapter</class>
  <method>targetFinished</method>
  <thread>1</thread>
  <message>Target stopped for: doesFileExistWindows - SUCCESS</message>
</record>
<record>
  <date>2026-01-07T06:41:11</date>
  <millis>1767768071253</millis>
  <sequence>338</sequence>
  <logger>com.ibm.ws.install.configmanager.actionengine.ant.utils.ANTLogToCmtLogAdapter</logger>
  <level>INFO</level>
  <class>com.ibm.ws.install.configmanager.actionengine.ant.utils.ANTLogToCmtLogAdapter</class>
  <method>targetStarted</method>
  <thread>1</thread>
  <message>Target started for: isAlreadyChangedWindows</message>
</record>
<record>
  <date>2026-01-07T06:41:11</date>
  <millis>1767768071253</millis>
  <sequence>339</sequence>
  <logger>com.ibm.ws.install.configmanager.actionengine.ant.utils.ANTLogToCmtLogAdapter</logger>
  <level>INFO</level>
  <class>com.ibm.ws.install.configmanager.actionengine.ant.utils.ANTLogToCmtLogAdapter</class>
  <method>targetFinished</method>
  <thread>1</thread>
  <message>Target stopped for: isAlreadyChangedWindows - SUCCESS</message>
</record>
<record>
  <date>2026-01-07T06:41:11</date>
  <millis>1767768071253</millis>
  <sequence>340</sequence>
  <logger>com.ibm.ws.install.configmanager.actionengine.ant.utils.ANTLogToCmtLogAdapter</logger>
  <level>INFO</level>
  <class>com.ibm.ws.install.configmanager.actionengine.ant.utils.ANTLogToCmtLogAdapter</class>
  <method>targetStarted</method>
  <thread>1</thread>
  <message>Target started for: addHeapMemWindows</message>
</record>
<record>
  <date>2026-01-07T06:41:11</date>
  <millis>1767768071257</millis>
  <sequence>341</sequence>
  <logger>com.ibm.ws.install.configmanager.actionengine.ant.utils.ANTLogToCmtLogAdapter</logger>
  <level>INFO</level>
  <class>com.ibm.ws.install.configmanager.actionengine.ant.utils.ANTLogToCmtLogAdapter</class>
  <method>targetFinished</method>
  <thread>1</thread>
  <message>Target stopped for: addHeapMemWindows - SUCCESS</message>
</record>
<record>
  <date>2026-01-07T06:41:11</date>
  <millis>1767768071258</millis>
  <sequence>342</sequence>
  <logger>com.ibm.ws.install.configmanager.actionengine.ant.utils.ANTLogToCmtLogAdapter</logger>
  <level>INFO</level>
  <class>com.ibm.ws.install.configmanager.actionengine.ant.utils.ANTLogToCmtLogAdapter</class>
  <method>targetStarted</method>
  <thread>1</thread>
  <message>Target started for: doesFileExistUnix</message>
</record>
<record>
  <date>2026-01-07T06:41:11</date>
  <millis>1767768071262</millis>
  <sequence>343</sequence>
  <logger>com.ibm.ws.install.configmanager.actionengine.ant.utils.ANTLogToCmtLogAdapter</logger>
  <level>INFO</level>
  <class>com.ibm.ws.install.configmanager.actionengine.ant.utils.ANTLogToCmtLogAdapter</class>
  <method>targetFinished</method>
  <thread>1</thread>
  <message>Target stopped for: doesFileExistUnix - SUCCESS</message>
</record>
<record>
  <date>2026-01-07T06:41:11</date>
  <millis>1767768071263</millis>
  <sequence>344</sequence>
  <logger>com.ibm.ws.install.configmanager.actionengine.ant.utils.ANTLogToCmtLogAdapter</logger>
  <level>INFO</level>
  <class>com.ibm.ws.install.configmanager.actionengine.ant.utils.ANTLogToCmtLogAdapter</class>
  <method>targetStarted</method>
  <thread>1</thread>
  <message>Target started for: isAlreadyChangedUnix</message>
</record>
<record>
  <date>2026-01-07T06:41:11</date>
  <millis>1767768071269</millis>
  <sequence>345</sequence>
  <logger>com.ibm.ws.install.configmanager.actionengine.ant.utils.AntTaskToLogToConfigManagersLogFiles</logger>
  <level>INFO</level>
  <class>/opt/IBM/WebSphere/AppServer/properties/postinstall/fixpack/actions/addMaxHeapSizeCollector.ant:90: </class>
  <method>isAlreadyChangedUnix</method>
  <thread>1</thread>
  <message>Need to modify /opt/IBM/WebSphere/AppServer/bin/collector.sh : true</message>
</record>
<record>
  <date>2026-01-07T06:41:11</date>
  <millis>1767768071269</millis>
  <sequence>346</sequence>
  <logger>com.ibm.ws.install.configmanager.actionengine.ant.utils.AntTaskToLogToConfigManagersLogFiles</logger>
  <level>INFO</level>
  <class>/opt/IBM/WebSphere/AppServer/properties/postinstall/fixpack/actions/addMaxHeapSizeCollector.ant:91: </class>
  <method>isAlreadyChangedUnix</method>
  <thread>1</thread>
  <message>Is /opt/IBM/WebSphere/AppServer/bin/collector.sh already modified: ${removeUnixNeeded}</message>
</record>
<record>
  <date>2026-01-07T06:41:11</date>
  <millis>1767768071269</millis>
  <sequence>347</sequence>
  <logger>com.ibm.ws.install.configmanager.actionengine.ant.utils.ANTLogToCmtLogAdapter</logger>
  <level>INFO</level>
  <class>com.ibm.ws.install.configmanager.actionengine.ant.utils.ANTLogToCmtLogAdapter</class>
  <method>targetFinished</method>
  <thread>1</thread>
  <message>Target stopped for: isAlreadyChangedUnix - SUCCESS</message>
</record>
<record>
  <date>2026-01-07T06:41:11</date>
  <millis>1767768071269</millis>
  <sequence>348</sequence>
  <logger>com.ibm.ws.install.configmanager.actionengine.ant.utils.ANTLogToCmtLogAdapter</logger>
  <level>INFO</level>
  <class>com.ibm.ws.install.configmanager.actionengine.ant.utils.ANTLogToCmtLogAdapter</class>
  <method>targetStarted</method>
  <thread>1</thread>
  <message>Target started for: addHeapMemUnix</message>
</record>
<record>
  <date>2026-01-07T06:41:11</date>
  <millis>1767768071270</millis>
  <sequence>349</sequence>
  <logger>com.ibm.ws.install.configmanager.actionengine.ant.utils.ReplaceTokenInFileAntTask</logger>
  <level>INFO</level>
  <class>com.ibm.ws.install.configmanager.actionengine.ant.utils.ReplaceTokenInFileAntTask</class>
  <method>execute</method>
  <thread>1</thread>
  <message>Calling replaceTokenInFile on file: /opt/IBM/WebSphere/AppServer/bin/collector.sh</message>
</record>
<record>
  <date>2026-01-07T06:41:11</date>
  <millis>1767768071271</millis>
  <sequence>350</sequence>
  <logger>com.ibm.ws.install.configmanager.actionengine.ant.utils.AntTaskToLogToConfigManagersLogFiles</logger>
  <level>INFO</level>
  <class>/opt/IBM/WebSphere/AppServer/properties/postinstall/fixpack/actions/addMaxHeapSizeCollector.ant:101: </class>
  <method>addHeapMemUnix</method>
  <thread>1</thread>
  <message>Did /opt/IBM/WebSphere/AppServer/bin/collector.sh get modified:  true</message>
</record>
<record>
  <date>2026-01-07T06:41:11</date>
  <millis>1767768071273</millis>
  <sequence>351</sequence>
  <logger>com.ibm.ws.install.configmanager.actionengine.ant.utils.ANTLogToCmtLogAdapter</logger>
  <level>INFO</level>
  <class>com.ibm.ws.install.configmanager.actionengine.ant.utils.ANTLogToCmtLogAdapter</class>
  <method>targetFinished</method>
  <thread>1</thread>
  <message>Target stopped for: addHeapMemUnix - SUCCESS</message>
</record>
<record>
  <date>2026-01-07T06:41:11</date>
  <millis>1767768071273</millis>
  <sequence>352</sequence>
  <logger>com.ibm.ws.install.configmanager.actionengine.ant.utils.ANTLogToCmtLogAdapter</logger>
  <level>INFO</level>
  <class>com.ibm.ws.install.configmanager.actionengine.ant.utils.ANTLogToCmtLogAdapter</class>
  <method>targetStarted</method>
  <thread>1</thread>
  <message>Target started for: setUnixShellScriptPermissions</message>
</record>
<record>
  <date>2026-01-07T06:41:11</date>
  <millis>1767768071286</millis>
  <sequence>353</sequence>
  <logger>com.ibm.ws.install.configmanager.actionengine.ant.utils.ANTLogToCmtLogAdapter</logger>
  <level>INFO</level>
  <class>com.ibm.ws.install.configmanager.actionengine.ant.utils.ANTLogToCmtLogAdapter</class>
  <method>targetFinished</method>
  <thread>1</thread>
  <message>Target stopped for: setUnixShellScriptPermissions - SUCCESS</message>
</record>
<record>
  <date>2026-01-07T06:41:11</date>
  <millis>1767768071286</millis>
  <sequence>354</sequence>
  <logger>com.ibm.ws.install.configmanager.actionengine.ant.utils.ANTLogToCmtLogAdapter</logger>
  <level>INFO</level>
  <class>com.ibm.ws.install.configmanager.actionengine.ant.utils.ANTLogToCmtLogAdapter</class>
  <method>targetStarted</method>
  <thread>1</thread>
  <message>Target started for: install</message>
</record>
<record>
  <date>2026-01-07T06:41:11</date>
  <millis>1767768071286</millis>
  <sequence>355</sequence>
  <logger>com.ibm.ws.install.configmanager.actionengine.ant.utils.ANTLogToCmtLogAdapter</logger>
  <level>INFO</level>
  <class>com.ibm.ws.install.configmanager.actionengine.ant.utils.ANTLogToCmtLogAdapter</class>
  <method>targetFinished</method>
  <thread>1</thread>
  <message>Target stopped for: install - SUCCESS</message>
</record>
<record>
  <date>2026-01-07T06:41:11</date>
  <millis>1767768071286</millis>
  <sequence>356</sequence>
  <logger>com.ibm.ws.install.configmanager.actionengine.ant.utils.ANTLogToCmtLogAdapter</logger>
  <level>INFO</level>
  <class>com.ibm.ws.install.configmanager.actionengine.ant.utils.ANTLogToCmtLogAdapter</class>
  <method>buildFinished</method>
  <thread>1</thread>
  <message>Build stopped - SUCCESS</message>
</record>
<record>
  <date>2026-01-07T06:41:11</date>
  <millis>1767768071286</millis>
  <sequence>357</sequence>
  <logger>com.ibm.ws.install.configmanager.actionengine.ANTAction</logger>
  <level>INFO</level>
  <class>com.ibm.ws.install.configmanager.actionengine.ANTAction</class>
  <method>executeAction</method>
  <thread>1</thread>
  <message>Result of executing /opt/IBM/WebSphere/AppServer/properties/postinstall/fixpack/actions/addMaxHeapSizeCollector.ant was: true</message>
</record>
<record>
  <date>2026-01-07T06:41:11</date>
  <millis>1767768071287</millis>
  <sequence>358</sequence>
  <logger>com.ibm.ws.install.configmanager.ConfigManager</logger>
  <level>INFO</level>
  <class>com.ibm.ws.install.configmanager.ConfigManager</class>
  <method>executeAllActionsFound</method>
  <thread>1</thread>
  <message>Configuration action succeeded: com.ibm.ws.install.configmanager.actionengine.ConfigAction-/opt/IBM/WebSphere/AppServer/properties/postinstall/fixpack/actions/addMaxHeapSizeCollector.ant</message>
</record>
<record>
  <date>2026-01-07T06:41:11</date>
  <millis>1767768071293</millis>
  <sequence>359</sequence>
  <logger>com.ibm.ws.postinstall.cmext.ConfigManagerExtension</logger>
  <level>INFO</level>
  <class>com.ibm.ws.postinstall.cmext.ConfigManagerExtension</class>
  <method>configurationActionPreprocessor</method>
  <thread>1</thread>
  <message>preprocessing config action /opt/IBM/WebSphere/AppServer/properties/postinstall/fixpack/actions/removeMaxPermSizePH36410.ant</message>
</record>
<record>
  <date>2026-01-07T06:41:11</date>
  <millis>1767768071294</millis>
  <sequence>360</sequence>
  <logger>com.ibm.ws.postinstall.cmext.ConfigManagerExtension</logger>
  <level>INFO</level>
  <class>com.ibm.ws.postinstall.cmext.ConfigManagerExtension</class>
  <method>configurationActionPreprocessor</method>
  <thread>1</thread>
  <message>profileUpdate attribute =  false</message>
</record>
<record>
  <date>2026-01-07T06:41:11</date>
  <millis>1767768071294</millis>
  <sequence>361</sequence>
  <logger>com.ibm.ws.postinstall.cmext.ConfigManagerExtension</logger>
  <level>INFO</level>
  <class>com.ibm.ws.postinstall.cmext.ConfigManagerExtension</class>
  <method>configurationActionPreprocessor</method>
  <thread>1</thread>
  <message>alwaysExecute attribute =  false</message>
</record>
<record>
  <date>2026-01-07T06:41:11</date>
  <millis>1767768071294</millis>
  <sequence>362</sequence>
  <logger>com.ibm.ws.postinstall.cmext.ConfigManagerExtension</logger>
  <level>INFO</level>
  <class>com.ibm.ws.postinstall.cmext.ConfigManagerExtension</class>
  <method>configurationActionPreprocessor</method>
  <thread>1</thread>
  <message>altersFile attribute =  </message>
</record>
<record>
  <date>2026-01-07T06:41:11</date>
  <millis>1767768071294</millis>
  <sequence>363</sequence>
  <logger>com.ibm.ws.postinstall.cmext.ConfigManagerExtension</logger>
  <level>INFO</level>
  <class>com.ibm.ws.postinstall.cmext.ConfigManagerExtension</class>
  <method>configurationActionPreprocessor</method>
  <thread>1</thread>
  <message>action target =  install</message>
</record>
<record>
  <date>2026-01-07T06:41:11</date>
  <millis>1767768071294</millis>
  <sequence>364</sequence>
  <logger>com.ibm.ws.postinstall.cmext.ConfigManagerExtension</logger>
  <level>INFO</level>
  <class>com.ibm.ws.postinstall.cmext.ConfigManagerExtension</class>
  <method>configurationActionPreprocessor</method>
  <thread>1</thread>
  <message>permissionsProcessing =  false</message>
</record>
<record>
  <date>2026-01-07T06:41:11</date>
  <millis>1767768071294</millis>
  <sequence>365</sequence>
  <logger>com.ibm.ws.postinstall.cmext.ConfigManagerExtension</logger>
  <level>INFO</level>
  <class>com.ibm.ws.postinstall.cmext.ConfigManagerExtension</class>
  <method>configurationActionPreprocessor</method>
  <thread>1</thread>
  <message>profilePath =  null</message>
</record>
<record>
  <date>2026-01-07T06:41:11</date>
  <millis>1767768071294</millis>
  <sequence>366</sequence>
  <logger>com.ibm.ws.postinstall.cmext.ConfigManagerExtension</logger>
  <level>INFO</level>
  <class>com.ibm.ws.postinstall.cmext.ConfigManagerExtension</class>
  <method>configurationActionPreprocessor</method>
  <thread>1</thread>
  <message>management workspace =  /opt/IBM/WebSphere/AppServer/properties/workspace</message>
</record>
<record>
  <date>2026-01-07T06:41:11</date>
  <millis>1767768071295</millis>
  <sequence>367</sequence>
  <logger>com.ibm.ws.install.configmanager.actionengine.ANTAction</logger>
  <level>INFO</level>
  <class>com.ibm.ws.install.configmanager.actionengine.ANTAction</class>
  <method>executeAction</method>
  <thread>1</thread>
  <message>Using an InProcess ANT call to execute this action: /opt/IBM/WebSphere/AppServer/properties/postinstall/fixpack/actions/removeMaxPermSizePH36410.ant</message>
</record>
<record>
  <date>2026-01-07T06:41:11</date>
  <millis>1767768071295</millis>
  <sequence>368</sequence>
  <logger>com.ibm.ws.install.configmanager.actionengine.ant.utils.InProcessAntRunner</logger>
  <level>INFO</level>
  <class>com.ibm.ws.install.configmanager.actionengine.ant.utils.InProcessAntRunner</class>
  <method>logOutputMessage</method>
  <thread>1</thread>
  <message>Buildfile: /opt/IBM/WebSphere/AppServer/properties/postinstall/fixpack/actions/removeMaxPermSizePH36410.ant</message>
</record>
<record>
  <date>2026-01-07T06:41:11</date>
  <millis>1767768071296</millis>
  <sequence>369</sequence>
  <logger>com.ibm.ws.install.configmanager.actionengine.ant.utils.ANTLogToCmtLogAdapter</logger>
  <level>INFO</level>
  <class>com.ibm.ws.install.configmanager.actionengine.ant.utils.ANTLogToCmtLogAdapter</class>
  <method>buildStarted</method>
  <thread>1</thread>
  <message>Build started.</message>
</record>
<record>
  <date>2026-01-07T06:41:11</date>
  <millis>1767768071382</millis>
  <sequence>370</sequence>
  <logger>com.ibm.ws.install.configmanager.actionengine.ant.utils.ANTLogToCmtLogAdapter</logger>
  <level>INFO</level>
  <class>com.ibm.ws.install.configmanager.actionengine.ant.utils.ANTLogToCmtLogAdapter</class>
  <method>targetStarted</method>
  <thread>1</thread>
  <message>Target started for: detectCurrentOSFamily</message>
</record>
<record>
  <date>2026-01-07T06:41:11</date>
  <millis>1767768071399</millis>
  <sequence>371</sequence>
  <logger>com.ibm.ws.install.configmanager.actionengine.ant.utils.AntTaskToLogToConfigManagersLogFiles</logger>
  <level>INFO</level>
  <class>/opt/IBM/WebSphere/AppServer/properties/postinstall/fixpack/actions/removeMaxPermSizePH36410.ant:46: </class>
  <method>detectCurrentOSFamily</method>
  <thread>1</thread>
  <message>Detected current OS family to be: unix</message>
</record>
<record>
  <date>2026-01-07T06:41:11</date>
  <millis>1767768071399</millis>
  <sequence>372</sequence>
  <logger>com.ibm.ws.install.configmanager.actionengine.ant.utils.AntTaskToLogToConfigManagersLogFiles</logger>
  <level>INFO</level>
  <class>/opt/IBM/WebSphere/AppServer/properties/postinstall/fixpack/actions/removeMaxPermSizePH36410.ant:47: </class>
  <method>detectCurrentOSFamily</method>
  <thread>1</thread>
  <message>Determination as OS/400: ${isISeries}</message>
</record>
<record>
  <date>2026-01-07T06:41:11</date>
  <millis>1767768071399</millis>
  <sequence>373</sequence>
  <logger>com.ibm.ws.install.configmanager.actionengine.ant.utils.AntTaskToLogToConfigManagersLogFiles</logger>
  <level>INFO</level>
  <class>/opt/IBM/WebSphere/AppServer/properties/postinstall/fixpack/actions/removeMaxPermSizePH36410.ant:48: </class>
  <method>detectCurrentOSFamily</method>
  <thread>1</thread>
  <message>Determination as Unix based: true</message>
</record>
<record>
  <date>2026-01-07T06:41:11</date>
  <millis>1767768071399</millis>
  <sequence>374</sequence>
  <logger>com.ibm.ws.install.configmanager.actionengine.ant.utils.ANTLogToCmtLogAdapter</logger>
  <level>INFO</level>
  <class>com.ibm.ws.install.configmanager.actionengine.ant.utils.ANTLogToCmtLogAdapter</class>
  <method>targetFinished</method>
  <thread>1</thread>
  <message>Target stopped for: detectCurrentOSFamily - SUCCESS</message>
</record>
<record>
  <date>2026-01-07T06:41:11</date>
  <millis>1767768071399</millis>
  <sequence>375</sequence>
  <logger>com.ibm.ws.install.configmanager.actionengine.ant.utils.ANTLogToCmtLogAdapter</logger>
  <level>INFO</level>
  <class>com.ibm.ws.install.configmanager.actionengine.ant.utils.ANTLogToCmtLogAdapter</class>
  <method>targetStarted</method>
  <thread>1</thread>
  <message>Target started for: setOSFileSeparator</message>
</record>
<record>
  <date>2026-01-07T06:41:11</date>
  <millis>1767768071402</millis>
  <sequence>376</sequence>
  <logger>com.ibm.ws.install.configmanager.actionengine.ant.utils.ANTLogToCmtLogAdapter</logger>
  <level>INFO</level>
  <class>com.ibm.ws.install.configmanager.actionengine.ant.utils.ANTLogToCmtLogAdapter</class>
  <method>targetFinished</method>
  <thread>1</thread>
  <message>Target stopped for: setOSFileSeparator - SUCCESS</message>
</record>
<record>
  <date>2026-01-07T06:41:11</date>
  <millis>1767768071402</millis>
  <sequence>377</sequence>
  <logger>com.ibm.ws.install.configmanager.actionengine.ant.utils.ANTLogToCmtLogAdapter</logger>
  <level>INFO</level>
  <class>com.ibm.ws.install.configmanager.actionengine.ant.utils.ANTLogToCmtLogAdapter</class>
  <method>targetStarted</method>
  <thread>1</thread>
  <message>Target started for: setOSScriptExtension</message>
</record>
<record>
  <date>2026-01-07T06:41:11</date>
  <millis>1767768071403</millis>
  <sequence>378</sequence>
  <logger>com.ibm.ws.install.configmanager.actionengine.ant.utils.ANTLogToCmtLogAdapter</logger>
  <level>INFO</level>
  <class>com.ibm.ws.install.configmanager.actionengine.ant.utils.ANTLogToCmtLogAdapter</class>
  <method>targetFinished</method>
  <thread>1</thread>
  <message>Target stopped for: setOSScriptExtension - SUCCESS</message>
</record>
<record>
  <date>2026-01-07T06:41:11</date>
  <millis>1767768071404</millis>
  <sequence>379</sequence>
  <logger>com.ibm.ws.install.configmanager.actionengine.ant.utils.ANTLogToCmtLogAdapter</logger>
  <level>INFO</level>
  <class>com.ibm.ws.install.configmanager.actionengine.ant.utils.ANTLogToCmtLogAdapter</class>
  <method>targetStarted</method>
  <thread>1</thread>
  <message>Target started for: removeMaxPermSizeUnix</message>
</record>
<record>
  <date>2026-01-07T06:41:11</date>
  <millis>1767768071404</millis>
  <sequence>380</sequence>
  <logger>com.ibm.ws.install.configmanager.actionengine.ant.utils.ANTLogToCmtLogAdapter</logger>
  <level>WARNING</level>
  <class>com.ibm.ws.install.configmanager.actionengine.ant.utils.ANTLogToCmtLogAdapter</class>
  <method>messageLogged</method>
  <thread>1</thread>
  <message> WASHOME /opt/IBM/WebSphere/AppServer </message>
</record>
<record>
  <date>2026-01-07T06:41:11</date>
  <millis>1767768071417</millis>
  <sequence>381</sequence>
  <logger>com.ibm.ws.install.configmanager.actionengine.ant.utils.ANTLogToCmtLogAdapter</logger>
  <level>INFO</level>
  <class>com.ibm.ws.install.configmanager.actionengine.ant.utils.ANTLogToCmtLogAdapter</class>
  <method>targetFinished</method>
  <thread>1</thread>
  <message>Target stopped for: removeMaxPermSizeUnix - SUCCESS</message>
</record>
<record>
  <date>2026-01-07T06:41:11</date>
  <millis>1767768071417</millis>
  <sequence>382</sequence>
  <logger>com.ibm.ws.install.configmanager.actionengine.ant.utils.ANTLogToCmtLogAdapter</logger>
  <level>INFO</level>
  <class>com.ibm.ws.install.configmanager.actionengine.ant.utils.ANTLogToCmtLogAdapter</class>
  <method>targetStarted</method>
  <thread>1</thread>
  <message>Target started for: runChmod</message>
</record>
<record>
  <date>2026-01-07T06:41:11</date>
  <millis>1767768071434</millis>
  <sequence>383</sequence>
  <logger>com.ibm.ws.install.configmanager.actionengine.ant.utils.ANTLogToCmtLogAdapter</logger>
  <level>INFO</level>
  <class>com.ibm.ws.install.configmanager.actionengine.ant.utils.ANTLogToCmtLogAdapter</class>
  <method>targetFinished</method>
  <thread>1</thread>
  <message>Target stopped for: runChmod - SUCCESS</message>
</record>
<record>
  <date>2026-01-07T06:41:11</date>
  <millis>1767768071434</millis>
  <sequence>384</sequence>
  <logger>com.ibm.ws.install.configmanager.actionengine.ant.utils.ANTLogToCmtLogAdapter</logger>
  <level>INFO</level>
  <class>com.ibm.ws.install.configmanager.actionengine.ant.utils.ANTLogToCmtLogAdapter</class>
  <method>targetStarted</method>
  <thread>1</thread>
  <message>Target started for: fixWsadminShellScript</message>
</record>
<record>
  <date>2026-01-07T06:41:11</date>
  <millis>1767768071434</millis>
  <sequence>385</sequence>
  <logger>com.ibm.ws.install.configmanager.actionengine.ant.utils.ANTLogToCmtLogAdapter</logger>
  <level>INFO</level>
  <class>com.ibm.ws.install.configmanager.actionengine.ant.utils.ANTLogToCmtLogAdapter</class>
  <method>targetFinished</method>
  <thread>1</thread>
  <message>Target stopped for: fixWsadminShellScript - SUCCESS</message>
</record>
<record>
  <date>2026-01-07T06:41:11</date>
  <millis>1767768071434</millis>
  <sequence>386</sequence>
  <logger>com.ibm.ws.install.configmanager.actionengine.ant.utils.ANTLogToCmtLogAdapter</logger>
  <level>INFO</level>
  <class>com.ibm.ws.install.configmanager.actionengine.ant.utils.ANTLogToCmtLogAdapter</class>
  <method>targetStarted</method>
  <thread>1</thread>
  <message>Target started for: install</message>
</record>
<record>
  <date>2026-01-07T06:41:11</date>
  <millis>1767768071434</millis>
  <sequence>387</sequence>
  <logger>com.ibm.ws.install.configmanager.actionengine.ant.utils.ANTLogToCmtLogAdapter</logger>
  <level>INFO</level>
  <class>com.ibm.ws.install.configmanager.actionengine.ant.utils.ANTLogToCmtLogAdapter</class>
  <method>targetFinished</method>
  <thread>1</thread>
  <message>Target stopped for: install - SUCCESS</message>
</record>
<record>
  <date>2026-01-07T06:41:11</date>
  <millis>1767768071435</millis>
  <sequence>388</sequence>
  <logger>com.ibm.ws.install.configmanager.actionengine.ant.utils.ANTLogToCmtLogAdapter</logger>
  <level>INFO</level>
  <class>com.ibm.ws.install.configmanager.actionengine.ant.utils.ANTLogToCmtLogAdapter</class>
  <method>buildFinished</method>
  <thread>1</thread>
  <message>Build stopped - SUCCESS</message>
</record>
<record>
  <date>2026-01-07T06:41:11</date>
  <millis>1767768071435</millis>
  <sequence>389</sequence>
  <logger>com.ibm.ws.install.configmanager.actionengine.ANTAction</logger>
  <level>INFO</level>
  <class>com.ibm.ws.install.configmanager.actionengine.ANTAction</class>
  <method>executeAction</method>
  <thread>1</thread>
  <message>Result of executing /opt/IBM/WebSphere/AppServer/properties/postinstall/fixpack/actions/removeMaxPermSizePH36410.ant was: true</message>
</record>
<record>
  <date>2026-01-07T06:41:11</date>
  <millis>1767768071435</millis>
  <sequence>390</sequence>
  <logger>com.ibm.ws.install.configmanager.ConfigManager</logger>
  <level>INFO</level>
  <class>com.ibm.ws.install.configmanager.ConfigManager</class>
  <method>executeAllActionsFound</method>
  <thread>1</thread>
  <message>Configuration action succeeded: com.ibm.ws.install.configmanager.actionengine.ConfigAction-/opt/IBM/WebSphere/AppServer/properties/postinstall/fixpack/actions/removeMaxPermSizePH36410.ant</message>
</record>
<record>
  <date>2026-01-07T06:41:11</date>
  <millis>1767768071436</millis>
  <sequence>391</sequence>
  <logger>com.ibm.ws.postinstall.cmext.ConfigManagerExtension</logger>
  <level>INFO</level>
  <class>com.ibm.ws.postinstall.cmext.ConfigManagerExtension</class>
  <method>configurationActionPreprocessor</method>
  <thread>1</thread>
  <message>preprocessing config action /opt/IBM/WebSphere/AppServer/properties/postinstall/fixpack/actions/fixBackupConfigScript.ant</message>
</record>
<record>
  <date>2026-01-07T06:41:11</date>
  <millis>1767768071436</millis>
  <sequence>392</sequence>
  <logger>com.ibm.ws.postinstall.cmext.ConfigManagerExtension</logger>
  <level>INFO</level>
  <class>com.ibm.ws.postinstall.cmext.ConfigManagerExtension</class>
  <method>configurationActionPreprocessor</method>
  <thread>1</thread>
  <message>profileUpdate attribute =  false</message>
</record>
<record>
  <date>2026-01-07T06:41:11</date>
  <millis>1767768071436</millis>
  <sequence>393</sequence>
  <logger>com.ibm.ws.postinstall.cmext.ConfigManagerExtension</logger>
  <level>INFO</level>
  <class>com.ibm.ws.postinstall.cmext.ConfigManagerExtension</class>
  <method>configurationActionPreprocessor</method>
  <thread>1</thread>
  <message>alwaysExecute attribute =  false</message>
</record>
<record>
  <date>2026-01-07T06:41:11</date>
  <millis>1767768071437</millis>
  <sequence>394</sequence>
  <logger>com.ibm.ws.postinstall.cmext.ConfigManagerExtension</logger>
  <level>INFO</level>
  <class>com.ibm.ws.postinstall.cmext.ConfigManagerExtension</class>
  <method>configurationActionPreprocessor</method>
  <thread>1</thread>
  <message>altersFile attribute =  </message>
</record>
<record>
  <date>2026-01-07T06:41:11</date>
  <millis>1767768071437</millis>
  <sequence>395</sequence>
  <logger>com.ibm.ws.postinstall.cmext.ConfigManagerExtension</logger>
  <level>INFO</level>
  <class>com.ibm.ws.postinstall.cmext.ConfigManagerExtension</class>
  <method>configurationActionPreprocessor</method>
  <thread>1</thread>
  <message>action target =  install</message>
</record>
<record>
  <date>2026-01-07T06:41:11</date>
  <millis>1767768071437</millis>
  <sequence>396</sequence>
  <logger>com.ibm.ws.postinstall.cmext.ConfigManagerExtension</logger>
  <level>INFO</level>
  <class>com.ibm.ws.postinstall.cmext.ConfigManagerExtension</class>
  <method>configurationActionPreprocessor</method>
  <thread>1</thread>
  <message>permissionsProcessing =  false</message>
</record>
<record>
  <date>2026-01-07T06:41:11</date>
  <millis>1767768071437</millis>
  <sequence>397</sequence>
  <logger>com.ibm.ws.postinstall.cmext.ConfigManagerExtension</logger>
  <level>INFO</level>
  <class>com.ibm.ws.postinstall.cmext.ConfigManagerExtension</class>
  <method>configurationActionPreprocessor</method>
  <thread>1</thread>
  <message>profilePath =  null</message>
</record>
<record>
  <date>2026-01-07T06:41:11</date>
  <millis>1767768071441</millis>
  <sequence>398</sequence>
  <logger>com.ibm.ws.postinstall.cmext.ConfigManagerExtension</logger>
  <level>INFO</level>
  <class>com.ibm.ws.postinstall.cmext.ConfigManagerExtension</class>
  <method>configurationActionPreprocessor</method>
  <thread>1</thread>
  <message>management workspace =  /opt/IBM/WebSphere/AppServer/properties/workspace</message>
</record>
<record>
  <date>2026-01-07T06:41:11</date>
  <millis>1767768071441</millis>
  <sequence>399</sequence>
  <logger>com.ibm.ws.install.configmanager.actionengine.ANTAction</logger>
  <level>INFO</level>
  <class>com.ibm.ws.install.configmanager.actionengine.ANTAction</class>
  <method>executeAction</method>
  <thread>1</thread>
  <message>Using an InProcess ANT call to execute this action: /opt/IBM/WebSphere/AppServer/properties/postinstall/fixpack/actions/fixBackupConfigScript.ant</message>
</record>
<record>
  <date>2026-01-07T06:41:11</date>
  <millis>1767768071441</millis>
  <sequence>400</sequence>
  <logger>com.ibm.ws.install.configmanager.actionengine.ant.utils.InProcessAntRunner</logger>
  <level>INFO</level>
  <class>com.ibm.ws.install.configmanager.actionengine.ant.utils.InProcessAntRunner</class>
  <method>logOutputMessage</method>
  <thread>1</thread>
  <message>Buildfile: /opt/IBM/WebSphere/AppServer/properties/postinstall/fixpack/actions/fixBackupConfigScript.ant</message>
</record>
<record>
  <date>2026-01-07T06:41:11</date>
  <millis>1767768071442</millis>
  <sequence>401</sequence>
  <logger>com.ibm.ws.install.configmanager.actionengine.ant.utils.ANTLogToCmtLogAdapter</logger>
  <level>INFO</level>
  <class>com.ibm.ws.install.configmanager.actionengine.ant.utils.ANTLogToCmtLogAdapter</class>
  <method>buildStarted</method>
  <thread>1</thread>
  <message>Build started.</message>
</record>
<record>
  <date>2026-01-07T06:41:11</date>
  <millis>1767768071467</millis>
  <sequence>402</sequence>
  <logger>com.ibm.ws.install.configmanager.actionengine.ant.utils.ANTLogToCmtLogAdapter</logger>
  <level>INFO</level>
  <class>com.ibm.ws.install.configmanager.actionengine.ant.utils.ANTLogToCmtLogAdapter</class>
  <method>targetStarted</method>
  <thread>1</thread>
  <message>Target started for: detectCurrentOSFamily</message>
</record>
<record>
  <date>2026-01-07T06:41:11</date>
  <millis>1767768071535</millis>
  <sequence>403</sequence>
  <logger>com.ibm.ws.install.configmanager.actionengine.ant.utils.ANTLogToCmtLogAdapter</logger>
  <level>WARNING</level>
  <class>com.ibm.ws.install.configmanager.actionengine.ant.utils.ANTLogToCmtLogAdapter</class>
  <method>messageLogged</method>
  <thread>1</thread>
  <message> In detectCurrentOSFamily </message>
</record>
<record>
  <date>2026-01-07T06:41:11</date>
  <millis>1767768071558</millis>
  <sequence>404</sequence>
  <logger>com.ibm.ws.install.configmanager.actionengine.ant.utils.ANTLogToCmtLogAdapter</logger>
  <level>WARNING</level>
  <class>com.ibm.ws.install.configmanager.actionengine.ant.utils.ANTLogToCmtLogAdapter</class>
  <method>messageLogged</method>
  <thread>1</thread>
  <message>Detected current OS family to be: unix</message>
</record>
<record>
  <date>2026-01-07T06:41:11</date>
  <millis>1767768071559</millis>
  <sequence>405</sequence>
  <logger>com.ibm.ws.install.configmanager.actionengine.ant.utils.ANTLogToCmtLogAdapter</logger>
  <level>WARNING</level>
  <class>com.ibm.ws.install.configmanager.actionengine.ant.utils.ANTLogToCmtLogAdapter</class>
  <method>messageLogged</method>
  <thread>1</thread>
  <message>Determination as Unix based: true</message>
</record>
<record>
  <date>2026-01-07T06:41:11</date>
  <millis>1767768071559</millis>
  <sequence>406</sequence>
  <logger>com.ibm.ws.install.configmanager.actionengine.ant.utils.ANTLogToCmtLogAdapter</logger>
  <level>INFO</level>
  <class>com.ibm.ws.install.configmanager.actionengine.ant.utils.ANTLogToCmtLogAdapter</class>
  <method>targetFinished</method>
  <thread>1</thread>
  <message>Target stopped for: detectCurrentOSFamily - SUCCESS</message>
</record>
<record>
  <date>2026-01-07T06:41:11</date>
  <millis>1767768071559</millis>
  <sequence>407</sequence>
  <logger>com.ibm.ws.install.configmanager.actionengine.ant.utils.ANTLogToCmtLogAdapter</logger>
  <level>INFO</level>
  <class>com.ibm.ws.install.configmanager.actionengine.ant.utils.ANTLogToCmtLogAdapter</class>
  <method>targetStarted</method>
  <thread>1</thread>
  <message>Target started for: setOSFileSeparator</message>
</record>
<record>
  <date>2026-01-07T06:41:11</date>
  <millis>1767768071560</millis>
  <sequence>408</sequence>
  <logger>com.ibm.ws.install.configmanager.actionengine.ant.utils.ANTLogToCmtLogAdapter</logger>
  <level>WARNING</level>
  <class>com.ibm.ws.install.configmanager.actionengine.ant.utils.ANTLogToCmtLogAdapter</class>
  <method>messageLogged</method>
  <thread>1</thread>
  <message> In setOSFileSeparator </message>
</record>
<record>
  <date>2026-01-07T06:41:11</date>
  <millis>1767768071561</millis>
  <sequence>409</sequence>
  <logger>com.ibm.ws.install.configmanager.actionengine.ant.utils.ANTLogToCmtLogAdapter</logger>
  <level>INFO</level>
  <class>com.ibm.ws.install.configmanager.actionengine.ant.utils.ANTLogToCmtLogAdapter</class>
  <method>targetFinished</method>
  <thread>1</thread>
  <message>Target stopped for: setOSFileSeparator - SUCCESS</message>
</record>
<record>
  <date>2026-01-07T06:41:11</date>
  <millis>1767768071561</millis>
  <sequence>410</sequence>
  <logger>com.ibm.ws.install.configmanager.actionengine.ant.utils.ANTLogToCmtLogAdapter</logger>
  <level>INFO</level>
  <class>com.ibm.ws.install.configmanager.actionengine.ant.utils.ANTLogToCmtLogAdapter</class>
  <method>targetStarted</method>
  <thread>1</thread>
  <message>Target started for: setOSScriptExtension</message>
</record>
<record>
  <date>2026-01-07T06:41:11</date>
  <millis>1767768071561</millis>
  <sequence>411</sequence>
  <logger>com.ibm.ws.install.configmanager.actionengine.ant.utils.ANTLogToCmtLogAdapter</logger>
  <level>WARNING</level>
  <class>com.ibm.ws.install.configmanager.actionengine.ant.utils.ANTLogToCmtLogAdapter</class>
  <method>messageLogged</method>
  <thread>1</thread>
  <message> In setOSScriptExtension </message>
</record>
<record>
  <date>2026-01-07T06:41:11</date>
  <millis>1767768071566</millis>
  <sequence>412</sequence>
  <logger>com.ibm.ws.install.configmanager.actionengine.ant.utils.ANTLogToCmtLogAdapter</logger>
  <level>INFO</level>
  <class>com.ibm.ws.install.configmanager.actionengine.ant.utils.ANTLogToCmtLogAdapter</class>
  <method>targetFinished</method>
  <thread>1</thread>
  <message>Target stopped for: setOSScriptExtension - SUCCESS</message>
</record>
<record>
  <date>2026-01-07T06:41:11</date>
  <millis>1767768071566</millis>
  <sequence>413</sequence>
  <logger>com.ibm.ws.install.configmanager.actionengine.ant.utils.ANTLogToCmtLogAdapter</logger>
  <level>INFO</level>
  <class>com.ibm.ws.install.configmanager.actionengine.ant.utils.ANTLogToCmtLogAdapter</class>
  <method>targetStarted</method>
  <thread>1</thread>
  <message>Target started for: fileExist</message>
</record>
<record>
  <date>2026-01-07T06:41:11</date>
  <millis>1767768071567</millis>
  <sequence>414</sequence>
  <logger>com.ibm.ws.install.configmanager.actionengine.ant.utils.ANTLogToCmtLogAdapter</logger>
  <level>WARNING</level>
  <class>com.ibm.ws.install.configmanager.actionengine.ant.utils.ANTLogToCmtLogAdapter</class>
  <method>messageLogged</method>
  <thread>1</thread>
  <message> In fileExist : true</message>
</record>
<record>
  <date>2026-01-07T06:41:11</date>
  <millis>1767768071567</millis>
  <sequence>415</sequence>
  <logger>com.ibm.ws.install.configmanager.actionengine.ant.utils.ANTLogToCmtLogAdapter</logger>
  <level>WARNING</level>
  <class>com.ibm.ws.install.configmanager.actionengine.ant.utils.ANTLogToCmtLogAdapter</class>
  <method>messageLogged</method>
  <thread>1</thread>
  <message> WASHOME /opt/IBM/WebSphere/AppServer </message>
</record>
<record>
  <date>2026-01-07T06:41:11</date>
  <millis>1767768071569</millis>
  <sequence>416</sequence>
  <logger>com.ibm.ws.install.configmanager.actionengine.ant.utils.ANTLogToCmtLogAdapter</logger>
  <level>WARNING</level>
  <class>com.ibm.ws.install.configmanager.actionengine.ant.utils.ANTLogToCmtLogAdapter</class>
  <method>messageLogged</method>
  <thread>1</thread>
  <message>The file is = /opt/IBM/WebSphere/AppServer/bin/backupConfig.sh</message>
</record>
<record>
  <date>2026-01-07T06:41:11</date>
  <millis>1767768071569</millis>
  <sequence>417</sequence>
  <logger>com.ibm.ws.install.configmanager.actionengine.ant.utils.ANTLogToCmtLogAdapter</logger>
  <level>INFO</level>
  <class>com.ibm.ws.install.configmanager.actionengine.ant.utils.ANTLogToCmtLogAdapter</class>
  <method>targetFinished</method>
  <thread>1</thread>
  <message>Target stopped for: fileExist - SUCCESS</message>
</record>
<record>
  <date>2026-01-07T06:41:11</date>
  <millis>1767768071569</millis>
  <sequence>418</sequence>
  <logger>com.ibm.ws.install.configmanager.actionengine.ant.utils.ANTLogToCmtLogAdapter</logger>
  <level>INFO</level>
  <class>com.ibm.ws.install.configmanager.actionengine.ant.utils.ANTLogToCmtLogAdapter</class>
  <method>targetStarted</method>
  <thread>1</thread>
  <message>Target started for: checkScriptContainClasspath</message>
</record>
<record>
  <date>2026-01-07T06:41:11</date>
  <millis>1767768071576</millis>
  <sequence>419</sequence>
  <logger>com.ibm.ws.install.configmanager.actionengine.ant.utils.ANTLogToCmtLogAdapter</logger>
  <level>WARNING</level>
  <class>com.ibm.ws.install.configmanager.actionengine.ant.utils.ANTLogToCmtLogAdapter</class>
  <method>messageLogged</method>
  <thread>1</thread>
  <message>Check script is updated or not: ${scriptNotUpdated}</message>
</record>
<record>
  <date>2026-01-07T06:41:11</date>
  <millis>1767768071576</millis>
  <sequence>420</sequence>
  <logger>com.ibm.ws.install.configmanager.actionengine.ant.utils.ANTLogToCmtLogAdapter</logger>
  <level>INFO</level>
  <class>com.ibm.ws.install.configmanager.actionengine.ant.utils.ANTLogToCmtLogAdapter</class>
  <method>targetFinished</method>
  <thread>1</thread>
  <message>Target stopped for: checkScriptContainClasspath - SUCCESS</message>
</record>
<record>
  <date>2026-01-07T06:41:11</date>
  <millis>1767768071577</millis>
  <sequence>421</sequence>
  <logger>com.ibm.ws.install.configmanager.actionengine.ant.utils.ANTLogToCmtLogAdapter</logger>
  <level>INFO</level>
  <class>com.ibm.ws.install.configmanager.actionengine.ant.utils.ANTLogToCmtLogAdapter</class>
  <method>targetStarted</method>
  <thread>1</thread>
  <message>Target started for: replaceCPathInUnixScript</message>
</record>
<record>
  <date>2026-01-07T06:41:11</date>
  <millis>1767768071577</millis>
  <sequence>422</sequence>
  <logger>com.ibm.ws.install.configmanager.actionengine.ant.utils.ANTLogToCmtLogAdapter</logger>
  <level>WARNING</level>
  <class>com.ibm.ws.install.configmanager.actionengine.ant.utils.ANTLogToCmtLogAdapter</class>
  <method>messageLogged</method>
  <thread>1</thread>
  <message> In replaceCPathInUnixScript </message>
</record>
<record>
  <date>2026-01-07T06:41:11</date>
  <millis>1767768071586</millis>
  <sequence>423</sequence>
  <logger>com.ibm.ws.install.configmanager.actionengine.ant.utils.ANTLogToCmtLogAdapter</logger>
  <level>INFO</level>
  <class>com.ibm.ws.install.configmanager.actionengine.ant.utils.ANTLogToCmtLogAdapter</class>
  <method>targetFinished</method>
  <thread>1</thread>
  <message>Target stopped for: replaceCPathInUnixScript - SUCCESS</message>
</record>
<record>
  <date>2026-01-07T06:41:11</date>
  <millis>1767768071587</millis>
  <sequence>424</sequence>
  <logger>com.ibm.ws.install.configmanager.actionengine.ant.utils.ANTLogToCmtLogAdapter</logger>
  <level>INFO</level>
  <class>com.ibm.ws.install.configmanager.actionengine.ant.utils.ANTLogToCmtLogAdapter</class>
  <method>targetStarted</method>
  <thread>1</thread>
  <message>Target started for: runChmod</message>
</record>
<record>
  <date>2026-01-07T06:41:11</date>
  <millis>1767768071597</millis>
  <sequence>425</sequence>
  <logger>com.ibm.ws.install.configmanager.actionengine.ant.utils.ANTLogToCmtLogAdapter</logger>
  <level>INFO</level>
  <class>com.ibm.ws.install.configmanager.actionengine.ant.utils.ANTLogToCmtLogAdapter</class>
  <method>targetFinished</method>
  <thread>1</thread>
  <message>Target stopped for: runChmod - SUCCESS</message>
</record>
<record>
  <date>2026-01-07T06:41:11</date>
  <millis>1767768071598</millis>
  <sequence>426</sequence>
  <logger>com.ibm.ws.install.configmanager.actionengine.ant.utils.ANTLogToCmtLogAdapter</logger>
  <level>INFO</level>
  <class>com.ibm.ws.install.configmanager.actionengine.ant.utils.ANTLogToCmtLogAdapter</class>
  <method>targetStarted</method>
  <thread>1</thread>
  <message>Target started for: install</message>
</record>
<record>
  <date>2026-01-07T06:41:11</date>
  <millis>1767768071598</millis>
  <sequence>427</sequence>
  <logger>com.ibm.ws.install.configmanager.actionengine.ant.utils.ANTLogToCmtLogAdapter</logger>
  <level>INFO</level>
  <class>com.ibm.ws.install.configmanager.actionengine.ant.utils.ANTLogToCmtLogAdapter</class>
  <method>targetFinished</method>
  <thread>1</thread>
  <message>Target stopped for: install - SUCCESS</message>
</record>
<record>
  <date>2026-01-07T06:41:11</date>
  <millis>1767768071598</millis>
  <sequence>428</sequence>
  <logger>com.ibm.ws.install.configmanager.actionengine.ant.utils.ANTLogToCmtLogAdapter</logger>
  <level>INFO</level>
  <class>com.ibm.ws.install.configmanager.actionengine.ant.utils.ANTLogToCmtLogAdapter</class>
  <method>buildFinished</method>
  <thread>1</thread>
  <message>Build stopped - SUCCESS</message>
</record>
<record>
  <date>2026-01-07T06:41:11</date>
  <millis>1767768071598</millis>
  <sequence>429</sequence>
  <logger>com.ibm.ws.install.configmanager.actionengine.ANTAction</logger>
  <level>INFO</level>
  <class>com.ibm.ws.install.configmanager.actionengine.ANTAction</class>
  <method>executeAction</method>
  <thread>1</thread>
  <message>Result of executing /opt/IBM/WebSphere/AppServer/properties/postinstall/fixpack/actions/fixBackupConfigScript.ant was: true</message>
</record>
<record>
  <date>2026-01-07T06:41:11</date>
  <millis>1767768071598</millis>
  <sequence>430</sequence>
  <logger>com.ibm.ws.install.configmanager.ConfigManager</logger>
  <level>INFO</level>
  <class>com.ibm.ws.install.configmanager.ConfigManager</class>
  <method>executeAllActionsFound</method>
  <thread>1</thread>
  <message>Configuration action succeeded: com.ibm.ws.install.configmanager.actionengine.ConfigAction-/opt/IBM/WebSphere/AppServer/properties/postinstall/fixpack/actions/fixBackupConfigScript.ant</message>
</record>
<record>
  <date>2026-01-07T06:41:11</date>
  <millis>1767768071599</millis>
  <sequence>431</sequence>
  <logger>com.ibm.ws.postinstall.cmext.ConfigManagerExtension</logger>
  <level>INFO</level>
  <class>com.ibm.ws.postinstall.cmext.ConfigManagerExtension</class>
  <method>configurationActionPreprocessor</method>
  <thread>1</thread>
  <message>preprocessing config action /opt/IBM/WebSphere/AppServer/properties/postinstall/fixpack/actions/removeISADCEmptyDirectories.ant</message>
</record>
<record>
  <date>2026-01-07T06:41:11</date>
  <millis>1767768071600</millis>
  <sequence>432</sequence>
  <logger>com.ibm.ws.postinstall.cmext.ConfigManagerExtension</logger>
  <level>INFO</level>
  <class>com.ibm.ws.postinstall.cmext.ConfigManagerExtension</class>
  <method>configurationActionPreprocessor</method>
  <thread>1</thread>
  <message>profileUpdate attribute =  false</message>
</record>
<record>
  <date>2026-01-07T06:41:11</date>
  <millis>1767768071600</millis>
  <sequence>433</sequence>
  <logger>com.ibm.ws.postinstall.cmext.ConfigManagerExtension</logger>
  <level>INFO</level>
  <class>com.ibm.ws.postinstall.cmext.ConfigManagerExtension</class>
  <method>configurationActionPreprocessor</method>
  <thread>1</thread>
  <message>alwaysExecute attribute =  false</message>
</record>
<record>
  <date>2026-01-07T06:41:11</date>
  <millis>1767768071600</millis>
  <sequence>434</sequence>
  <logger>com.ibm.ws.postinstall.cmext.ConfigManagerExtension</logger>
  <level>INFO</level>
  <class>com.ibm.ws.postinstall.cmext.ConfigManagerExtension</class>
  <method>configurationActionPreprocessor</method>
  <thread>1</thread>
  <message>altersFile attribute =  </message>
</record>
<record>
  <date>2026-01-07T06:41:11</date>
  <millis>1767768071600</millis>
  <sequence>435</sequence>
  <logger>com.ibm.ws.postinstall.cmext.ConfigManagerExtension</logger>
  <level>INFO</level>
  <class>com.ibm.ws.postinstall.cmext.ConfigManagerExtension</class>
  <method>configurationActionPreprocessor</method>
  <thread>1</thread>
  <message>action target =  install</message>
</record>
<record>
  <date>2026-01-07T06:41:11</date>
  <millis>1767768071600</millis>
  <sequence>436</sequence>
  <logger>com.ibm.ws.postinstall.cmext.ConfigManagerExtension</logger>
  <level>INFO</level>
  <class>com.ibm.ws.postinstall.cmext.ConfigManagerExtension</class>
  <method>configurationActionPreprocessor</method>
  <thread>1</thread>
  <message>permissionsProcessing =  false</message>
</record>
<record>
  <date>2026-01-07T06:41:11</date>
  <millis>1767768071603</millis>
  <sequence>437</sequence>
  <logger>com.ibm.ws.postinstall.cmext.ConfigManagerExtension</logger>
  <level>INFO</level>
  <class>com.ibm.ws.postinstall.cmext.ConfigManagerExtension</class>
  <method>configurationActionPreprocessor</method>
  <thread>1</thread>
  <message>profilePath =  null</message>
</record>
<record>
  <date>2026-01-07T06:41:11</date>
  <millis>1767768071604</millis>
  <sequence>438</sequence>
  <logger>com.ibm.ws.postinstall.cmext.ConfigManagerExtension</logger>
  <level>INFO</level>
  <class>com.ibm.ws.postinstall.cmext.ConfigManagerExtension</class>
  <method>configurationActionPreprocessor</method>
  <thread>1</thread>
  <message>management workspace =  /opt/IBM/WebSphere/AppServer/properties/workspace</message>
</record>
<record>
  <date>2026-01-07T06:41:11</date>
  <millis>1767768071604</millis>
  <sequence>439</sequence>
  <logger>com.ibm.ws.install.configmanager.actionengine.ANTAction</logger>
  <level>INFO</level>
  <class>com.ibm.ws.install.configmanager.actionengine.ANTAction</class>
  <method>executeAction</method>
  <thread>1</thread>
  <message>Using an InProcess ANT call to execute this action: /opt/IBM/WebSphere/AppServer/properties/postinstall/fixpack/actions/removeISADCEmptyDirectories.ant</message>
</record>
<record>
  <date>2026-01-07T06:41:11</date>
  <millis>1767768071604</millis>
  <sequence>440</sequence>
  <logger>com.ibm.ws.install.configmanager.actionengine.ant.utils.InProcessAntRunner</logger>
  <level>INFO</level>
  <class>com.ibm.ws.install.configmanager.actionengine.ant.utils.InProcessAntRunner</class>
  <method>logOutputMessage</method>
  <thread>1</thread>
  <message>Buildfile: /opt/IBM/WebSphere/AppServer/properties/postinstall/fixpack/actions/removeISADCEmptyDirectories.ant</message>
</record>
<record>
  <date>2026-01-07T06:41:11</date>
  <millis>1767768071605</millis>
  <sequence>441</sequence>
  <logger>com.ibm.ws.install.configmanager.actionengine.ant.utils.ANTLogToCmtLogAdapter</logger>
  <level>INFO</level>
  <class>com.ibm.ws.install.configmanager.actionengine.ant.utils.ANTLogToCmtLogAdapter</class>
  <method>buildStarted</method>
  <thread>1</thread>
  <message>Build started.</message>
</record>
<record>
  <date>2026-01-07T06:41:11</date>
  <millis>1767768071702</millis>
  <sequence>442</sequence>
  <logger>com.ibm.ws.install.configmanager.actionengine.ant.utils.ANTLogToCmtLogAdapter</logger>
  <level>INFO</level>
  <class>com.ibm.ws.install.configmanager.actionengine.ant.utils.ANTLogToCmtLogAdapter</class>
  <method>targetStarted</method>
  <thread>1</thread>
  <message>Target started for: detectPlatform</message>
</record>
<record>
  <date>2026-01-07T06:41:11</date>
  <millis>1767768071709</millis>
  <sequence>443</sequence>
  <logger>com.ibm.ws.install.configmanager.actionengine.ant.utils.AntTaskToLogToConfigManagersLogFiles</logger>
  <level>INFO</level>
  <class>/opt/IBM/WebSphere/AppServer/properties/postinstall/fixpack/actions/removeISADCEmptyDirectories.ant:31: </class>
  <method>detectPlatform</method>
  <thread>1</thread>
  <message>Current platform is: Linux</message>
</record>
<record>
  <date>2026-01-07T06:41:11</date>
  <millis>1767768071710</millis>
  <sequence>444</sequence>
  <logger>com.ibm.ws.install.configmanager.actionengine.ant.utils.ANTLogToCmtLogAdapter</logger>
  <level>INFO</level>
  <class>com.ibm.ws.install.configmanager.actionengine.ant.utils.ANTLogToCmtLogAdapter</class>
  <method>targetFinished</method>
  <thread>1</thread>
  <message>Target stopped for: detectPlatform - SUCCESS</message>
</record>
<record>
  <date>2026-01-07T06:41:11</date>
  <millis>1767768071710</millis>
  <sequence>445</sequence>
  <logger>com.ibm.ws.install.configmanager.actionengine.ant.utils.ANTLogToCmtLogAdapter</logger>
  <level>INFO</level>
  <class>com.ibm.ws.install.configmanager.actionengine.ant.utils.ANTLogToCmtLogAdapter</class>
  <method>targetStarted</method>
  <thread>1</thread>
  <message>Target started for: removeISADCDirectories</message>
</record>
<record>
  <date>2026-01-07T06:41:11</date>
  <millis>1767768071733</millis>
  <sequence>446</sequence>
  <logger>com.ibm.ws.install.configmanager.actionengine.ant.utils.ANTLogToCmtLogAdapter</logger>
  <level>INFO</level>
  <class>com.ibm.ws.install.configmanager.actionengine.ant.utils.ANTLogToCmtLogAdapter</class>
  <method>targetFinished</method>
  <thread>1</thread>
  <message>Target stopped for: removeISADCDirectories - SUCCESS</message>
</record>
<record>
  <date>2026-01-07T06:41:11</date>
  <millis>1767768071736</millis>
  <sequence>447</sequence>
  <logger>com.ibm.ws.install.configmanager.actionengine.ant.utils.ANTLogToCmtLogAdapter</logger>
  <level>INFO</level>
  <class>com.ibm.ws.install.configmanager.actionengine.ant.utils.ANTLogToCmtLogAdapter</class>
  <method>targetStarted</method>
  <thread>1</thread>
  <message>Target started for: removeISADCScriptFiles</message>
</record>
<record>
  <date>2026-01-07T06:41:13</date>
  <millis>1767768073141</millis>
  <sequence>448</sequence>
  <logger>com.ibm.ws.install.configmanager.actionengine.ant.utils.ANTLogToCmtLogAdapter</logger>
  <level>INFO</level>
  <class>com.ibm.ws.install.configmanager.actionengine.ant.utils.ANTLogToCmtLogAdapter</class>
  <method>targetFinished</method>
  <thread>1</thread>
  <message>Target stopped for: removeISADCScriptFiles - SUCCESS</message>
</record>
<record>
  <date>2026-01-07T06:41:13</date>
  <millis>1767768073145</millis>
  <sequence>449</sequence>
  <logger>com.ibm.ws.install.configmanager.actionengine.ant.utils.ANTLogToCmtLogAdapter</logger>
  <level>INFO</level>
  <class>com.ibm.ws.install.configmanager.actionengine.ant.utils.ANTLogToCmtLogAdapter</class>
  <method>targetStarted</method>
  <thread>1</thread>
  <message>Target started for: removeISADCScriptFilesOnOS400</message>
</record>
<record>
  <date>2026-01-07T06:41:13</date>
  <millis>1767768073146</millis>
  <sequence>450</sequence>
  <logger>com.ibm.ws.install.configmanager.actionengine.ant.utils.ANTLogToCmtLogAdapter</logger>
  <level>INFO</level>
  <class>com.ibm.ws.install.configmanager.actionengine.ant.utils.ANTLogToCmtLogAdapter</class>
  <method>targetFinished</method>
  <thread>1</thread>
  <message>Target stopped for: removeISADCScriptFilesOnOS400 - SUCCESS</message>
</record>
<record>
  <date>2026-01-07T06:41:13</date>
  <millis>1767768073146</millis>
  <sequence>451</sequence>
  <logger>com.ibm.ws.install.configmanager.actionengine.ant.utils.ANTLogToCmtLogAdapter</logger>
  <level>INFO</level>
  <class>com.ibm.ws.install.configmanager.actionengine.ant.utils.ANTLogToCmtLogAdapter</class>
  <method>targetStarted</method>
  <thread>1</thread>
  <message>Target started for: install</message>
</record>
<record>
  <date>2026-01-07T06:41:13</date>
  <millis>1767768073146</millis>
  <sequence>452</sequence>
  <logger>com.ibm.ws.install.configmanager.actionengine.ant.utils.ANTLogToCmtLogAdapter</logger>
  <level>INFO</level>
  <class>com.ibm.ws.install.configmanager.actionengine.ant.utils.ANTLogToCmtLogAdapter</class>
  <method>targetFinished</method>
  <thread>1</thread>
  <message>Target stopped for: install - SUCCESS</message>
</record>
<record>
  <date>2026-01-07T06:41:13</date>
  <millis>1767768073146</millis>
  <sequence>453</sequence>
  <logger>com.ibm.ws.install.configmanager.actionengine.ant.utils.ANTLogToCmtLogAdapter</logger>
  <level>INFO</level>
  <class>com.ibm.ws.install.configmanager.actionengine.ant.utils.ANTLogToCmtLogAdapter</class>
  <method>buildFinished</method>
  <thread>1</thread>
  <message>Build stopped - SUCCESS</message>
</record>
<record>
  <date>2026-01-07T06:41:13</date>
  <millis>1767768073146</millis>
  <sequence>454</sequence>
  <logger>com.ibm.ws.install.configmanager.actionengine.ANTAction</logger>
  <level>INFO</level>
  <class>com.ibm.ws.install.configmanager.actionengine.ANTAction</class>
  <method>executeAction</method>
  <thread>1</thread>
  <message>Result of executing /opt/IBM/WebSphere/AppServer/properties/postinstall/fixpack/actions/removeISADCEmptyDirectories.ant was: true</message>
</record>
<record>
  <date>2026-01-07T06:41:13</date>
  <millis>1767768073146</millis>
  <sequence>455</sequence>
  <logger>com.ibm.ws.install.configmanager.ConfigManager</logger>
  <level>INFO</level>
  <class>com.ibm.ws.install.configmanager.ConfigManager</class>
  <method>executeAllActionsFound</method>
  <thread>1</thread>
  <message>Configuration action succeeded: com.ibm.ws.install.configmanager.actionengine.ConfigAction-/opt/IBM/WebSphere/AppServer/properties/postinstall/fixpack/actions/removeISADCEmptyDirectories.ant</message>
</record>
<record>
  <date>2026-01-07T06:41:13</date>
  <millis>1767768073147</millis>
  <sequence>456</sequence>
  <logger>com.ibm.ws.install.configmanager.ConfigManager</logger>
  <level>INFO</level>
  <class>com.ibm.ws.install.configmanager.ConfigManager</class>
  <method>launch</method>
  <thread>1</thread>
  <message>No errors were encountered while executing the repository actions</message>
</record>
<record>
  <date>2026-01-07T06:41:13</date>
  <millis>1767768073148</millis>
  <sequence>457</sequence>
  <logger>com.ibm.ws.install.configmanager.ConfigManager</logger>
  <level>INFO</level>
  <class>com.ibm.ws.install.configmanager.ConfigManager</class>
  <method>launch</method>
  <thread>1</thread>
  <message>Returning with return code: INSTCONFSUCCESS</message>
</record>
</log>
