<?xml version="1.0" ?>

<verbosegc xmlns="http://www.ibm.com/j9/verbosegc" version="41bf6208d_CMPRSS">

<initialized id="1" timestamp="2026-01-07T15:47:55.547">
  <attribute name="gcPolicy" value="-Xgcpolicy:gencon" />
  <attribute name="maxHeapSize" value="0x9ad00000" />
  <attribute name="initialHeapSize" value="0x3200000" />
  <attribute name="compressedRefs" value="true" />
  <attribute name="compressedRefsDisplacement" value="0x0" />
  <attribute name="compressedRefsShift" value="0x3" />
  <attribute name="pageSize" value="0x1000" />
  <attribute name="pageType" value="not used" />
  <attribute name="requestedPageSize" value="0x1000" />
  <attribute name="requestedPageType" value="not used" />
  <attribute name="gcthreads" value="4" />
  <attribute name="gcthreads Concurrent Mark" value="1" />
  <attribute name="packetListSplit" value="1" />
  <attribute name="cacheListSplit" value="1" />
  <attribute name="splitFreeListSplitAmount" value="1" />
  <attribute name="numaNodes" value="0" />
  <system>
    <attribute name="physicalMemory" value="10389897216" />
    <attribute name="addressablePhysicalMemory" value="10389897216" />
    <attribute name="container memory limit set" value="false" />
    <attribute name="numCPUs" value="4" />
    <attribute name="numCPUs active" value="4" />
    <attribute name="architecture" value="amd64" />
    <attribute name="os" value="Linux" />
    <attribute name="osVersion" value="6.17.7-300.fc43.aarch64" />
  </system>
  <vmargs>
    <vmarg name="-Xoptionsfile=/opt/IBM/WebSphere/AppServer/java/8.0/jre/lib/amd64/compressedrefs/options.default" />
    <vmarg name="-Xlockword:mode=default,noLockword=java/lang/String,noLockword=java/util/MapEntry,noLockword=java/util/HashMap$Entry,noLockword..." />
    <vmarg name="-Djava.lang.stringBuffer.growAggressively=false" />
    <vmarg name="-XX:+OriginalJDK8HeapSizeCompatibilityMode" />
    <vmarg name="-XX:+LegacyXlogOption" />
    <vmarg name="-XX:+EnsureHashed:java/lang/Class,java/lang/Thread" />
    <vmarg name="-XX:+EnableExtendedHCR" />
    <vmarg name="-Dcom.ibm.oti.vm.bootstrap.library.path=/opt/IBM/WebSphere/AppServer/java/8.0/jre/lib/amd64/compressedrefs:/opt/IBM/WebSphere/A..." />
    <vmarg name="-Dsun.boot.library.path=/opt/IBM/WebSphere/AppServer/java/8.0/jre/lib/amd64/compressedrefs:/opt/IBM/WebSphere/AppServer/java/8...." />
    <vmarg name="-Djava.library.path=/opt/IBM/WebSphere/AppServer/java/8.0/jre/lib/amd64/compressedrefs:/opt/IBM/WebSphere/AppServer/java/8.0/jr..." />
    <vmarg name="-Djava.home=/opt/IBM/WebSphere/AppServer/java/8.0/jre" />
    <vmarg name="-Djava.ext.dirs=/opt/IBM/WebSphere/AppServer/java/8.0/jre/fips140-2/lib/ext:/opt/IBM/WebSphere/AppServer/java/8.0/jre/lib/ext" />
    <vmarg name="-Duser.dir=/opt/IBM/WebSphere/AppServer/profiles/AppSrv01" />
    <vmarg name="-Djava.class.path=." />
    <vmarg name="-Dosgi.install.area=/opt/IBM/WebSphere/AppServer" />
    <vmarg name="-Dwas.status.socket=40545" />
    <vmarg name="-Dosgi.configuration.area=/opt/IBM/WebSphere/AppServer/profiles/AppSrv01/servers/server1/configuration" />
    <vmarg name="-Djava.awt.headless=true" />
    <vmarg name="-Dosgi.framework.extensions=com.ibm.cds,com.ibm.ws.eclipse.adaptors" />
    <vmarg name="-Xshareclasses:name=webspherev9_8.0_64_%g,nonFatal" />
    <vmarg name="-Dcom.ibm.xtq.processor.overrideSecureProcessing=true" />
    <vmarg name="-Xcheck:dump" />
    <vmarg name="-Djava.security.properties=/opt/IBM/WebSphere/AppServer/properties/java.security" />
    <vmarg name="-Djava.security.policy=/opt/IBM/WebSphere/AppServer/properties/java.policy" />
    <vmarg name="-Dcom.ibm.CORBA.ORBPropertyFilePath=/opt/IBM/WebSphere/AppServer/properties" />
    <vmarg name="-Xbootclasspath/p:/opt/IBM/WebSphere/AppServer/java/8.0/jre/lib/ibmorb.jar" />
    <vmarg name="-Djava.class.path=/opt/IBM/WebSphere/AppServer/profiles/AppSrv01/properties:/opt/IBM/WebSphere/AppServer/properties:/opt/IBM/We..." />
    <vmarg name="-Dibm.websphere.internalClassAccessMode=allow" />
    <vmarg name="-verbose:gc" />
    <vmarg name="-Xverbosegclog:/opt/IBM/WebSphere/AppServer/profiles/AppSrv01/logs/server1/verbosegc.%seq.log,10,7000" />
    <vmarg name="-Xms50m" />
    <vmarg name="-Xmx2477m" />
    <vmarg name="-Xcompressedrefs" />
    <vmarg name="-Xscmaxaot12M" />
    <vmarg name="-Xscmx90M" />
    <vmarg name="-Dws.ext.dirs=/opt/IBM/WebSphere/AppServer/java/8.0/lib:/opt/IBM/WebSphere/AppServer/profiles/AppSrv01/classes:/opt/IBM/WebSphe..." />
    <vmarg name="-Dderby.system.home=/opt/IBM/WebSphere/AppServer/derby" />
    <vmarg name="-Dcom.ibm.itp.location=/opt/IBM/WebSphere/AppServer/bin" />
    <vmarg name="-Djava.util.logging.configureByServer=true" />
    <vmarg name="-Duser.install.root=/opt/IBM/WebSphere/AppServer/profiles/AppSrv01" />
    <vmarg name="-Djava.ext.dirs=/opt/IBM/WebSphere/AppServer/tivoli/tam:/opt/IBM/WebSphere/AppServer/javaext:/opt/IBM/WebSphere/AppServer/java/..." />
    <vmarg name="-Djavax.management.builder.initial=com.ibm.ws.management.PlatformMBeanServerBuilder" />
    <vmarg name="-Dpython.cachedir=/opt/IBM/WebSphere/AppServer/profiles/AppSrv01/temp/cachedir" />
    <vmarg name="-Dwas.install.root=/opt/IBM/WebSphere/AppServer" />
    <vmarg name="-Djava.util.logging.manager=com.ibm.ws.bootstrap.WsLogManager" />
    <vmarg name="-Dserver.root=/opt/IBM/WebSphere/AppServer/profiles/AppSrv01" />
    <vmarg name="-Dcom.ibm.security.jgss.debug=off" />
    <vmarg name="-Dcom.ibm.security.krb5.Krb5Debug=off" />
    <vmarg name="-Djava.util.prefs.userRoot=/home/was/" />
    <vmarg name="-Xnoloa" />
    <vmarg name="-Djava.library.path=/opt/IBM/WebSphere/AppServer/lib/native/linux/x86_64/:/opt/IBM/WebSphere/AppServer/java/8.0/jre/lib/amd64/c..." />
    <vmarg name="-Djava.endorsed.dirs=/opt/IBM/WebSphere/AppServer/endorsed_apis:/opt/IBM/WebSphere/AppServer/java/8.0/jre/lib/endorsed" />
    <vmarg name="-Djava.security.auth.login.config=/opt/IBM/WebSphere/AppServer/profiles/AppSrv01/properties/wsjaas.conf" />
    <vmarg name="-Djava.security.policy=/opt/IBM/WebSphere/AppServer/profiles/AppSrv01/properties/server.policy" />
    <vmarg name="-Dsun.java.command=com.ibm.wsspi.bootstrap.WSPreLauncher -nosplash -application com.ibm.ws.bootstrap.WSLauncher com.ibm.ws.runt..." />
    <vmarg name="-Dsun.java.launcher=SUN_STANDARD" />
    <vmarg name="-Dsun.java.launcher.pid=658" />
  </vmargs>
</initialized>

<exclusive-start id="2" timestamp="2026-01-07T15:47:55.992" intervalms="445.335">
  <response-info timems="0.014" idlems="0.014" threads="0" lastid="0000000000016800" lastname="main" />
</exclusive-start>
<af-start id="3" threadId="00000000000171A0" totalBytesRequested="16" timestamp="2026-01-07T15:47:55.993" intervalms="445.918" type="nursery" />
<cycle-start id="4" type="scavenge" contextid="0" timestamp="2026-01-07T15:47:55.994" intervalms="447.364" />
<gc-start id="5" type="scavenge" contextid="4" timestamp="2026-01-07T15:47:55.995">
  <mem-info id="6" free="39101296" total="52428800" percent="74">
    <mem type="nursery" free="0" total="13107200" percent="0">
      <mem type="allocate" free="0" total="6553600" percent="0" />
      <mem type="survivor" free="0" total="6553600" percent="0" />
    </mem>
    <mem type="tenure" free="39101296" total="39321600" percent="99" />
    <remembered-set count="3101" />
  </mem-info>
</gc-start>
<allocation-stats totalBytes="6767184" discardedBytes="6720" >
  <allocated-bytes non-tlh="830272" tlh="5936912" />
  <largest-consumer threadName="main" threadId="0000000000016800" bytes="6695280" />
</allocation-stats>
<gc-op id="7" type="scavenge" timems="28.179" contextid="4" timestamp="2026-01-07T15:47:56.024">
  <scavenger-info tenureage="2" tenuremask="fffc" tiltratio="50" />
  <memory-copied type="nursery" objects="18534" bytes="1769920" bytesdiscarded="101576" />
  <finalization candidates="267" enqueued="175" />
  <ownableSynchronizers candidates="3" cleared="0" />
  <references type="soft" candidates="166" cleared="0" enqueued="0" dynamicThreshold="32" maxThreshold="32" />
  <references type="weak" candidates="318" cleared="293" enqueued="293" />
  <references type="phantom" candidates="7" cleared="1" enqueued="1" />
  <object-monitors candidates="1" cleared="0"  />
</gc-op>
<gc-end id="8" type="scavenge" contextid="4" durationms="30.402" usertimems="20.869" systemtimems="6.596" stalltimems="4.850" timestamp="2026-01-07T15:47:56.026" activeThreads="4">
  <mem-info id="9" free="43781744" total="52428800" percent="83">
    <mem type="nursery" free="4680448" total="13107200" percent="35">
      <mem type="allocate" free="4680448" total="6553600" percent="71" />
      <mem type="survivor" free="0" total="6553600" percent="0" />
    </mem>
    <mem type="tenure" free="39101296" total="39321600" percent="99" />
    <pending-finalizers system="175" default="0" reference="294" classloader="0" />
    <remembered-set count="3101" />
  </mem-info>
</gc-end>
<cycle-end id="10" type="scavenge" contextid="4" timestamp="2026-01-07T15:47:56.026" />
<allocation-satisfied id="11" threadId="0000000000016800" bytesRequested="16" />
<af-end id="12" timestamp="2026-01-07T15:47:56.027" threadId="00000000000171A0" success="true" from="nursery"/>
<exclusive-end id="13" timestamp="2026-01-07T15:47:56.027" durationms="35.001" />

<exclusive-start id="14" timestamp="2026-01-07T15:47:56.419" intervalms="427.392">
  <response-info timems="0.014" idlems="0.014" threads="0" lastid="0000000000016800" lastname="main" />
</exclusive-start>
<af-start id="15" threadId="00000000000171A0" totalBytesRequested="520" timestamp="2026-01-07T15:47:56.419" intervalms="426.840" type="nursery" />
<cycle-start id="16" type="scavenge" contextid="0" timestamp="2026-01-07T15:47:56.419" intervalms="425.434" />
<gc-start id="17" type="scavenge" contextid="16" timestamp="2026-01-07T15:47:56.419">
  <mem-info id="18" free="38811416" total="52428800" percent="74">
    <mem type="nursery" free="0" total="13107200" percent="0">
      <mem type="allocate" free="0" total="6553600" percent="0" />
      <mem type="survivor" free="0" total="6553600" percent="0" />
    </mem>
    <mem type="tenure" free="38811416" total="39321600" percent="98" />
    <remembered-set count="6084" />
  </mem-info>
</gc-start>
<allocation-stats totalBytes="4967880" discardedBytes="2448" >
  <allocated-bytes non-tlh="289896" tlh="4677984" />
  <largest-consumer threadName="main" threadId="0000000000016800" bytes="4963688" />
</allocation-stats>
<gc-op id="19" type="scavenge" timems="1.340" contextid="16" timestamp="2026-01-07T15:47:56.421">
  <scavenger-info tenureage="4" tenuremask="7ff0" tiltratio="50" />
  <memory-copied type="nursery" objects="28027" bytes="1800248" bytesdiscarded="107224" />
  <finalization candidates="281" enqueued="181" />
  <ownableSynchronizers candidates="3" cleared="0" />
  <references type="soft" candidates="192" cleared="0" enqueued="0" dynamicThreshold="32" maxThreshold="32" />
  <references type="weak" candidates="263" cleared="237" enqueued="237" />
  <references type="phantom" candidates="6" cleared="0" enqueued="0" />
  <object-monitors candidates="1" cleared="1"  />
</gc-op>
<gc-end id="20" type="scavenge" contextid="16" durationms="1.554" usertimems="5.003" systemtimems="0.624" stalltimems="0.804" timestamp="2026-01-07T15:47:56.421" activeThreads="4">
  <mem-info id="21" free="43455784" total="52428800" percent="82">
    <mem type="nursery" free="4644368" total="13107200" percent="35">
      <mem type="allocate" free="4644368" total="6553600" percent="70" />
      <mem type="survivor" free="0" total="6553600" percent="0" />
    </mem>
    <mem type="tenure" free="38811416" total="39321600" percent="98" />
    <pending-finalizers system="181" default="0" reference="237" classloader="0" />
    <remembered-set count="6084" />
  </mem-info>
</gc-end>
<cycle-end id="22" type="scavenge" contextid="16" timestamp="2026-01-07T15:47:56.421" />
<allocation-satisfied id="23" threadId="0000000000016800" bytesRequested="520" />
<af-end id="24" timestamp="2026-01-07T15:47:56.421" threadId="00000000000171A0" success="true" from="nursery"/>
<exclusive-end id="25" timestamp="2026-01-07T15:47:56.421" durationms="1.760" />

<exclusive-start id="26" timestamp="2026-01-07T15:47:56.534" intervalms="114.403">
  <response-info timems="0.014" idlems="0.014" threads="0" lastid="0000000000016800" lastname="main" />
</exclusive-start>
<af-start id="27" threadId="00000000000171A0" totalBytesRequested="144" timestamp="2026-01-07T15:47:56.534" intervalms="114.420" type="nursery" />
<cycle-start id="28" type="scavenge" contextid="0" timestamp="2026-01-07T15:47:56.534" intervalms="114.416" />
<gc-start id="29" type="scavenge" contextid="28" timestamp="2026-01-07T15:47:56.534">
  <mem-info id="30" free="38768248" total="52428800" percent="73">
    <mem type="nursery" free="0" total="13107200" percent="0">
      <mem type="allocate" free="0" total="6553600" percent="0" />
      <mem type="survivor" free="0" total="6553600" percent="0" />
    </mem>
    <mem type="tenure" free="38768248" total="39321600" percent="98" />
    <remembered-set count="6631" />
  </mem-info>
</gc-start>
<allocation-stats totalBytes="4685288" discardedBytes="2248" >
  <allocated-bytes non-tlh="43688" tlh="4641600" />
  <largest-consumer threadName="main" threadId="0000000000016800" bytes="4681192" />
</allocation-stats>
<gc-op id="31" type="scavenge" timems="1.738" contextid="28" timestamp="2026-01-07T15:47:56.536">
  <scavenger-info tenureage="4" tenuremask="7ff0" tiltratio="50" />
  <memory-copied type="nursery" objects="30028" bytes="2329112" bytesdiscarded="145840" />
  <finalization candidates="385" enqueued="285" />
  <ownableSynchronizers candidates="3" cleared="0" />
  <references type="soft" candidates="204" cleared="0" enqueued="0" dynamicThreshold="32" maxThreshold="32" />
  <references type="weak" candidates="414" cleared="385" enqueued="385" />
  <references type="phantom" candidates="6" cleared="0" enqueued="0" />
</gc-op>
<gc-end id="32" type="scavenge" contextid="28" durationms="1.826" usertimems="4.943" systemtimems="0.356" stalltimems="0.869" timestamp="2026-01-07T15:47:56.536" activeThreads="4">
  <mem-info id="33" free="42844552" total="52428800" percent="81">
    <mem type="nursery" free="4076304" total="13107200" percent="31">
      <mem type="allocate" free="4076304" total="6553600" percent="62" />
      <mem type="survivor" free="0" total="6553600" percent="0" />
    </mem>
    <mem type="tenure" free="38768248" total="39321600" percent="98" />
    <pending-finalizers system="284" default="1" reference="385" classloader="0" />
    <remembered-set count="4466" />
  </mem-info>
</gc-end>
<cycle-end id="34" type="scavenge" contextid="28" timestamp="2026-01-07T15:47:56.536" />
<allocation-satisfied id="35" threadId="0000000000016800" bytesRequested="144" />
<af-end id="36" timestamp="2026-01-07T15:47:56.536" threadId="00000000000171A0" success="true" from="nursery"/>
<exclusive-end id="37" timestamp="2026-01-07T15:47:56.536" durationms="1.996" />

<exclusive-start id="38" timestamp="2026-01-07T15:47:56.636" intervalms="102.488">
  <response-info timems="0.016" idlems="0.016" threads="0" lastid="0000000000016800" lastname="main" />
</exclusive-start>
<af-start id="39" threadId="00000000000171A0" totalBytesRequested="2056" timestamp="2026-01-07T15:47:56.636" intervalms="102.475" type="nursery" />
<cycle-start id="40" type="scavenge" contextid="0" timestamp="2026-01-07T15:47:56.636" intervalms="102.472" />
<gc-start id="41" type="scavenge" contextid="40" timestamp="2026-01-07T15:47:56.636">
  <mem-info id="42" free="38753424" total="52428800" percent="73">
    <mem type="nursery" free="0" total="13107200" percent="0">
      <mem type="allocate" free="0" total="6553600" percent="0" />
      <mem type="survivor" free="0" total="6553600" percent="0" />
    </mem>
    <mem type="tenure" free="38753424" total="39321600" percent="98" />
    <remembered-set count="4627" />
  </mem-info>
</gc-start>
<allocation-stats totalBytes="4071424" discardedBytes="19704" >
  <allocated-bytes non-tlh="14968" tlh="4056456" />
  <largest-consumer threadName="main" threadId="0000000000016800" bytes="4067328" />
</allocation-stats>
<gc-op id="43" type="scavenge" timems="3.521" contextid="40" timestamp="2026-01-07T15:47:56.640">
  <scavenger-info tenureage="3" tenuremask="7ff8" tiltratio="50" />
  <memory-copied type="nursery" objects="27772" bytes="1795040" bytesdiscarded="34816" />
  <memory-copied type="tenure" objects="13718" bytes="705768" bytesdiscarded="664" />
  <finalization candidates="302" enqueued="199" />
  <ownableSynchronizers candidates="3" cleared="0" />
  <references type="soft" candidates="43" cleared="0" enqueued="0" dynamicThreshold="32" maxThreshold="32" />
  <references type="weak" candidates="611" cleared="252" enqueued="236" />
  <object-monitors candidates="1" cleared="0"  />
</gc-op>
<gc-end id="44" type="scavenge" contextid="40" durationms="3.666" usertimems="8.927" systemtimems="0.522" stalltimems="2.098" timestamp="2026-01-07T15:47:56.640" activeThreads="4">
  <mem-info id="45" free="42551480" total="52428800" percent="81">
    <mem type="nursery" free="4719496" total="13107200" percent="36">
      <mem type="allocate" free="4719496" total="6553600" percent="72" />
      <mem type="survivor" free="0" total="6553600" percent="0" />
    </mem>
    <mem type="tenure" free="37831984" total="39321600" percent="96" />
    <pending-finalizers system="199" default="0" reference="236" classloader="0" />
    <remembered-set count="1031" />
  </mem-info>
</gc-end>
<cycle-end id="46" type="scavenge" contextid="40" timestamp="2026-01-07T15:47:56.640" />
<allocation-satisfied id="47" threadId="0000000000016800" bytesRequested="2056" />
<af-end id="48" timestamp="2026-01-07T15:47:56.640" threadId="00000000000171A0" success="true" from="nursery"/>
<exclusive-end id="49" timestamp="2026-01-07T15:47:56.640" durationms="3.811" />

<exclusive-start id="50" timestamp="2026-01-07T15:47:56.742" intervalms="106.328">
  <response-info timems="0.021" idlems="0.021" threads="0" lastid="0000000000016800" lastname="main" />
</exclusive-start>
<af-start id="51" threadId="00000000000171A0" totalBytesRequested="16" timestamp="2026-01-07T15:47:56.743" intervalms="106.332" type="nursery" />
<cycle-start id="52" type="scavenge" contextid="0" timestamp="2026-01-07T15:47:56.743" intervalms="106.333" />
<gc-start id="53" type="scavenge" contextid="52" timestamp="2026-01-07T15:47:56.743">
  <mem-info id="54" free="37831232" total="52428800" percent="72">
    <mem type="nursery" free="0" total="13107200" percent="0">
      <mem type="allocate" free="0" total="6553600" percent="0" />
      <mem type="survivor" free="0" total="6553600" percent="0" />
    </mem>
    <mem type="tenure" free="37831232" total="39321600" percent="96" />
    <remembered-set count="1045" />
  </mem-info>
</gc-start>
<allocation-stats totalBytes="4719352" discardedBytes="896" >
  <allocated-bytes non-tlh="2808" tlh="4716544" />
  <largest-consumer threadName="main" threadId="0000000000016800" bytes="4715256" />
</allocation-stats>
<gc-op id="55" type="scavenge" timems="2.184" contextid="52" timestamp="2026-01-07T15:47:56.745">
  <scavenger-info tenureage="3" tenuremask="7ff8" tiltratio="50" />
  <memory-copied type="nursery" objects="66932" bytes="2543944" bytesdiscarded="119984" />
  <memory-copied type="tenure" objects="12985" bytes="640528" bytesdiscarded="104" />
  <finalization candidates="24" enqueued="8" />
  <references type="soft" candidates="17" cleared="0" enqueued="0" dynamicThreshold="32" maxThreshold="32" />
  <references type="weak" candidates="8863" cleared="98" enqueued="53" />
  <object-monitors candidates="1" cleared="0"  />
</gc-op>
<gc-end id="56" type="scavenge" contextid="52" durationms="2.257" usertimems="5.629" systemtimems="1.918" stalltimems="0.958" timestamp="2026-01-07T15:47:56.745" activeThreads="4">
  <mem-info id="57" free="41006744" total="52428800" percent="78">
    <mem type="nursery" free="3832152" total="13107200" percent="29">
      <mem type="allocate" free="3832152" total="6553600" percent="58" />
      <mem type="survivor" free="0" total="6553600" percent="0" />
    </mem>
    <mem type="tenure" free="37174592" total="39321600" percent="94" />
    <pending-finalizers system="8" default="0" reference="53" classloader="0" />
    <remembered-set count="403" />
  </mem-info>
</gc-end>
<cycle-end id="58" type="scavenge" contextid="52" timestamp="2026-01-07T15:47:56.745" />
<allocation-satisfied id="59" threadId="0000000000016800" bytesRequested="16" />
<af-end id="60" timestamp="2026-01-07T15:47:56.745" threadId="00000000000171A0" success="true" from="nursery"/>
<exclusive-end id="61" timestamp="2026-01-07T15:47:56.745" durationms="2.426" />

<exclusive-start id="62" timestamp="2026-01-07T15:47:56.818" intervalms="75.244">
  <response-info timems="0.014" idlems="0.014" threads="0" lastid="0000000000016800" lastname="main" />
</exclusive-start>
<af-start id="63" threadId="00000000000171A0" totalBytesRequested="40" timestamp="2026-01-07T15:47:56.818" intervalms="75.234" type="nursery" />
<cycle-start id="64" type="scavenge" contextid="0" timestamp="2026-01-07T15:47:56.818" intervalms="75.231" />
<gc-start id="65" type="scavenge" contextid="64" timestamp="2026-01-07T15:47:56.818">
  <mem-info id="66" free="37174592" total="52428800" percent="70">
    <mem type="nursery" free="0" total="13107200" percent="0">
      <mem type="allocate" free="0" total="6553600" percent="0" />
      <mem type="survivor" free="0" total="6553600" percent="0" />
    </mem>
    <mem type="tenure" free="37174592" total="39321600" percent="94" />
    <remembered-set count="403" />
  </mem-info>
</gc-start>
<allocation-stats totalBytes="3831920" discardedBytes="232" >
  <allocated-bytes non-tlh="131096" tlh="3700824" />
  <largest-consumer threadName="main" threadId="0000000000016800" bytes="3831920" />
</allocation-stats>
<gc-op id="67" type="scavenge" timems="3.225" contextid="64" timestamp="2026-01-07T15:47:56.821">
  <scavenger-info tenureage="2" tenuremask="7ffc" tiltratio="50" />
  <memory-copied type="nursery" objects="95032" bytes="3280920" bytesdiscarded="172784" />
  <memory-copied type="tenure" objects="13572" bytes="651456" bytesdiscarded="416" />
  <finalization candidates="9" enqueued="0" />
  <references type="weak" candidates="13086" cleared="10" enqueued="5" />
  <object-monitors candidates="1" cleared="0"  />
</gc-op>
<gc-end id="68" type="scavenge" contextid="64" durationms="3.667" usertimems="10.450" systemtimems="1.353" stalltimems="3.767" timestamp="2026-01-07T15:47:56.821" activeThreads="4">
  <mem-info id="69" free="39846144" total="52428800" percent="76">
    <mem type="nursery" free="3129544" total="13107200" percent="23">
      <mem type="allocate" free="3129544" total="6684672" percent="46" />
      <mem type="survivor" free="0" total="6422528" percent="0" />
    </mem>
    <mem type="tenure" free="36716600" total="39321600" percent="93" />
    <pending-finalizers system="0" default="0" reference="5" classloader="0" />
    <remembered-set count="198" />
  </mem-info>
</gc-end>
<cycle-end id="70" type="scavenge" contextid="64" timestamp="2026-01-07T15:47:56.822" />
<allocation-satisfied id="71" threadId="0000000000016800" bytesRequested="40" />
<af-end id="72" timestamp="2026-01-07T15:47:56.822" threadId="00000000000171A0" success="true" from="nursery"/>
<exclusive-end id="73" timestamp="2026-01-07T15:47:56.822" durationms="3.803" />

<exclusive-start id="74" timestamp="2026-01-07T15:47:56.909" intervalms="91.150">
  <response-info timems="0.018" idlems="0.018" threads="0" lastid="000000000035C400" lastname="Start Level Event Dispatcher" />
</exclusive-start>
<af-start id="75" threadId="000000000035CDA0" totalBytesRequested="1032" timestamp="2026-01-07T15:47:56.909" intervalms="91.162" type="nursery" />
<cycle-start id="76" type="scavenge" contextid="0" timestamp="2026-01-07T15:47:56.909" intervalms="91.175" />
<gc-start id="77" type="scavenge" contextid="76" timestamp="2026-01-07T15:47:56.909">
  <mem-info id="78" free="36701232" total="52428800" percent="70">
    <mem type="nursery" free="0" total="13107200" percent="0">
      <mem type="allocate" free="0" total="6684672" percent="0" />
      <mem type="survivor" free="0" total="6422528" percent="0" />
    </mem>
    <mem type="tenure" free="36701232" total="39321600" percent="93" />
    <remembered-set count="497" />
  </mem-info>
</gc-start>
<allocation-stats totalBytes="3141488" discardedBytes="3424" >
  <allocated-bytes non-tlh="117824" tlh="3023664" />
  <largest-consumer threadName="main" threadId="0000000000016800" bytes="2680504" />
</allocation-stats>
<gc-op id="79" type="scavenge" timems="2.590" contextid="76" timestamp="2026-01-07T15:47:56.912">
  <scavenger-info tenureage="1" tenuremask="7ffe" tiltratio="51" />
  <memory-copied type="nursery" objects="13317" bytes="728120" bytesdiscarded="204256" />
  <memory-copied type="tenure" objects="94875" bytes="3254104" bytesdiscarded="744" />
  <finalization candidates="136" enqueued="132" />
  <references type="soft" candidates="5" cleared="0" enqueued="0" dynamicThreshold="32" maxThreshold="32" />
  <references type="weak" candidates="482" cleared="152" enqueued="149" />
  <object-monitors candidates="2" cleared="0"  />
</gc-op>
<gc-end id="80" type="scavenge" contextid="76" durationms="2.993" usertimems="10.343" systemtimems="0.064" stalltimems="1.266" timestamp="2026-01-07T15:47:56.912" activeThreads="4">
  <mem-info id="81" free="39494944" total="52428800" percent="75">
    <mem type="nursery" free="6262784" total="13107200" percent="47">
      <mem type="allocate" free="6262784" total="7208960" percent="86" />
      <mem type="survivor" free="0" total="5898240" percent="0" />
    </mem>
    <mem type="tenure" free="33232160" total="39321600" percent="84" />
    <pending-finalizers system="132" default="0" reference="149" classloader="0" />
    <remembered-set count="531" />
  </mem-info>
</gc-end>
<cycle-end id="82" type="scavenge" contextid="76" timestamp="2026-01-07T15:47:56.912" />
<allocation-satisfied id="83" threadId="000000000035C400" bytesRequested="1032" />
<af-end id="84" timestamp="2026-01-07T15:47:56.912" threadId="000000000035CDA0" success="true" from="nursery"/>
<exclusive-end id="85" timestamp="2026-01-07T15:47:56.912" durationms="3.167" />

<exclusive-start id="86" timestamp="2026-01-07T15:47:57.042" intervalms="132.813">
  <response-info timems="0.023" idlems="0.023" threads="0" lastid="000000000035C400" lastname="Start Level Event Dispatcher" />
</exclusive-start>
<af-start id="87" threadId="000000000035CDA0" totalBytesRequested="6912" timestamp="2026-01-07T15:47:57.042" intervalms="132.808" type="nursery" />
<cycle-start id="88" type="scavenge" contextid="0" timestamp="2026-01-07T15:47:57.042" intervalms="132.801" />
<gc-start id="89" type="scavenge" contextid="88" timestamp="2026-01-07T15:47:57.042">
  <mem-info id="90" free="33198272" total="52428800" percent="63">
    <mem type="nursery" free="0" total="13107200" percent="0">
      <mem type="allocate" free="0" total="7208960" percent="0" />
      <mem type="survivor" free="0" total="5898240" percent="0" />
    </mem>
    <mem type="tenure" free="33198272" total="39321600" percent="84" />
    <remembered-set count="1148" />
  </mem-info>
</gc-start>
<allocation-stats totalBytes="6282240" discardedBytes="14432" >
  <allocated-bytes non-tlh="818960" tlh="5463280" />
  <largest-consumer threadName="Start Level Event Dispatcher" threadId="000000000035C400" bytes="6278144" />
</allocation-stats>
<gc-op id="91" type="scavenge" timems="1.988" contextid="88" timestamp="2026-01-07T15:47:57.044">
  <scavenger-info tenureage="1" tenuremask="7ffe" tiltratio="55" />
  <memory-copied type="nursery" objects="5115" bytes="1076752" bytesdiscarded="106528" />
  <memory-copied type="tenure" objects="12511" bytes="384288" bytesdiscarded="72" />
  <finalization candidates="463" enqueued="451" />
  <references type="soft" candidates="82" cleared="0" enqueued="0" dynamicThreshold="32" maxThreshold="32" />
  <references type="weak" candidates="126" cleared="110" enqueued="110" />
  <object-monitors candidates="3" cleared="0"  />
</gc-op>
<gc-end id="92" type="scavenge" contextid="88" durationms="2.216" usertimems="6.999" systemtimems="0.015" stalltimems="3.443" timestamp="2026-01-07T15:47:57.044" activeThreads="4">
  <mem-info id="93" free="39674416" total="52428800" percent="75">
    <mem type="nursery" free="6940016" total="13107200" percent="52">
      <mem type="allocate" free="6940016" total="8126464" percent="85" />
      <mem type="survivor" free="0" total="4980736" percent="0" />
    </mem>
    <mem type="tenure" free="32734400" total="39321600" percent="83" />
    <pending-finalizers system="451" default="0" reference="110" classloader="0" />
    <remembered-set count="737" />
  </mem-info>
</gc-end>
<cycle-end id="94" type="scavenge" contextid="88" timestamp="2026-01-07T15:47:57.044" />
<allocation-satisfied id="95" threadId="000000000035C400" bytesRequested="6912" />
<af-end id="96" timestamp="2026-01-07T15:47:57.044" threadId="000000000035CDA0" success="true" from="nursery"/>
<exclusive-end id="97" timestamp="2026-01-07T15:47:57.044" durationms="2.385" />

<exclusive-start id="98" timestamp="2026-01-07T15:47:57.280" intervalms="238.576">
  <response-info timems="0.017" idlems="0.017" threads="0" lastid="0000000000455400" lastname="Gogo shell" />
</exclusive-start>
<af-start id="99" threadId="0000000000455DA0" totalBytesRequested="712" timestamp="2026-01-07T15:47:57.280" intervalms="238.571" type="nursery" />
<cycle-start id="100" type="scavenge" contextid="0" timestamp="2026-01-07T15:47:57.280" intervalms="238.572" />
<gc-start id="101" type="scavenge" contextid="100" timestamp="2026-01-07T15:47:57.280">
  <mem-info id="102" free="32567696" total="52428800" percent="62">
    <mem type="nursery" free="0" total="13107200" percent="0">
      <mem type="allocate" free="0" total="8126464" percent="0" />
      <mem type="survivor" free="0" total="4980736" percent="0" />
    </mem>
    <mem type="tenure" free="32567696" total="39321600" percent="82" />
    <remembered-set count="3607" />
  </mem-info>
</gc-start>
<allocation-stats totalBytes="7102928" discardedBytes="3792" >
  <allocated-bytes non-tlh="308416" tlh="6794512" />
  <largest-consumer threadName="main" threadId="0000000000016800" bytes="4048376" />
</allocation-stats>
<gc-op id="103" type="scavenge" timems="1.609" contextid="100" timestamp="2026-01-07T15:47:57.282">
  <scavenger-info tenureage="1" tenuremask="7ffe" tiltratio="62" />
  <memory-copied type="nursery" objects="26888" bytes="2964936" bytesdiscarded="113896" />
  <memory-copied type="tenure" objects="2434" bytes="717736" bytesdiscarded="24" />
  <finalization candidates="837" enqueued="777" />
  <ownableSynchronizers candidates="6" cleared="0" />
  <references type="soft" candidates="1226" cleared="0" enqueued="0" dynamicThreshold="32" maxThreshold="32" />
  <references type="weak" candidates="433" cleared="259" enqueued="254" />
  <object-monitors candidates="17" cleared="0"  />
</gc-op>
<gc-end id="104" type="scavenge" contextid="100" durationms="1.685" usertimems="4.073" systemtimems="0.000" stalltimems="0.731" timestamp="2026-01-07T15:47:57.282" activeThreads="3">
  <mem-info id="105" free="36552632" total="52428800" percent="69">
    <mem type="nursery" free="4780480" total="13107200" percent="36">
      <mem type="allocate" free="4780480" total="7864320" percent="60" />
      <mem type="survivor" free="0" total="5242880" percent="0" />
    </mem>
    <mem type="tenure" free="31772152" total="39321600" percent="80" />
    <pending-finalizers system="777" default="0" reference="254" classloader="0" />
    <remembered-set count="3395" />
  </mem-info>
</gc-end>
<cycle-end id="106" type="scavenge" contextid="100" timestamp="2026-01-07T15:47:57.282" />
<allocation-satisfied id="107" threadId="0000000000455400" bytesRequested="712" />
<af-end id="108" timestamp="2026-01-07T15:47:57.282" threadId="0000000000455DA0" success="true" from="nursery"/>
<exclusive-end id="109" timestamp="2026-01-07T15:47:57.282" durationms="1.849" />

<exclusive-start id="110" timestamp="2026-01-07T15:47:57.365" intervalms="85.222">
  <response-info timems="0.015" idlems="0.015" threads="0" lastid="0000000000016800" lastname="main" />
</exclusive-start>
<af-start id="111" threadId="00000000000171A0" totalBytesRequested="264" timestamp="2026-01-07T15:47:57.366" intervalms="85.232" type="nursery" />
<cycle-start id="112" type="scavenge" contextid="0" timestamp="2026-01-07T15:47:57.366" intervalms="85.232" />
<gc-start id="113" type="scavenge" contextid="112" timestamp="2026-01-07T15:47:57.366">
  <mem-info id="114" free="31734968" total="52428800" percent="60">
    <mem type="nursery" free="0" total="13107200" percent="0">
      <mem type="allocate" free="0" total="7864320" percent="0" />
      <mem type="survivor" free="0" total="5242880" percent="0" />
    </mem>
    <mem type="tenure" free="31734968" total="39321600" percent="80" />
    <remembered-set count="3912" />
  </mem-info>
</gc-start>
<allocation-stats totalBytes="4813752" discardedBytes="3912" >
  <allocated-bytes non-tlh="37896" tlh="4775856" />
  <largest-consumer threadName="main" threadId="0000000000016800" bytes="4587288" />
</allocation-stats>
<gc-op id="115" type="scavenge" timems="2.907" contextid="112" timestamp="2026-01-07T15:47:57.369">
  <scavenger-info tenureage="1" tenuremask="7ffe" tiltratio="60" />
  <memory-copied type="nursery" objects="58523" bytes="2366248" bytesdiscarded="143760" />
  <memory-copied type="tenure" objects="24042" bytes="936400" bytesdiscarded="1000" />
  <finalization candidates="384" enqueued="330" />
  <ownableSynchronizers candidates="7" cleared="0" />
  <references type="soft" candidates="465" cleared="0" enqueued="0" dynamicThreshold="32" maxThreshold="32" />
  <references type="weak" candidates="161" cleared="136" enqueued="131" />
  <object-monitors candidates="18" cleared="0"  />
</gc-op>
<gc-end id="116" type="scavenge" contextid="112" durationms="3.001" usertimems="10.162" systemtimems="0.145" stalltimems="1.183" timestamp="2026-01-07T15:47:57.369" activeThreads="4">
  <mem-info id="117" free="36286520" total="52428800" percent="69">
    <mem type="nursery" free="5746072" total="13107200" percent="43">
      <mem type="allocate" free="5746072" total="8257536" percent="69" />
      <mem type="survivor" free="0" total="4849664" percent="0" />
    </mem>
    <mem type="tenure" free="30540448" total="39321600" percent="77" />
    <pending-finalizers system="330" default="0" reference="131" classloader="0" />
    <remembered-set count="2845" />
  </mem-info>
</gc-end>
<cycle-end id="118" type="scavenge" contextid="112" timestamp="2026-01-07T15:47:57.369" />
<allocation-satisfied id="119" threadId="0000000000016800" bytesRequested="264" />
<af-end id="120" timestamp="2026-01-07T15:47:57.369" threadId="00000000000171A0" success="true" from="nursery"/>
<exclusive-end id="121" timestamp="2026-01-07T15:47:57.369" durationms="3.212" />

<exclusive-start id="122" timestamp="2026-01-07T15:47:57.492" intervalms="126.958">
  <response-info timems="0.015" idlems="0.015" threads="0" lastid="0000000000016800" lastname="main" />
</exclusive-start>
<af-start id="123" threadId="00000000000171A0" totalBytesRequested="960" timestamp="2026-01-07T15:47:57.492" intervalms="126.953" type="nursery" />
<cycle-start id="124" type="scavenge" contextid="0" timestamp="2026-01-07T15:47:57.493" intervalms="126.960" />
<gc-start id="125" type="scavenge" contextid="124" timestamp="2026-01-07T15:47:57.493">
  <mem-info id="126" free="30468784" total="52428800" percent="58">
    <mem type="nursery" free="0" total="13107200" percent="0">
      <mem type="allocate" free="0" total="8257536" percent="0" />
      <mem type="survivor" free="0" total="4849664" percent="0" />
    </mem>
    <mem type="tenure" free="30468784" total="39321600" percent="77" />
    <remembered-set count="4001" />
  </mem-info>
</gc-start>
<allocation-stats totalBytes="5812776" discardedBytes="4960" >
  <allocated-bytes non-tlh="71928" tlh="5740848" />
  <largest-consumer threadName="main" threadId="0000000000016800" bytes="5808592" />
</allocation-stats>
<gc-op id="127" type="scavenge" timems="3.880" contextid="124" timestamp="2026-01-07T15:47:57.497">
  <scavenger-info tenureage="1" tenuremask="7ffe" tiltratio="63" />
  <memory-copied type="nursery" objects="16584" bytes="1387912" bytesdiscarded="157352" />
  <memory-copied type="tenure" objects="56902" bytes="1452304" bytesdiscarded="136" />
  <finalization candidates="575" enqueued="406" />
  <ownableSynchronizers candidates="40" cleared="6" />
  <references type="soft" candidates="128" cleared="0" enqueued="0" dynamicThreshold="32" maxThreshold="32" />
  <references type="weak" candidates="179" cleared="158" enqueued="158" />
  <object-monitors candidates="19" cleared="0"  />
</gc-op>
<gc-end id="128" type="scavenge" contextid="124" durationms="3.969" usertimems="13.272" systemtimems="1.251" stalltimems="5.634" timestamp="2026-01-07T15:47:57.497" activeThreads="4">
  <mem-info id="129" free="36399824" total="52428800" percent="69">
    <mem type="nursery" free="7169056" total="13107200" percent="54">
      <mem type="allocate" free="7169056" total="8716288" percent="82" />
      <mem type="survivor" free="0" total="4390912" percent="0" />
    </mem>
    <mem type="tenure" free="29230768" total="39321600" percent="74" />
    <pending-finalizers system="406" default="0" reference="158" classloader="0" />
    <remembered-set count="7923" />
  </mem-info>
</gc-end>
<cycle-end id="130" type="scavenge" contextid="124" timestamp="2026-01-07T15:47:57.497" />
<allocation-satisfied id="131" threadId="0000000000016800" bytesRequested="960" />
<af-end id="132" timestamp="2026-01-07T15:47:57.497" threadId="00000000000171A0" success="true" from="nursery"/>
<exclusive-end id="133" timestamp="2026-01-07T15:47:57.497" durationms="4.175" />

<exclusive-start id="134" timestamp="2026-01-07T15:47:57.563" intervalms="70.337">
  <response-info timems="0.014" idlems="0.014" threads="0" lastid="0000000000016800" lastname="main" />
</exclusive-start>
<af-start id="135" threadId="00000000000171A0" totalBytesRequested="2072" timestamp="2026-01-07T15:47:57.563" intervalms="70.332" type="nursery" />
<cycle-start id="136" type="scavenge" contextid="0" timestamp="2026-01-07T15:47:57.563" intervalms="70.324" />
<gc-start id="137" type="scavenge" contextid="136" timestamp="2026-01-07T15:47:57.563">
  <mem-info id="138" free="29181200" total="52428800" percent="55">
    <mem type="nursery" free="0" total="13107200" percent="0">
      <mem type="allocate" free="0" total="8716288" percent="0" />
      <mem type="survivor" free="0" total="4390912" percent="0" />
    </mem>
    <mem type="tenure" free="29181200" total="39321600" percent="74" />
    <remembered-set count="8787" />
  </mem-info>
</gc-start>
<allocation-stats totalBytes="7182736" discardedBytes="35888" >
  <allocated-bytes non-tlh="50528" tlh="7132208" />
  <largest-consumer threadName="main" threadId="0000000000016800" bytes="7149992" />
</allocation-stats>
<gc-op id="139" type="scavenge" timems="3.015" contextid="136" timestamp="2026-01-07T15:47:57.566">
  <scavenger-info tenureage="1" tenuremask="7ffe" tiltratio="66" />
  <memory-copied type="nursery" objects="6517" bytes="1184080" bytesdiscarded="239888" />
  <memory-copied type="tenure" objects="15018" bytes="736944" bytesdiscarded="280" />
  <finalization candidates="501" enqueued="262" />
  <ownableSynchronizers candidates="105" cleared="12" />
  <references type="soft" candidates="25" cleared="0" enqueued="0" dynamicThreshold="32" maxThreshold="32" />
  <references type="weak" candidates="91" cleared="52" enqueued="52" />
  <object-monitors candidates="20" cleared="0"  />
</gc-op>
<gc-end id="140" type="scavenge" contextid="136" durationms="3.092" usertimems="6.005" systemtimems="0.116" stalltimems="4.811" timestamp="2026-01-07T15:47:57.566" activeThreads="4">
  <mem-info id="141" free="36256568" total="52428800" percent="69">
    <mem type="nursery" free="7881024" total="13107200" percent="60">
      <mem type="allocate" free="7881024" total="9306112" percent="84" />
      <mem type="survivor" free="0" total="3801088" percent="0" />
    </mem>
    <mem type="tenure" free="28375544" total="39321600" percent="72" />
    <pending-finalizers system="262" default="0" reference="52" classloader="0" />
    <remembered-set count="1867" />
  </mem-info>
</gc-end>
<cycle-end id="142" type="scavenge" contextid="136" timestamp="2026-01-07T15:47:57.566" />
<allocation-satisfied id="143" threadId="0000000000016800" bytesRequested="2072" />
<af-end id="144" timestamp="2026-01-07T15:47:57.566" threadId="00000000000171A0" success="true" from="nursery"/>
<exclusive-end id="145" timestamp="2026-01-07T15:47:57.566" durationms="3.261" />

<exclusive-start id="146" timestamp="2026-01-07T15:47:57.808" intervalms="244.815">
  <response-info timems="0.023" idlems="0.023" threads="0" lastid="0000000000016800" lastname="main" />
</exclusive-start>
<af-start id="147" threadId="00000000000171A0" totalBytesRequested="8208" timestamp="2026-01-07T15:47:57.808" intervalms="244.820" type="nursery" />
<cycle-start id="148" type="scavenge" contextid="0" timestamp="2026-01-07T15:47:57.808" intervalms="244.839" />
<gc-start id="149" type="scavenge" contextid="148" timestamp="2026-01-07T15:47:57.808">
  <mem-info id="150" free="28262200" total="52428800" percent="53">
    <mem type="nursery" free="0" total="13107200" percent="0">
      <mem type="allocate" free="0" total="9306112" percent="0" />
      <mem type="survivor" free="0" total="3801088" percent="0" />
    </mem>
    <mem type="tenure" free="28262200" total="39321600" percent="71" />
    <remembered-set count="3698" />
  </mem-info>
</gc-start>
<allocation-stats totalBytes="7982984" discardedBytes="11384" >
  <allocated-bytes non-tlh="115416" tlh="7867568" />
  <largest-consumer threadName="main" threadId="0000000000016800" bytes="7958448" />
</allocation-stats>
<gc-op id="151" type="scavenge" timems="1.496" contextid="148" timestamp="2026-01-07T15:47:57.809">
  <scavenger-info tenureage="1" tenuremask="7ffe" tiltratio="71" />
  <memory-copied type="nursery" objects="33438" bytes="3288192" bytesdiscarded="238792" />
  <memory-copied type="tenure" objects="5761" bytes="767520" bytesdiscarded="1328" />
  <finalization candidates="773" enqueued="615" />
  <ownableSynchronizers candidates="86" cleared="2" />
  <references type="soft" candidates="9" cleared="0" enqueued="0" dynamicThreshold="32" maxThreshold="32" />
  <references type="weak" candidates="186" cleared="170" enqueued="170" />
  <object-monitors candidates="22" cleared="0"  />
</gc-op>
<gc-end id="152" type="scavenge" contextid="148" durationms="1.667" usertimems="5.069" systemtimems="0.119" stalltimems="0.714" timestamp="2026-01-07T15:47:57.809" activeThreads="4">
  <mem-info id="153" free="31631032" total="52428800" percent="60">
    <mem type="nursery" free="4137976" total="13107200" percent="31">
      <mem type="allocate" free="4137976" total="7667712" percent="53" />
      <mem type="survivor" free="0" total="5439488" percent="0" />
    </mem>
    <mem type="tenure" free="27493056" total="39321600" percent="69" />
    <pending-finalizers system="612" default="3" reference="170" classloader="0" />
    <remembered-set count="2487" />
  </mem-info>
</gc-end>
<cycle-end id="154" type="scavenge" contextid="148" timestamp="2026-01-07T15:47:57.809" />
<allocation-satisfied id="155" threadId="0000000000016800" bytesRequested="8208" />
<af-end id="156" timestamp="2026-01-07T15:47:57.809" threadId="00000000000171A0" success="true" from="nursery"/>
<exclusive-end id="157" timestamp="2026-01-07T15:47:57.809" durationms="1.892" />

<exclusive-start id="158" timestamp="2026-01-07T15:47:57.964" intervalms="155.942">
  <response-info timems="0.017" idlems="0.017" threads="0" lastid="0000000000016800" lastname="main" />
</exclusive-start>
<af-start id="159" threadId="00000000000171A0" totalBytesRequested="40968" timestamp="2026-01-07T15:47:57.964" intervalms="155.947" type="nursery" />
<cycle-start id="160" type="scavenge" contextid="0" timestamp="2026-01-07T15:47:57.964" intervalms="155.931" />
<gc-start id="161" type="scavenge" contextid="160" timestamp="2026-01-07T15:47:57.964">
  <mem-info id="162" free="27491040" total="52428800" percent="52">
    <mem type="nursery" free="0" total="13107200" percent="0">
      <mem type="allocate" free="0" total="7667712" percent="0" />
      <mem type="survivor" free="0" total="5439488" percent="0" />
    </mem>
    <mem type="tenure" free="27491040" total="39321600" percent="69" />
    <remembered-set count="2510" />
  </mem-info>
</gc-start>
<allocation-stats totalBytes="4133232" discardedBytes="6760" >
  <allocated-bytes non-tlh="726816" tlh="3406416" />
  <largest-consumer threadName="main" threadId="0000000000016800" bytes="4133232" />
</allocation-stats>
<gc-op id="163" type="scavenge" timems="3.399" contextid="160" timestamp="2026-01-07T15:47:57.967">
  <scavenger-info tenureage="1" tenuremask="7ffe" tiltratio="58" />
  <memory-copied type="nursery" objects="71973" bytes="3179872" bytesdiscarded="243432" />
  <memory-copied type="tenure" objects="30975" bytes="2008136" bytesdiscarded="608" />
  <finalization candidates="83" enqueued="1" />
  <ownableSynchronizers candidates="24" cleared="0" />
  <references type="weak" candidates="7" cleared="7" enqueued="7" />
  <object-monitors candidates="22" cleared="0"  />
</gc-op>
<gc-end id="164" type="scavenge" contextid="160" durationms="3.510" usertimems="9.734" systemtimems="0.084" stalltimems="0.702" timestamp="2026-01-07T15:47:57.967" activeThreads="4">
  <mem-info id="165" free="30925424" total="52428800" percent="58">
    <mem type="nursery" free="5555120" total="13107200" percent="42">
      <mem type="allocate" free="5555120" total="8978432" percent="61" />
      <mem type="survivor" free="0" total="4128768" percent="0" />
    </mem>
    <mem type="tenure" free="25370304" total="39321600" percent="64" />
    <pending-finalizers system="1" default="0" reference="7" classloader="0" />
    <remembered-set count="1725" />
  </mem-info>
</gc-end>
<cycle-end id="166" type="scavenge" contextid="160" timestamp="2026-01-07T15:47:57.967" />
<allocation-satisfied id="167" threadId="0000000000016800" bytesRequested="40968" />
<af-end id="168" timestamp="2026-01-07T15:47:57.967" threadId="00000000000171A0" success="true" from="nursery"/>
<exclusive-end id="169" timestamp="2026-01-07T15:47:57.967" durationms="3.725" />

<exclusive-start id="170" timestamp="2026-01-07T15:47:58.136" intervalms="172.839">
  <response-info timems="0.020" idlems="0.020" threads="0" lastid="0000000000016800" lastname="main" />
</exclusive-start>
<af-start id="171" threadId="00000000000171A0" totalBytesRequested="10248" timestamp="2026-01-07T15:47:58.136" intervalms="172.841" type="nursery" />
<cycle-start id="172" type="scavenge" contextid="0" timestamp="2026-01-07T15:47:58.136" intervalms="172.848" />
<gc-start id="173" type="scavenge" contextid="172" timestamp="2026-01-07T15:47:58.137">
  <mem-info id="174" free="25338688" total="52428800" percent="48">
    <mem type="nursery" free="0" total="13107200" percent="0">
      <mem type="allocate" free="0" total="8978432" percent="0" />
      <mem type="survivor" free="0" total="4128768" percent="0" />
    </mem>
    <mem type="tenure" free="25338688" total="39321600" percent="64" />
    <remembered-set count="2269" />
  </mem-info>
</gc-start>
<allocation-stats totalBytes="5582256" discardedBytes="4480" >
  <allocated-bytes non-tlh="241216" tlh="5341040" />
  <largest-consumer threadName="main" threadId="0000000000016800" bytes="5582256" />
</allocation-stats>
<gc-op id="175" type="scavenge" timems="0.705" contextid="172" timestamp="2026-01-07T15:47:58.137">
  <scavenger-info tenureage="1" tenuremask="7ffe" tiltratio="68" />
  <memory-copied type="nursery" objects="4178" bytes="1058072" bytesdiscarded="142584" />
  <memory-copied type="tenure" objects="177" bytes="405224" bytesdiscarded="8" />
  <finalization candidates="237" enqueued="232" />
  <ownableSynchronizers candidates="1" cleared="0" />
  <references type="weak" candidates="80" cleared="77" enqueued="77" />
  <object-monitors candidates="22" cleared="0"  />
</gc-op>
<gc-end id="176" type="scavenge" contextid="172" durationms="0.787" usertimems="2.671" systemtimems="0.000" stalltimems="0.819" timestamp="2026-01-07T15:47:58.137" activeThreads="4">
  <mem-info id="177" free="32917936" total="52428800" percent="62">
    <mem type="nursery" free="8038896" total="13107200" percent="61">
      <mem type="allocate" free="8038896" total="9240576" percent="86" />
      <mem type="survivor" free="0" total="3866624" percent="0" />
    </mem>
    <mem type="tenure" free="24879040" total="39321600" percent="63" />
    <pending-finalizers system="232" default="0" reference="77" classloader="0" />
    <remembered-set count="661" />
  </mem-info>
</gc-end>
<cycle-end id="178" type="scavenge" contextid="172" timestamp="2026-01-07T15:47:58.137" />
<allocation-satisfied id="179" threadId="0000000000016800" bytesRequested="10248" />
<af-end id="180" timestamp="2026-01-07T15:47:58.137" threadId="00000000000171A0" success="true" from="nursery"/>
<exclusive-end id="181" timestamp="2026-01-07T15:47:58.137" durationms="0.989" />

<exclusive-start id="182" timestamp="2026-01-07T15:47:58.509" intervalms="372.210">
  <response-info timems="0.014" idlems="0.014" threads="0" lastid="0000000000016800" lastname="main" />
</exclusive-start>
<af-start id="183" threadId="00000000000171A0" totalBytesRequested="64" timestamp="2026-01-07T15:47:58.509" intervalms="372.194" type="nursery" />
<cycle-start id="184" type="scavenge" contextid="0" timestamp="2026-01-07T15:47:58.509" intervalms="372.187" />
<gc-start id="185" type="scavenge" contextid="184" timestamp="2026-01-07T15:47:58.509">
  <mem-info id="186" free="24574928" total="52428800" percent="46">
    <mem type="nursery" free="0" total="13107200" percent="0">
      <mem type="allocate" free="0" total="9240576" percent="0" />
      <mem type="survivor" free="0" total="3866624" percent="0" />
    </mem>
    <mem type="tenure" free="24574928" total="39321600" percent="62" />
    <remembered-set count="4904" />
  </mem-info>
</gc-start>
<allocation-stats totalBytes="8340608" discardedBytes="2400" >
  <allocated-bytes non-tlh="314360" tlh="8026248" />
  <largest-consumer threadName="main" threadId="0000000000016800" bytes="8336512" />
</allocation-stats>
<gc-op id="187" type="scavenge" timems="1.524" contextid="184" timestamp="2026-01-07T15:47:58.510">
  <scavenger-info tenureage="1" tenuremask="7ffe" tiltratio="70" />
  <memory-copied type="nursery" objects="27023" bytes="2475184" bytesdiscarded="130064" />
  <memory-copied type="tenure" objects="3316" bytes="391176" bytesdiscarded="496" />
  <finalization candidates="463" enqueued="443" />
  <ownableSynchronizers candidates="18" cleared="0" />
  <references type="soft" candidates="48" cleared="0" enqueued="0" dynamicThreshold="32" maxThreshold="32" />
  <references type="weak" candidates="332" cleared="259" enqueued="259" />
  <object-monitors candidates="23" cleared="1"  />
</gc-op>
<gc-end id="188" type="scavenge" contextid="184" durationms="1.603" usertimems="3.854" systemtimems="0.085" stalltimems="1.459" timestamp="2026-01-07T15:47:58.510" activeThreads="4">
  <mem-info id="189" free="31011192" total="52428800" percent="59">
    <mem type="nursery" free="6567368" total="13107200" percent="50">
      <mem type="allocate" free="6567368" total="9175040" percent="71" />
      <mem type="survivor" free="0" total="3932160" percent="0" />
    </mem>
    <mem type="tenure" free="24443824" total="39321600" percent="62" />
    <pending-finalizers system="443" default="0" reference="259" classloader="0" />
    <remembered-set count="4823" />
  </mem-info>
</gc-end>
<cycle-end id="190" type="scavenge" contextid="184" timestamp="2026-01-07T15:47:58.510" />
<allocation-satisfied id="191" threadId="0000000000016800" bytesRequested="64" />
<af-end id="192" timestamp="2026-01-07T15:47:58.510" threadId="00000000000171A0" success="true" from="nursery"/>
<exclusive-end id="193" timestamp="2026-01-07T15:47:58.510" durationms="1.791" />

<exclusive-start id="194" timestamp="2026-01-07T15:47:58.678" intervalms="169.861">
  <response-info timems="0.015" idlems="0.015" threads="0" lastid="0000000000016800" lastname="main" />
</exclusive-start>
<af-start id="195" threadId="00000000000171A0" totalBytesRequested="5960" timestamp="2026-01-07T15:47:58.678" intervalms="169.865" type="nursery" />
<cycle-start id="196" type="scavenge" contextid="0" timestamp="2026-01-07T15:47:58.679" intervalms="169.865" />
<gc-start id="197" type="scavenge" contextid="196" timestamp="2026-01-07T15:47:58.679">
  <mem-info id="198" free="24206208" total="52428800" percent="46">
    <mem type="nursery" free="0" total="13107200" percent="0">
      <mem type="allocate" free="0" total="9175040" percent="0" />
      <mem type="survivor" free="0" total="3932160" percent="0" />
    </mem>
    <mem type="tenure" free="24206208" total="39321600" percent="61" />
    <remembered-set count="7913" />
  </mem-info>
</gc-start>
<allocation-stats totalBytes="6798992" discardedBytes="5992" >
  <allocated-bytes non-tlh="289344" tlh="6509648" />
  <largest-consumer threadName="main" threadId="0000000000016800" bytes="6786704" />
</allocation-stats>
<gc-op id="199" type="scavenge" timems="2.301" contextid="196" timestamp="2026-01-07T15:47:58.681">
  <scavenger-info tenureage="1" tenuremask="7ffe" tiltratio="70" />
  <memory-copied type="nursery" objects="18562" bytes="2776976" bytesdiscarded="171968" />
  <memory-copied type="tenure" objects="24798" bytes="1191040" bytesdiscarded="152" />
  <finalization candidates="1294" enqueued="1269" />
  <ownableSynchronizers candidates="21" cleared="0" />
  <references type="soft" candidates="85" cleared="0" enqueued="0" dynamicThreshold="32" maxThreshold="32" />
  <references type="weak" candidates="266" cleared="188" enqueued="173" />
  <object-monitors candidates="22" cleared="0"  />
</gc-op>
<gc-end id="200" type="scavenge" contextid="196" durationms="2.393" usertimems="8.464" systemtimems="0.956" stalltimems="1.908" timestamp="2026-01-07T15:47:58.681" activeThreads="4">
  <mem-info id="201" free="29764552" total="52428800" percent="56">
    <mem type="nursery" free="6677376" total="13107200" percent="50">
      <mem type="allocate" free="6677376" total="9633792" percent="69" />
      <mem type="survivor" free="0" total="3473408" percent="0" />
    </mem>
    <mem type="tenure" free="23087176" total="39321600" percent="58" />
    <pending-finalizers system="1269" default="0" reference="173" classloader="0" />
    <remembered-set count="7118" />
  </mem-info>
</gc-end>
<cycle-end id="202" type="scavenge" contextid="196" timestamp="2026-01-07T15:47:58.681" />
<allocation-satisfied id="203" threadId="0000000000016800" bytesRequested="5960" />
<af-end id="204" timestamp="2026-01-07T15:47:58.681" threadId="00000000000171A0" success="true" from="nursery"/>
<exclusive-end id="205" timestamp="2026-01-07T15:47:58.681" durationms="2.581" />

<exclusive-start id="206" timestamp="2026-01-07T15:47:58.845" intervalms="166.062">
  <response-info timems="0.013" idlems="0.013" threads="0" lastid="0000000000016800" lastname="main" />
</exclusive-start>
<af-start id="207" threadId="00000000000171A0" totalBytesRequested="32" timestamp="2026-01-07T15:47:58.845" intervalms="166.062" type="nursery" />
<cycle-start id="208" type="scavenge" contextid="0" timestamp="2026-01-07T15:47:58.845" intervalms="166.060" />
<gc-start id="209" type="scavenge" contextid="208" timestamp="2026-01-07T15:47:58.845">
  <mem-info id="210" free="22855888" total="52428800" percent="43">
    <mem type="nursery" free="0" total="13107200" percent="0">
      <mem type="allocate" free="0" total="9633792" percent="0" />
      <mem type="survivor" free="0" total="3473408" percent="0" />
    </mem>
    <mem type="tenure" free="22855888" total="39321600" percent="58" />
    <remembered-set count="9500" />
  </mem-info>
</gc-start>
<allocation-stats totalBytes="6905032" discardedBytes="3632" >
  <allocated-bytes non-tlh="237248" tlh="6667784" />
  <largest-consumer threadName="main" threadId="0000000000016800" bytes="6905032" />
</allocation-stats>
<gc-op id="211" type="scavenge" timems="1.873" contextid="208" timestamp="2026-01-07T15:47:58.847">
  <scavenger-info tenureage="1" tenuremask="7ffe" tiltratio="73" />
  <memory-copied type="nursery" objects="23864" bytes="2755504" bytesdiscarded="94800" />
  <memory-copied type="tenure" objects="14826" bytes="683728" bytesdiscarded="224" />
  <finalization candidates="1016" enqueued="1010" />
  <ownableSynchronizers candidates="5" cleared="0" />
  <references type="soft" candidates="8" cleared="0" enqueued="0" dynamicThreshold="32" maxThreshold="32" />
  <references type="weak" candidates="183" cleared="108" enqueued="96" />
  <object-monitors candidates="22" cleared="0"  />
</gc-op>
<gc-end id="212" type="scavenge" contextid="208" durationms="1.959" usertimems="5.024" systemtimems="0.097" stalltimems="0.898" timestamp="2026-01-07T15:47:58.847" activeThreads="4">
  <mem-info id="213" free="28952408" total="52428800" percent="55">
    <mem type="nursery" free="6839944" total="13107200" percent="52">
      <mem type="allocate" free="6839944" total="9699328" percent="70" />
      <mem type="survivor" free="0" total="3407872" percent="0" />
    </mem>
    <mem type="tenure" free="22112464" total="39321600" percent="56" />
    <pending-finalizers system="1010" default="0" reference="96" classloader="0" />
    <remembered-set count="5704" />
  </mem-info>
</gc-end>
<cycle-end id="214" type="scavenge" contextid="208" timestamp="2026-01-07T15:47:58.847" />
<allocation-satisfied id="215" threadId="0000000000016800" bytesRequested="32" />
<af-end id="216" timestamp="2026-01-07T15:47:58.847" threadId="00000000000171A0" success="true" from="nursery"/>
<exclusive-end id="217" timestamp="2026-01-07T15:47:58.847" durationms="2.142" />

<exclusive-start id="218" timestamp="2026-01-07T15:47:59.044" intervalms="199.464">
  <response-info timems="0.015" idlems="0.015" threads="0" lastid="0000000000016800" lastname="main" />
</exclusive-start>
<af-start id="219" threadId="00000000000171A0" totalBytesRequested="32" timestamp="2026-01-07T15:47:59.044" intervalms="199.466" type="nursery" />
<cycle-start id="220" type="scavenge" contextid="0" timestamp="2026-01-07T15:47:59.044" intervalms="199.468" />
<gc-start id="221" type="scavenge" contextid="220" timestamp="2026-01-07T15:47:59.044">
  <mem-info id="222" free="21884232" total="52428800" percent="41">
    <mem type="nursery" free="0" total="13107200" percent="0">
      <mem type="allocate" free="0" total="9699328" percent="0" />
      <mem type="survivor" free="0" total="3407872" percent="0" />
    </mem>
    <mem type="tenure" free="21884232" total="39321600" percent="55" />
    <remembered-set count="8738" />
  </mem-info>
</gc-start>
<allocation-stats totalBytes="7066888" discardedBytes="1288" >
  <allocated-bytes non-tlh="228264" tlh="6838624" />
  <largest-consumer threadName="main" threadId="0000000000016800" bytes="7046480" />
</allocation-stats>
<gc-op id="223" type="scavenge" timems="1.865" contextid="220" timestamp="2026-01-07T15:47:59.046">
  <scavenger-info tenureage="1" tenuremask="7ffe" tiltratio="74" />
  <memory-copied type="nursery" objects="29632" bytes="2667632" bytesdiscarded="205920" />
  <memory-copied type="tenure" objects="21113" bytes="787536" bytesdiscarded="80" />
  <finalization candidates="767" enqueued="708" />
  <ownableSynchronizers candidates="36" cleared="0" />
  <references type="soft" candidates="1340" cleared="0" enqueued="0" dynamicThreshold="32" maxThreshold="32" />
  <references type="weak" candidates="485" cleared="309" enqueued="309" />
  <object-monitors candidates="26" cleared="0"  />
</gc-op>
<gc-end id="224" type="scavenge" contextid="220" durationms="1.953" usertimems="6.364" systemtimems="0.133" stalltimems="1.056" timestamp="2026-01-07T15:47:59.046" activeThreads="4">
  <mem-info id="225" free="27944272" total="52428800" percent="53">
    <mem type="nursery" free="6887176" total="13107200" percent="52">
      <mem type="allocate" free="6887176" total="9764864" percent="70" />
      <mem type="survivor" free="0" total="3342336" percent="0" />
    </mem>
    <mem type="tenure" free="21057096" total="39321600" percent="53" />
    <pending-finalizers system="708" default="0" reference="309" classloader="0" />
    <remembered-set count="5259" />
  </mem-info>
</gc-end>
<cycle-end id="226" type="scavenge" contextid="220" timestamp="2026-01-07T15:47:59.046" />
<allocation-satisfied id="227" threadId="0000000000016800" bytesRequested="32" />
<af-end id="228" timestamp="2026-01-07T15:47:59.046" threadId="00000000000171A0" success="true" from="nursery"/>
<exclusive-end id="229" timestamp="2026-01-07T15:47:59.046" durationms="2.153" />

<exclusive-start id="230" timestamp="2026-01-07T15:47:59.225" intervalms="180.705">
  <response-info timems="0.025" idlems="0.025" threads="0" lastid="0000000000016800" lastname="main" />
</exclusive-start>
<af-start id="231" threadId="00000000000171A0" totalBytesRequested="96" timestamp="2026-01-07T15:47:59.225" intervalms="180.707" type="nursery" />
<cycle-start id="232" type="scavenge" contextid="0" timestamp="2026-01-07T15:47:59.225" intervalms="180.710" />
<gc-start id="233" type="scavenge" contextid="232" timestamp="2026-01-07T15:47:59.225">
  <mem-info id="234" free="20785920" total="52428800" percent="39">
    <mem type="nursery" free="0" total="13107200" percent="0">
      <mem type="allocate" free="0" total="9764864" percent="0" />
      <mem type="survivor" free="0" total="3342336" percent="0" />
    </mem>
    <mem type="tenure" free="20785920" total="39321600" percent="52" />
    <remembered-set count="7827" />
  </mem-info>
</gc-start>
<allocation-stats totalBytes="7153840" discardedBytes="4512" >
  <allocated-bytes non-tlh="404168" tlh="6749672" />
  <largest-consumer threadName="main" threadId="0000000000016800" bytes="6642832" />
</allocation-stats>
<gc-op id="235" type="scavenge" timems="2.637" contextid="232" timestamp="2026-01-07T15:47:59.228">
  <scavenger-info tenureage="1" tenuremask="7ffe" tiltratio="74" />
  <memory-copied type="nursery" objects="12539" bytes="2129784" bytesdiscarded="80872" />
  <memory-copied type="tenure" objects="26498" bytes="889128" bytesdiscarded="160" />
  <finalization candidates="776" enqueued="666" />
  <ownableSynchronizers candidates="68" cleared="0" />
  <references type="soft" candidates="175" cleared="0" enqueued="0" dynamicThreshold="32" maxThreshold="32" />
  <references type="weak" candidates="380" cleared="249" enqueued="249" />
  <object-monitors candidates="28" cleared="0"  />
</gc-op>
<gc-end id="236" type="scavenge" contextid="232" durationms="2.724" usertimems="8.146" systemtimems="0.203" stalltimems="3.238" timestamp="2026-01-07T15:47:59.228" activeThreads="4">
  <mem-info id="237" free="27478200" total="52428800" percent="52">
    <mem type="nursery" free="7681464" total="13107200" percent="58">
      <mem type="allocate" free="7681464" total="9895936" percent="77" />
      <mem type="survivor" free="0" total="3211264" percent="0" />
    </mem>
    <mem type="tenure" free="19796736" total="39321600" percent="50" />
    <pending-finalizers system="666" default="0" reference="249" classloader="0" />
    <remembered-set count="5090" />
  </mem-info>
</gc-end>
<cycle-end id="238" type="scavenge" contextid="232" timestamp="2026-01-07T15:47:59.228" />
<allocation-satisfied id="239" threadId="0000000000016800" bytesRequested="96" />
<af-end id="240" timestamp="2026-01-07T15:47:59.228" threadId="00000000000171A0" success="true" from="nursery"/>
<exclusive-end id="241" timestamp="2026-01-07T15:47:59.228" durationms="2.939" />

<exclusive-start id="242" timestamp="2026-01-07T15:47:59.420" intervalms="195.765">
  <response-info timems="0.019" idlems="0.019" threads="0" lastid="0000000000016800" lastname="main" />
</exclusive-start>
<af-start id="243" threadId="00000000000171A0" totalBytesRequested="56888" timestamp="2026-01-07T15:47:59.420" intervalms="195.759" type="nursery" />
<cycle-start id="244" type="scavenge" contextid="0" timestamp="2026-01-07T15:47:59.421" intervalms="195.773" />
<gc-start id="245" type="scavenge" contextid="244" timestamp="2026-01-07T15:47:59.421">
  <mem-info id="246" free="19608280" total="52428800" percent="37">
    <mem type="nursery" free="0" total="13107200" percent="0">
      <mem type="allocate" free="0" total="9895936" percent="0" />
      <mem type="survivor" free="0" total="3211264" percent="0" />
    </mem>
    <mem type="tenure" free="19608280" total="39321600" percent="49" />
    <remembered-set count="7367" />
  </mem-info>
</gc-start>
<allocation-stats totalBytes="7860880" discardedBytes="9040" >
  <allocated-bytes non-tlh="336072" tlh="7524808" />
  <largest-consumer threadName="main" threadId="0000000000016800" bytes="7791000" />
</allocation-stats>
<gc-op id="247" type="scavenge" timems="2.679" contextid="244" timestamp="2026-01-07T15:47:59.423">
  <scavenger-info tenureage="1" tenuremask="7ffe" tiltratio="75" />
  <memory-copied type="nursery" objects="17970" bytes="2720728" bytesdiscarded="161552" />
  <memory-copied type="tenure" objects="9974" bytes="366336" bytesdiscarded="72" />
  <finalization candidates="740" enqueued="607" />
  <ownableSynchronizers candidates="53" cleared="0" />
  <references type="soft" candidates="47" cleared="0" enqueued="0" dynamicThreshold="32" maxThreshold="32" />
  <references type="weak" candidates="222" cleared="159" enqueued="159" />
  <object-monitors candidates="39" cleared="10"  />
</gc-op>
<gc-end id="248" type="scavenge" contextid="244" durationms="2.757" usertimems="6.387" systemtimems="1.033" stalltimems="2.968" timestamp="2026-01-07T15:47:59.423" activeThreads="4">
  <mem-info id="249" free="25897600" total="52428800" percent="49">
    <mem type="nursery" free="6683304" total="13107200" percent="50">
      <mem type="allocate" free="6683304" total="9568256" percent="69" />
      <mem type="survivor" free="0" total="3538944" percent="0" />
    </mem>
    <mem type="tenure" free="19214296" total="39321600" percent="48" />
    <pending-finalizers system="605" default="2" reference="159" classloader="0" />
    <remembered-set count="4812" />
  </mem-info>
</gc-end>
<cycle-end id="250" type="scavenge" contextid="244" timestamp="2026-01-07T15:47:59.423" />
<allocation-satisfied id="251" threadId="0000000000016800" bytesRequested="56888" />
<af-end id="252" timestamp="2026-01-07T15:47:59.423" threadId="00000000000171A0" success="true" from="nursery"/>
<exclusive-end id="253" timestamp="2026-01-07T15:47:59.423" durationms="2.986" />

<exclusive-start id="254" timestamp="2026-01-07T15:47:59.583" intervalms="162.310">
  <response-info timems="0.018" idlems="0.018" threads="0" lastid="0000000000016800" lastname="main" />
</exclusive-start>
<af-start id="255" threadId="00000000000171A0" totalBytesRequested="16" timestamp="2026-01-07T15:47:59.583" intervalms="162.317" type="nursery" />
<cycle-start id="256" type="scavenge" contextid="0" timestamp="2026-01-07T15:47:59.583" intervalms="162.302" />
<gc-start id="257" type="scavenge" contextid="256" timestamp="2026-01-07T15:47:59.583">
  <mem-info id="258" free="18988256" total="52428800" percent="36">
    <mem type="nursery" free="0" total="13107200" percent="0">
      <mem type="allocate" free="0" total="9568256" percent="0" />
      <mem type="survivor" free="0" total="3538944" percent="0" />
    </mem>
    <mem type="tenure" free="18988256" total="39321600" percent="48" />
    <remembered-set count="7113" />
  </mem-info>
</gc-start>
<allocation-stats totalBytes="6907696" discardedBytes="1648" >
  <allocated-bytes non-tlh="282928" tlh="6624768" />
  <largest-consumer threadName="main" threadId="0000000000016800" bytes="6879024" />
</allocation-stats>
<gc-op id="259" type="scavenge" timems="1.815" contextid="256" timestamp="2026-01-07T15:47:59.585">
  <scavenger-info tenureage="1" tenuremask="7ffe" tiltratio="73" />
  <memory-copied type="nursery" objects="15407" bytes="2164768" bytesdiscarded="283392" />
  <memory-copied type="tenure" objects="15852" bytes="593744" bytesdiscarded="344" />
  <finalization candidates="465" enqueued="352" />
  <ownableSynchronizers candidates="32" cleared="0" />
  <references type="soft" candidates="72" cleared="0" enqueued="0" dynamicThreshold="32" maxThreshold="32" />
  <references type="weak" candidates="261" cleared="220" enqueued="219" />
  <object-monitors candidates="37" cleared="7"  />
</gc-op>
<gc-end id="260" type="scavenge" contextid="256" durationms="1.903" usertimems="5.287" systemtimems="1.096" stalltimems="1.309" timestamp="2026-01-07T15:47:59.585" activeThreads="4">
  <mem-info id="261" free="25672160" total="52428800" percent="48">
    <mem type="nursery" free="7249168" total="13107200" percent="55">
      <mem type="allocate" free="7249168" total="9699328" percent="74" />
      <mem type="survivor" free="0" total="3407872" percent="0" />
    </mem>
    <mem type="tenure" free="18422992" total="39321600" percent="46" />
    <pending-finalizers system="350" default="2" reference="219" classloader="0" />
    <remembered-set count="4538" />
  </mem-info>
</gc-end>
<cycle-end id="262" type="scavenge" contextid="256" timestamp="2026-01-07T15:47:59.585" />
<allocation-satisfied id="263" threadId="0000000000016800" bytesRequested="16" />
<af-end id="264" timestamp="2026-01-07T15:47:59.585" threadId="00000000000171A0" success="true" from="nursery"/>
<exclusive-end id="265" timestamp="2026-01-07T15:47:59.585" durationms="2.113" />

<exclusive-start id="266" timestamp="2026-01-07T15:47:59.785" intervalms="202.616">
  <response-info timems="0.022" idlems="0.022" threads="0" lastid="0000000000016800" lastname="main" />
</exclusive-start>
<af-start id="267" threadId="00000000000171A0" totalBytesRequested="16" timestamp="2026-01-07T15:47:59.785" intervalms="202.623" type="nursery" />
<cycle-start id="268" type="scavenge" contextid="0" timestamp="2026-01-07T15:47:59.785" intervalms="202.634" />
<gc-start id="269" type="scavenge" contextid="268" timestamp="2026-01-07T15:47:59.786">
  <mem-info id="270" free="17584696" total="52428800" percent="33">
    <mem type="nursery" free="0" total="13107200" percent="0">
      <mem type="allocate" free="0" total="9699328" percent="0" />
      <mem type="survivor" free="0" total="3407872" percent="0" />
    </mem>
    <mem type="tenure" free="17584696" total="39321600" percent="44" />
    <remembered-set count="10964" />
  </mem-info>
</gc-start>
<allocation-stats totalBytes="8085344" discardedBytes="2120" >
  <allocated-bytes non-tlh="971776" tlh="7113568" />
  <largest-consumer threadName="main" threadId="0000000000016800" bytes="8073056" />
</allocation-stats>
<gc-op id="271" type="scavenge" timems="2.536" contextid="268" timestamp="2026-01-07T15:47:59.788">
  <scavenger-info tenureage="1" tenuremask="7ffe" tiltratio="74" />
  <memory-copied type="nursery" objects="28453" bytes="2759760" bytesdiscarded="90192" />
  <memory-copied type="tenure" objects="13293" bytes="583272" bytesdiscarded="88" />
  <finalization candidates="378" enqueued="358" />
  <ownableSynchronizers candidates="12" cleared="0" />
  <references type="soft" candidates="337" cleared="0" enqueued="0" dynamicThreshold="32" maxThreshold="32" />
  <references type="weak" candidates="148" cleared="83" enqueued="83" />
  <object-monitors candidates="30" cleared="0"  />
</gc-op>
<gc-end id="272" type="scavenge" contextid="268" durationms="2.618" usertimems="9.957" systemtimems="0.096" stalltimems="3.457" timestamp="2026-01-07T15:47:59.788" activeThreads="4">
  <mem-info id="273" free="23785080" total="52428800" percent="45">
    <mem type="nursery" free="6651256" total="13107200" percent="50">
      <mem type="allocate" free="6651256" total="9502720" percent="69" />
      <mem type="survivor" free="0" total="3604480" percent="0" />
    </mem>
    <mem type="tenure" free="17133824" total="39321600" percent="43" />
    <pending-finalizers system="358" default="0" reference="83" classloader="0" />
    <remembered-set count="8729" />
  </mem-info>
</gc-end>
<cycle-end id="274" type="scavenge" contextid="268" timestamp="2026-01-07T15:47:59.788" />
<allocation-satisfied id="275" threadId="0000000000016800" bytesRequested="16" />
<af-end id="276" timestamp="2026-01-07T15:47:59.788" threadId="00000000000171A0" success="true" from="nursery"/>
<exclusive-end id="277" timestamp="2026-01-07T15:47:59.788" durationms="2.854" />

<exclusive-start id="278" timestamp="2026-01-07T15:47:59.950" intervalms="164.430">
  <response-info timems="0.024" idlems="0.024" threads="0" lastid="0000000000016800" lastname="main" />
</exclusive-start>
<af-start id="279" threadId="00000000000171A0" totalBytesRequested="11016" timestamp="2026-01-07T15:47:59.950" intervalms="164.423" type="nursery" />
<cycle-start id="280" type="scavenge" contextid="0" timestamp="2026-01-07T15:47:59.950" intervalms="164.415" />
<gc-start id="281" type="scavenge" contextid="280" timestamp="2026-01-07T15:47:59.950">
  <mem-info id="282" free="16893016" total="52428800" percent="32">
    <mem type="nursery" free="0" total="13107200" percent="0">
      <mem type="allocate" free="0" total="9502720" percent="0" />
      <mem type="survivor" free="0" total="3604480" percent="0" />
    </mem>
    <mem type="tenure" free="16893016" total="39321600" percent="42" />
    <remembered-set count="10616" />
  </mem-info>
</gc-start>
<allocation-stats totalBytes="6878496" discardedBytes="13568" >
  <allocated-bytes non-tlh="240824" tlh="6637672" />
  <largest-consumer threadName="main" threadId="0000000000016800" bytes="6878496" />
</allocation-stats>
<gc-op id="283" type="scavenge" timems="2.229" contextid="280" timestamp="2026-01-07T15:47:59.952">
  <scavenger-info tenureage="1" tenuremask="7ffe" tiltratio="72" />
  <memory-copied type="nursery" objects="41903" bytes="2585216" bytesdiscarded="72048" />
  <memory-copied type="tenure" objects="26051" bytes="964056" bytesdiscarded="992" />
  <finalization candidates="187" enqueued="178" />
  <references type="soft" candidates="47" cleared="0" enqueued="0" dynamicThreshold="32" maxThreshold="32" />
  <references type="weak" candidates="98" cleared="51" enqueued="48" />
  <object-monitors candidates="30" cleared="0"  />
</gc-op>
<gc-end id="284" type="scavenge" contextid="280" durationms="2.317" usertimems="5.955" systemtimems="0.992" stalltimems="1.808" timestamp="2026-01-07T15:47:59.952" activeThreads="4">
  <mem-info id="285" free="22836328" total="52428800" percent="43">
    <mem type="nursery" free="6975768" total="13107200" percent="53">
      <mem type="allocate" free="6975768" total="9633792" percent="72" />
      <mem type="survivor" free="0" total="3473408" percent="0" />
    </mem>
    <mem type="tenure" free="15860560" total="39321600" percent="40" />
    <pending-finalizers system="178" default="0" reference="48" classloader="0" />
    <remembered-set count="8755" />
  </mem-info>
</gc-end>
<cycle-end id="286" type="scavenge" contextid="280" timestamp="2026-01-07T15:47:59.952" />
<allocation-satisfied id="287" threadId="0000000000016800" bytesRequested="11016" />
<af-end id="288" timestamp="2026-01-07T15:47:59.952" threadId="00000000000171A0" success="true" from="nursery"/>
<exclusive-end id="289" timestamp="2026-01-07T15:47:59.952" durationms="2.543" />

<exclusive-start id="290" timestamp="2026-01-07T15:48:00.050" intervalms="100.076">
  <response-info timems="0.021" idlems="0.021" threads="0" lastid="0000000000016800" lastname="main" />
</exclusive-start>
<af-start id="291" threadId="00000000000171A0" totalBytesRequested="7744" timestamp="2026-01-07T15:48:00.050" intervalms="100.075" type="nursery" />
<cycle-start id="292" type="scavenge" contextid="0" timestamp="2026-01-07T15:48:00.050" intervalms="100.072" />
<gc-start id="293" type="scavenge" contextid="292" timestamp="2026-01-07T15:48:00.050">
  <mem-info id="294" free="15442752" total="52428800" percent="29">
    <mem type="nursery" free="0" total="13107200" percent="0">
      <mem type="allocate" free="0" total="9633792" percent="0" />
      <mem type="survivor" free="0" total="3473408" percent="0" />
    </mem>
    <mem type="tenure" free="15442752" total="39321600" percent="39" />
    <remembered-set count="13076" />
  </mem-info>
</gc-start>
<allocation-stats totalBytes="7385888" discardedBytes="7688" >
  <allocated-bytes non-tlh="511832" tlh="6874056" />
  <largest-consumer threadName="main" threadId="0000000000016800" bytes="7381792" />
</allocation-stats>
<gc-op id="295" type="scavenge" timems="1.734" contextid="292" timestamp="2026-01-07T15:48:00.052">
  <scavenger-info tenureage="1" tenuremask="7ffe" tiltratio="73" />
  <memory-copied type="nursery" objects="10692" bytes="2545560" bytesdiscarded="139272" />
  <memory-copied type="tenure" objects="34978" bytes="1475568" bytesdiscarded="592" />
  <finalization candidates="440" enqueued="436" />
  <references type="soft" candidates="108" cleared="0" enqueued="0" dynamicThreshold="32" maxThreshold="32" />
  <references type="weak" candidates="28" cleared="15" enqueued="15" />
  <object-monitors candidates="30" cleared="0"  />
</gc-op>
<gc-end id="296" type="scavenge" contextid="292" durationms="1.822" usertimems="5.646" systemtimems="0.000" stalltimems="1.108" timestamp="2026-01-07T15:48:00.052" activeThreads="4">
  <mem-info id="297" free="21154000" total="52428800" percent="40">
    <mem type="nursery" free="7078288" total="13107200" percent="54">
      <mem type="allocate" free="7078288" total="9764864" percent="72" />
      <mem type="survivor" free="0" total="3342336" percent="0" />
    </mem>
    <mem type="tenure" free="14075712" total="39321600" percent="35" />
    <pending-finalizers system="436" default="0" reference="15" classloader="0" />
    <remembered-set count="7524" />
  </mem-info>
</gc-end>
<cycle-end id="298" type="scavenge" contextid="292" timestamp="2026-01-07T15:48:00.052" />
<allocation-satisfied id="299" threadId="0000000000016800" bytesRequested="7744" />
<af-end id="300" timestamp="2026-01-07T15:48:00.052" threadId="00000000000171A0" success="true" from="nursery"/>
<exclusive-end id="301" timestamp="2026-01-07T15:48:00.052" durationms="2.041" />

<exclusive-start id="302" timestamp="2026-01-07T15:48:00.129" intervalms="79.246">
  <response-info timems="0.018" idlems="0.018" threads="0" lastid="0000000000016800" lastname="main" />
</exclusive-start>
<af-start id="303" threadId="00000000000171A0" totalBytesRequested="35144" timestamp="2026-01-07T15:48:00.129" intervalms="79.246" type="nursery" />
<cycle-start id="304" type="scavenge" contextid="0" timestamp="2026-01-07T15:48:00.129" intervalms="79.248" />
<gc-start id="305" type="scavenge" contextid="304" timestamp="2026-01-07T15:48:00.129">
  <mem-info id="306" free="13653200" total="52428800" percent="26">
    <mem type="nursery" free="0" total="13107200" percent="0">
      <mem type="allocate" free="0" total="9764864" percent="0" />
      <mem type="survivor" free="0" total="3342336" percent="0" />
    </mem>
    <mem type="tenure" free="13653200" total="39321600" percent="34" />
    <remembered-set count="13037" />
  </mem-info>
</gc-start>
<allocation-stats totalBytes="7497152" discardedBytes="3648" >
  <allocated-bytes non-tlh="630960" tlh="6866192" />
  <largest-consumer threadName="main" threadId="0000000000016800" bytes="7497152" />
</allocation-stats>
<gc-op id="307" type="scavenge" timems="1.324" contextid="304" timestamp="2026-01-07T15:48:00.131">
  <scavenger-info tenureage="1" tenuremask="7ffe" tiltratio="74" />
  <memory-copied type="nursery" objects="6378" bytes="1776784" bytesdiscarded="81208" />
  <memory-copied type="tenure" objects="9551" bytes="331688" bytesdiscarded="368" />
  <finalization candidates="280" enqueued="278" />
  <ownableSynchronizers candidates="1" cleared="0" />
  <references type="soft" candidates="121" cleared="0" enqueued="0" dynamicThreshold="32" maxThreshold="32" />
  <references type="weak" candidates="22" cleared="11" enqueued="11" />
  <object-monitors candidates="30" cleared="0"  />
</gc-op>
<gc-end id="308" type="scavenge" contextid="304" durationms="1.405" usertimems="4.637" systemtimems="0.945" stalltimems="1.251" timestamp="2026-01-07T15:48:00.131" activeThreads="4">
  <mem-info id="309" free="21182888" total="52428800" percent="40">
    <mem type="nursery" free="8036832" total="13107200" percent="61">
      <mem type="allocate" free="8036832" total="9895936" percent="81" />
      <mem type="survivor" free="0" total="3211264" percent="0" />
    </mem>
    <mem type="tenure" free="13146056" total="39321600" percent="33" />
    <pending-finalizers system="278" default="0" reference="11" classloader="0" />
    <remembered-set count="8439" />
  </mem-info>
</gc-end>
<cycle-end id="310" type="scavenge" contextid="304" timestamp="2026-01-07T15:48:00.131" />
<allocation-satisfied id="311" threadId="0000000000016800" bytesRequested="35144" />
<af-end id="312" timestamp="2026-01-07T15:48:00.131" threadId="00000000000171A0" success="true" from="nursery"/>
<exclusive-end id="313" timestamp="2026-01-07T15:48:00.131" durationms="1.623" />

<exclusive-start id="314" timestamp="2026-01-07T15:48:00.268" intervalms="138.749">
  <response-info timems="0.020" idlems="0.020" threads="0" lastid="0000000000016800" lastname="main" />
</exclusive-start>
<af-start id="315" threadId="00000000000171A0" totalBytesRequested="24" timestamp="2026-01-07T15:48:00.268" intervalms="138.753" type="nursery" />
<cycle-start id="316" type="scavenge" contextid="0" timestamp="2026-01-07T15:48:00.268" intervalms="138.755" />
<gc-start id="317" type="scavenge" contextid="316" timestamp="2026-01-07T15:48:00.268">
  <mem-info id="318" free="12925136" total="52428800" percent="24">
    <mem type="nursery" free="0" total="13107200" percent="0">
      <mem type="allocate" free="0" total="9895936" percent="0" />
      <mem type="survivor" free="0" total="3211264" percent="0" />
    </mem>
    <mem type="tenure" free="12925136" total="39321600" percent="32" />
    <remembered-set count="11389" />
  </mem-info>
</gc-start>
<allocation-stats totalBytes="8256512" discardedBytes="1240" >
  <allocated-bytes non-tlh="256064" tlh="8000448" />
  <largest-consumer threadName="main" threadId="0000000000016800" bytes="8248320" />
</allocation-stats>
<gc-op id="319" type="scavenge" timems="1.842" contextid="316" timestamp="2026-01-07T15:48:00.270">
  <scavenger-info tenureage="1" tenuremask="7ffe" tiltratio="75" />
  <memory-copied type="nursery" objects="37978" bytes="2888320" bytesdiscarded="209528" />
  <memory-copied type="tenure" objects="5642" bytes="210424" bytesdiscarded="0" />
  <finalization candidates="374" enqueued="356" />
  <ownableSynchronizers candidates="7" cleared="0" />
  <references type="soft" candidates="138" cleared="0" enqueued="0" dynamicThreshold="32" maxThreshold="32" />
  <references type="weak" candidates="167" cleared="87" enqueued="86" />
  <object-monitors candidates="30" cleared="0"  />
</gc-op>
<gc-end id="320" type="scavenge" contextid="316" durationms="1.932" usertimems="5.522" systemtimems="0.000" stalltimems="1.728" timestamp="2026-01-07T15:48:00.270" activeThreads="4">
  <mem-info id="321" free="18637520" total="52428800" percent="35">
    <mem type="nursery" free="5878864" total="13107200" percent="44">
      <mem type="allocate" free="5878864" total="8978432" percent="65" />
      <mem type="survivor" free="0" total="4128768" percent="0" />
    </mem>
    <mem type="tenure" free="12758656" total="39321600" percent="32" />
    <pending-finalizers system="356" default="0" reference="86" classloader="0" />
    <remembered-set count="5757" />
  </mem-info>
</gc-end>
<cycle-end id="322" type="scavenge" contextid="316" timestamp="2026-01-07T15:48:00.270" />
<allocation-satisfied id="323" threadId="0000000000016800" bytesRequested="24" />
<af-end id="324" timestamp="2026-01-07T15:48:00.270" threadId="00000000000171A0" success="true" from="nursery"/>
<exclusive-end id="325" timestamp="2026-01-07T15:48:00.270" durationms="2.183" />

<exclusive-start id="326" timestamp="2026-01-07T15:48:00.327" intervalms="58.837">
  <response-info timems="0.024" idlems="0.024" threads="0" lastid="0000000000016800" lastname="main" />
</exclusive-start>
<af-start id="327" threadId="00000000000171A0" totalBytesRequested="328" timestamp="2026-01-07T15:48:00.327" intervalms="58.833" type="nursery" />
<cycle-start id="328" type="scavenge" contextid="0" timestamp="2026-01-07T15:48:00.327" intervalms="58.829" />
<gc-start id="329" type="scavenge" contextid="328" timestamp="2026-01-07T15:48:00.327">
  <mem-info id="330" free="12758656" total="52428800" percent="24">
    <mem type="nursery" free="0" total="13107200" percent="0">
      <mem type="allocate" free="0" total="8978432" percent="0" />
      <mem type="survivor" free="0" total="4128768" percent="0" />
    </mem>
    <mem type="tenure" free="12758656" total="39321600" percent="32" />
    <remembered-set count="5856" />
  </mem-info>
</gc-start>
<allocation-stats totalBytes="5876216" discardedBytes="2648" >
  <allocated-bytes non-tlh="24" tlh="5876192" />
  <largest-consumer threadName="main" threadId="0000000000016800" bytes="5876216" />
</allocation-stats>
<gc-op id="331" type="scavenge" timems="1.980" contextid="328" timestamp="2026-01-07T15:48:00.329">
  <scavenger-info tenureage="1" tenuremask="7ffe" tiltratio="68" />
  <memory-copied type="nursery" objects="16549" bytes="614984" bytesdiscarded="237456" />
  <memory-copied type="tenure" objects="27586" bytes="976096" bytesdiscarded="424" />
  <finalization candidates="18" enqueued="2" />
  <ownableSynchronizers candidates="6" cleared="0" />
  <references type="weak" candidates="1" cleared="0" enqueued="0" />
  <object-monitors candidates="30" cleared="0"  />
</gc-op>
<gc-end id="332" type="scavenge" contextid="328" durationms="2.072" usertimems="4.697" systemtimems="0.225" stalltimems="3.207" timestamp="2026-01-07T15:48:00.329" activeThreads="4">
  <mem-info id="333" free="20189568" total="52428800" percent="38">
    <mem type="nursery" free="8322560" total="13107200" percent="63">
      <mem type="allocate" free="8322560" total="9175040" percent="90" />
      <mem type="survivor" free="0" total="3932160" percent="0" />
    </mem>
    <mem type="tenure" free="11867008" total="39321600" percent="30" />
    <pending-finalizers system="2" default="0" reference="0" classloader="0" />
    <remembered-set count="4340" />
  </mem-info>
</gc-end>
<cycle-end id="334" type="scavenge" contextid="328" timestamp="2026-01-07T15:48:00.329" />
<allocation-satisfied id="335" threadId="0000000000016800" bytesRequested="328" />
<af-end id="336" timestamp="2026-01-07T15:48:00.329" threadId="00000000000171A0" success="true" from="nursery"/>
<exclusive-end id="337" timestamp="2026-01-07T15:48:00.329" durationms="2.298" />

<exclusive-start id="338" timestamp="2026-01-07T15:48:00.432" intervalms="104.803">
  <response-info timems="0.017" idlems="0.017" threads="0" lastid="0000000000016800" lastname="main" />
</exclusive-start>
<af-start id="339" threadId="00000000000171A0" totalBytesRequested="2000" timestamp="2026-01-07T15:48:00.432" intervalms="104.801" type="nursery" />
<cycle-start id="340" type="scavenge" contextid="0" timestamp="2026-01-07T15:48:00.432" intervalms="104.801" />
<gc-start id="341" type="scavenge" contextid="340" timestamp="2026-01-07T15:48:00.432">
  <mem-info id="342" free="11490736" total="52428800" percent="21">
    <mem type="nursery" free="0" total="13107200" percent="0">
      <mem type="allocate" free="0" total="9175040" percent="0" />
      <mem type="survivor" free="0" total="3932160" percent="0" />
    </mem>
    <mem type="tenure" free="11490736" total="39321600" percent="29" />
    <remembered-set count="7893" />
  </mem-info>
</gc-start>
<allocation-stats totalBytes="8650744" discardedBytes="48088" >
  <allocated-bytes non-tlh="531368" tlh="8119376" />
  <largest-consumer threadName="main" threadId="0000000000016800" bytes="8646648" />
</allocation-stats>
<gc-op id="343" type="scavenge" timems="1.609" contextid="340" timestamp="2026-01-07T15:48:00.433">
  <scavenger-info tenureage="2" tenuremask="7ffc" tiltratio="70" />
  <memory-copied type="nursery" objects="51732" bytes="2933856" bytesdiscarded="146008" />
  <finalization candidates="235" enqueued="220" />
  <ownableSynchronizers candidates="11" cleared="0" />
  <references type="soft" candidates="292" cleared="0" enqueued="0" dynamicThreshold="32" maxThreshold="32" />
  <references type="weak" candidates="113" cleared="55" enqueued="55" />
  <object-monitors candidates="30" cleared="0"  />
</gc-op>
<gc-end id="344" type="scavenge" contextid="340" durationms="1.681" usertimems="5.017" systemtimems="0.085" stalltimems="1.213" timestamp="2026-01-07T15:48:00.433" activeThreads="4">
  <mem-info id="345" free="16143056" total="52428800" percent="30">
    <mem type="nursery" free="4652320" total="13107200" percent="35">
      <mem type="allocate" free="4652320" total="7733248" percent="60" />
      <mem type="survivor" free="0" total="5373952" percent="0" />
    </mem>
    <mem type="tenure" free="11490736" total="39321600" percent="29" />
    <pending-finalizers system="220" default="0" reference="55" classloader="0" />
    <remembered-set count="5731" />
  </mem-info>
</gc-end>
<cycle-end id="346" type="scavenge" contextid="340" timestamp="2026-01-07T15:48:00.433" />
<allocation-satisfied id="347" threadId="0000000000016800" bytesRequested="2000" />
<af-end id="348" timestamp="2026-01-07T15:48:00.433" threadId="00000000000171A0" success="true" from="nursery"/>
<exclusive-end id="349" timestamp="2026-01-07T15:48:00.433" durationms="1.903" />

<exclusive-start id="350" timestamp="2026-01-07T15:48:00.493" intervalms="61.050">
  <response-info timems="0.014" idlems="0.014" threads="0" lastid="0000000000016800" lastname="main" />
</exclusive-start>
<af-start id="351" threadId="00000000000171A0" totalBytesRequested="6624" timestamp="2026-01-07T15:48:00.493" intervalms="61.047" type="nursery" />
<cycle-start id="352" type="scavenge" contextid="0" timestamp="2026-01-07T15:48:00.493" intervalms="61.040" />
<gc-start id="353" type="scavenge" contextid="352" timestamp="2026-01-07T15:48:00.493">
  <mem-info id="354" free="11185240" total="52428800" percent="21">
    <mem type="nursery" free="0" total="13107200" percent="0">
      <mem type="allocate" free="0" total="7733248" percent="0" />
      <mem type="survivor" free="0" total="5373952" percent="0" />
    </mem>
    <mem type="tenure" free="11185240" total="39321600" percent="28" />
    <remembered-set count="8694" />
  </mem-info>
</gc-start>
<allocation-stats totalBytes="4941080" discardedBytes="16736" >
  <allocated-bytes non-tlh="307496" tlh="4633584" />
  <largest-consumer threadName="main" threadId="0000000000016800" bytes="4928792" />
</allocation-stats>
<gc-op id="355" type="scavenge" timems="1.694" contextid="352" timestamp="2026-01-07T15:48:00.494">
  <scavenger-info tenureage="1" tenuremask="7ffe" tiltratio="59" />
  <memory-copied type="nursery" objects="12828" bytes="1835952" bytesdiscarded="147840" />
  <memory-copied type="tenure" objects="50176" bytes="1817104" bytesdiscarded="512" />
  <finalization candidates="357" enqueued="332" />
  <ownableSynchronizers candidates="13" cleared="0" />
  <references type="soft" candidates="248" cleared="0" enqueued="0" dynamicThreshold="32" maxThreshold="32" />
  <references type="weak" candidates="98" cleared="65" enqueued="65" />
  <object-monitors candidates="30" cleared="0"  />
</gc-op>
<gc-end id="356" type="scavenge" contextid="352" durationms="1.774" usertimems="5.793" systemtimems="0.149" stalltimems="0.704" timestamp="2026-01-07T15:48:00.494" activeThreads="4">
  <mem-info id="357" free="15536488" total="52428800" percent="29">
    <mem type="nursery" free="6206736" total="13107200" percent="47">
      <mem type="allocate" free="6206736" total="8192000" percent="75" />
      <mem type="survivor" free="0" total="4915200" percent="0" />
    </mem>
    <mem type="tenure" free="9329752" total="39321600" percent="23" />
    <pending-finalizers system="332" default="0" reference="65" classloader="0" />
    <remembered-set count="6761" />
  </mem-info>
</gc-end>
<cycle-end id="358" type="scavenge" contextid="352" timestamp="2026-01-07T15:48:00.495" />
<allocation-satisfied id="359" threadId="0000000000016800" bytesRequested="6624" />
<af-end id="360" timestamp="2026-01-07T15:48:00.495" threadId="00000000000171A0" success="true" from="nursery"/>
<exclusive-end id="361" timestamp="2026-01-07T15:48:00.495" durationms="1.978" />

<exclusive-start id="362" timestamp="2026-01-07T15:48:00.616" intervalms="123.252">
  <response-info timems="0.014" idlems="0.014" threads="0" lastid="0000000000016800" lastname="main" />
</exclusive-start>
<af-start id="363" threadId="00000000000171A0" totalBytesRequested="83600" timestamp="2026-01-07T15:48:00.616" intervalms="123.256" type="nursery" />
<cycle-start id="364" type="scavenge" contextid="0" timestamp="2026-01-07T15:48:00.616" intervalms="123.262" />
<gc-start id="365" type="scavenge" contextid="364" timestamp="2026-01-07T15:48:00.616">
  <mem-info id="366" free="9200048" total="52428800" percent="17">
    <mem type="nursery" free="0" total="13107200" percent="0">
      <mem type="allocate" free="0" total="8192000" percent="0" />
      <mem type="survivor" free="0" total="4915200" percent="0" />
    </mem>
    <mem type="tenure" free="9200048" total="39321600" percent="23" />
    <remembered-set count="8694" />
  </mem-info>
</gc-start>
<allocation-stats totalBytes="6280776" discardedBytes="55664" >
  <allocated-bytes non-tlh="136328" tlh="6144448" />
  <largest-consumer threadName="main" threadId="0000000000016800" bytes="6268488" />
</allocation-stats>
<gc-op id="367" type="scavenge" timems="1.437" contextid="364" timestamp="2026-01-07T15:48:00.617">
  <scavenger-info tenureage="1" tenuremask="7ffe" tiltratio="62" />
  <memory-copied type="nursery" objects="11961" bytes="2227656" bytesdiscarded="81424" />
  <memory-copied type="tenure" objects="11328" bytes="399360" bytesdiscarded="136" />
  <finalization candidates="828" enqueued="815" />
  <ownableSynchronizers candidates="4" cleared="0" />
  <references type="soft" candidates="86" cleared="0" enqueued="0" dynamicThreshold="32" maxThreshold="32" />
  <references type="weak" candidates="126" cleared="100" enqueued="100" />
  <object-monitors candidates="30" cleared="0"  />
</gc-op>
<gc-end id="368" type="scavenge" contextid="364" durationms="1.527" usertimems="4.524" systemtimems="0.125" stalltimems="0.722" timestamp="2026-01-07T15:48:00.618" activeThreads="4">
  <mem-info id="369" free="15038712" total="52428800" percent="28">
    <mem type="nursery" free="6271816" total="13107200" percent="47">
      <mem type="allocate" free="6271816" total="8585216" percent="73" />
      <mem type="survivor" free="0" total="4521984" percent="0" />
    </mem>
    <mem type="tenure" free="8766896" total="39321600" percent="22" />
    <pending-finalizers system="815" default="0" reference="100" classloader="0" />
    <remembered-set count="4916" />
  </mem-info>
</gc-end>
<cycle-end id="370" type="scavenge" contextid="364" timestamp="2026-01-07T15:48:00.618" />
<allocation-satisfied id="371" threadId="0000000000016800" bytesRequested="83600" />
<af-end id="372" timestamp="2026-01-07T15:48:00.618" threadId="00000000000171A0" success="true" from="nursery"/>
<exclusive-end id="373" timestamp="2026-01-07T15:48:00.618" durationms="1.762" />

<exclusive-start id="374" timestamp="2026-01-07T15:48:00.751" intervalms="134.905">
  <response-info timems="0.016" idlems="0.016" threads="0" lastid="0000000000016800" lastname="main" />
</exclusive-start>
<af-start id="375" threadId="00000000000171A0" totalBytesRequested="24" timestamp="2026-01-07T15:48:00.751" intervalms="134.906" type="nursery" />
<cycle-start id="376" type="scavenge" contextid="0" timestamp="2026-01-07T15:48:00.751" intervalms="134.906" />
<gc-start id="377" type="scavenge" contextid="376" timestamp="2026-01-07T15:48:00.751">
  <mem-info id="378" free="8526824" total="52428800" percent="16">
    <mem type="nursery" free="0" total="13107200" percent="0">
      <mem type="allocate" free="0" total="8585216" percent="0" />
      <mem type="survivor" free="0" total="4521984" percent="0" />
    </mem>
    <mem type="tenure" free="8526824" total="39321600" percent="21" />
    <remembered-set count="7640" />
  </mem-info>
</gc-start>
<allocation-stats totalBytes="6508368" discardedBytes="3520" >
  <allocated-bytes non-tlh="323672" tlh="6184696" />
  <largest-consumer threadName="main" threadId="0000000000016800" bytes="6508368" />
</allocation-stats>
<gc-op id="379" type="scavenge" timems="1.220" contextid="376" timestamp="2026-01-07T15:48:00.752">
  <scavenger-info tenureage="1" tenuremask="7ffe" tiltratio="65" />
  <memory-copied type="nursery" objects="12156" bytes="2581168" bytesdiscarded="92896" />
  <memory-copied type="tenure" objects="9648" bytes="453600" bytesdiscarded="136" />
  <finalization candidates="1290" enqueued="1286" />
  <ownableSynchronizers candidates="2" cleared="0" />
  <references type="weak" candidates="155" cleared="106" enqueued="106" />
  <object-monitors candidates="30" cleared="0"  />
</gc-op>
<gc-end id="380" type="scavenge" contextid="376" durationms="1.307" usertimems="3.746" systemtimems="0.143" stalltimems="0.931" timestamp="2026-01-07T15:48:00.752" activeThreads="4">
  <mem-info id="381" free="15040832" total="52428800" percent="28">
    <mem type="nursery" free="6951512" total="13107200" percent="53">
      <mem type="allocate" free="6951512" total="9633792" percent="72" />
      <mem type="survivor" free="0" total="3473408" percent="0" />
    </mem>
    <mem type="tenure" free="8089320" total="39321600" percent="20" />
    <pending-finalizers system="1286" default="0" reference="106" classloader="0" />
    <remembered-set count="4320" />
  </mem-info>
</gc-end>
<cycle-end id="382" type="scavenge" contextid="376" timestamp="2026-01-07T15:48:00.752" />
<allocation-satisfied id="383" threadId="0000000000016800" bytesRequested="24" />
<af-end id="384" timestamp="2026-01-07T15:48:00.752" threadId="00000000000171A0" success="true" from="nursery"/>
<exclusive-end id="385" timestamp="2026-01-07T15:48:00.752" durationms="1.542" />

<exclusive-start id="386" timestamp="2026-01-07T15:48:00.909" intervalms="158.540">
  <response-info timems="0.016" idlems="0.016" threads="0" lastid="0000000000016800" lastname="main" />
</exclusive-start>
<af-start id="387" threadId="00000000000171A0" totalBytesRequested="2096" timestamp="2026-01-07T15:48:00.909" intervalms="158.539" type="nursery" />
<cycle-start id="388" type="scavenge" contextid="0" timestamp="2026-01-07T15:48:00.909" intervalms="158.538" />
<gc-start id="389" type="scavenge" contextid="388" timestamp="2026-01-07T15:48:00.909">
  <mem-info id="390" free="7963464" total="52428800" percent="15">
    <mem type="nursery" free="0" total="13107200" percent="0">
      <mem type="allocate" free="0" total="9633792" percent="0" />
      <mem type="survivor" free="0" total="3473408" percent="0" />
    </mem>
    <mem type="tenure" free="7963464" total="39321600" percent="20" />
    <remembered-set count="6196" />
  </mem-info>
</gc-start>
<allocation-stats totalBytes="7072536" discardedBytes="4832" >
  <allocated-bytes non-tlh="125880" tlh="6946656" />
  <largest-consumer threadName="main" threadId="0000000000016800" bytes="7068440" />
</allocation-stats>
<gc-op id="391" type="scavenge" timems="2.831" contextid="388" timestamp="2026-01-07T15:48:00.912">
  <scavenger-info tenureage="1" tenuremask="7ffe" tiltratio="73" />
  <memory-copied type="nursery" objects="26210" bytes="2156920" bytesdiscarded="129672" />
  <memory-copied type="tenure" objects="8637" bytes="443000" bytesdiscarded="232" />
  <finalization candidates="755" enqueued="752" />
  <references type="soft" candidates="57" cleared="0" enqueued="0" dynamicThreshold="32" maxThreshold="32" />
  <references type="weak" candidates="131" cleared="100" enqueued="99" />
  <object-monitors candidates="30" cleared="0"  />
</gc-op>
<gc-end id="392" type="scavenge" contextid="388" durationms="2.925" usertimems="7.241" systemtimems="0.103" stalltimems="6.005" timestamp="2026-01-07T15:48:00.912" activeThreads="4">
  <mem-info id="393" free="14872680" total="52428800" percent="28">
    <mem type="nursery" free="7473696" total="13107200" percent="57">
      <mem type="allocate" free="7473696" total="9764864" percent="76" />
      <mem type="survivor" free="0" total="3342336" percent="0" />
    </mem>
    <mem type="tenure" free="7398984" total="39321600" percent="18" />
    <pending-finalizers system="752" default="0" reference="99" classloader="0" />
    <remembered-set count="4927" />
  </mem-info>
</gc-end>
<cycle-end id="394" type="scavenge" contextid="388" timestamp="2026-01-07T15:48:00.912" />
<allocation-satisfied id="395" threadId="0000000000016800" bytesRequested="2096" />
<af-end id="396" timestamp="2026-01-07T15:48:00.912" threadId="00000000000171A0" success="true" from="nursery"/>
<exclusive-end id="397" timestamp="2026-01-07T15:48:00.912" durationms="3.173" />

<exclusive-start id="398" timestamp="2026-01-07T15:48:01.034" intervalms="124.494">
  <response-info timems="0.020" idlems="0.020" threads="0" lastid="0000000000016800" lastname="main" />
</exclusive-start>
<af-start id="399" threadId="00000000000171A0" totalBytesRequested="272" timestamp="2026-01-07T15:48:01.034" intervalms="124.506" type="nursery" />
<cycle-start id="400" type="scavenge" contextid="0" timestamp="2026-01-07T15:48:01.034" intervalms="124.517" />
<gc-start id="401" type="scavenge" contextid="400" timestamp="2026-01-07T15:48:01.034">
  <mem-info id="402" free="7349752" total="52428800" percent="14">
    <mem type="nursery" free="0" total="13107200" percent="0">
      <mem type="allocate" free="0" total="9764864" percent="0" />
      <mem type="survivor" free="0" total="3342336" percent="0" />
    </mem>
    <mem type="tenure" free="7349752" total="39321600" percent="18" />
    <remembered-set count="5521" />
  </mem-info>
</gc-start>
<allocation-stats totalBytes="7518520" discardedBytes="4408" >
  <allocated-bytes non-tlh="51328" tlh="7467192" />
  <largest-consumer threadName="main" threadId="0000000000016800" bytes="7518520" />
</allocation-stats>
<gc-op id="403" type="scavenge" timems="1.306" contextid="400" timestamp="2026-01-07T15:48:01.035">
  <scavenger-info tenureage="1" tenuremask="7ffe" tiltratio="74" />
  <memory-copied type="nursery" objects="1331" bytes="290792" bytesdiscarded="234112" />
  <memory-copied type="tenure" objects="24071" bytes="858504" bytesdiscarded="136" />
  <finalization candidates="96" enqueued="94" />
  <references type="soft" candidates="9" cleared="0" enqueued="0" dynamicThreshold="32" maxThreshold="32" />
  <references type="weak" candidates="48" cleared="47" enqueued="47" />
  <object-monitors candidates="31" cleared="0"  />
</gc-op>
<gc-end id="404" type="scavenge" contextid="400" durationms="1.395" usertimems="4.343" systemtimems="0.031" stalltimems="0.772" timestamp="2026-01-07T15:48:01.035" activeThreads="4">
  <mem-info id="405" free="16028664" total="52428800" percent="30">
    <mem type="nursery" free="9436160" total="13107200" percent="71">
      <mem type="allocate" free="9436160" total="9961472" percent="94" />
      <mem type="survivor" free="0" total="3145728" percent="0" />
    </mem>
    <mem type="tenure" free="6592504" total="39321600" percent="16" />
    <pending-finalizers system="94" default="0" reference="47" classloader="0" />
    <remembered-set count="1937" />
  </mem-info>
</gc-end>
<cycle-end id="406" type="scavenge" contextid="400" timestamp="2026-01-07T15:48:01.035" />
<allocation-satisfied id="407" threadId="0000000000016800" bytesRequested="272" />
<af-end id="408" timestamp="2026-01-07T15:48:01.035" threadId="00000000000171A0" success="true" from="nursery"/>
<exclusive-end id="409" timestamp="2026-01-07T15:48:01.035" durationms="1.650" />

<exclusive-start id="410" timestamp="2026-01-07T15:48:01.115" intervalms="81.173">
  <response-info timems="0.014" idlems="0.014" threads="0" lastid="0000000000016800" lastname="main" />
</exclusive-start>
<af-start id="411" threadId="00000000000171A0" totalBytesRequested="272" timestamp="2026-01-07T15:48:01.115" intervalms="81.167" type="nursery" />
<cycle-start id="412" type="scavenge" contextid="0" timestamp="2026-01-07T15:48:01.115" intervalms="81.161" />
<gc-start id="413" type="scavenge" contextid="412" timestamp="2026-01-07T15:48:01.115">
  <mem-info id="414" free="6592504" total="52428800" percent="12">
    <mem type="nursery" free="0" total="13107200" percent="0">
      <mem type="allocate" free="0" total="9961472" percent="0" />
      <mem type="survivor" free="0" total="3145728" percent="0" />
    </mem>
    <mem type="tenure" free="6592504" total="39321600" percent="16" />
    <remembered-set count="1938" />
  </mem-info>
</gc-start>
<allocation-stats totalBytes="9432624" discardedBytes="3536" >
  <allocated-bytes non-tlh="272" tlh="9432352" />
  <largest-consumer threadName="main" threadId="0000000000016800" bytes="9428528" />
</allocation-stats>
<gc-op id="415" type="scavenge" timems="0.445" contextid="412" timestamp="2026-01-07T15:48:01.116">
  <scavenger-info tenureage="2" tenuremask="7ffc" tiltratio="76" />
  <memory-copied type="nursery" objects="924" bytes="40296" bytesdiscarded="177784" />
  <finalization candidates="1" enqueued="0" />
  <references type="soft" candidates="9" cleared="0" enqueued="0" dynamicThreshold="32" maxThreshold="32" />
  <references type="weak" candidates="1" cleared="0" enqueued="0" />
  <object-monitors candidates="31" cleared="0"  />
</gc-op>
<gc-end id="416" type="scavenge" contextid="412" durationms="0.523" usertimems="0.948" systemtimems="0.077" stalltimems="0.590" timestamp="2026-01-07T15:48:01.116" activeThreads="4">
  <mem-info id="417" free="16925688" total="52428800" percent="32">
    <mem type="nursery" free="10333184" total="13107200" percent="78">
      <mem type="allocate" free="10333184" total="10551296" percent="97" />
      <mem type="survivor" free="0" total="2555904" percent="0" />
    </mem>
    <mem type="tenure" free="6592504" total="39321600" percent="16" />
    <remembered-set count="721" />
  </mem-info>
</gc-end>
<cycle-end id="418" type="scavenge" contextid="412" timestamp="2026-01-07T15:48:01.116" />
<allocation-satisfied id="419" threadId="0000000000016800" bytesRequested="272" />
<af-end id="420" timestamp="2026-01-07T15:48:01.116" threadId="00000000000171A0" success="true" from="nursery"/>
<exclusive-end id="421" timestamp="2026-01-07T15:48:01.116" durationms="0.764" />

<exclusive-start id="422" timestamp="2026-01-07T15:48:01.178" intervalms="62.906">
  <response-info timems="0.013" idlems="0.013" threads="0" lastid="0000000000016800" lastname="main" />
</exclusive-start>
<af-start id="423" threadId="00000000000171A0" totalBytesRequested="272" timestamp="2026-01-07T15:48:01.178" intervalms="62.888" type="nursery" />
<cycle-start id="424" type="scavenge" contextid="0" timestamp="2026-01-07T15:48:01.178" intervalms="62.866" />
<gc-start id="425" type="scavenge" contextid="424" timestamp="2026-01-07T15:48:01.178">
  <mem-info id="426" free="6592504" total="52428800" percent="12">
    <mem type="nursery" free="0" total="13107200" percent="0">
      <mem type="allocate" free="0" total="10551296" percent="0" />
      <mem type="survivor" free="0" total="2555904" percent="0" />
    </mem>
    <mem type="tenure" free="6592504" total="39321600" percent="16" />
    <remembered-set count="721" />
  </mem-info>
</gc-start>
<allocation-stats totalBytes="10328872" discardedBytes="4312" >
  <allocated-bytes non-tlh="272" tlh="10328600" />
  <largest-consumer threadName="main" threadId="0000000000016800" bytes="10328872" />
</allocation-stats>
<gc-op id="427" type="scavenge" timems="0.322" contextid="424" timestamp="2026-01-07T15:48:01.178">
  <scavenger-info tenureage="3" tenuremask="7ff8" tiltratio="80" />
  <memory-copied type="nursery" objects="924" bytes="40296" bytesdiscarded="177784" />
  <finalization candidates="1" enqueued="0" />
  <references type="soft" candidates="9" cleared="0" enqueued="0" dynamicThreshold="32" maxThreshold="32" />
  <references type="weak" candidates="1" cleared="0" enqueued="0" />
  <object-monitors candidates="31" cleared="0"  />
</gc-op>
<gc-end id="428" type="scavenge" contextid="424" durationms="0.372" usertimems="0.595" systemtimems="0.048" stalltimems="0.567" timestamp="2026-01-07T15:48:01.178" activeThreads="4">
  <mem-info id="429" free="17384440" total="52428800" percent="33">
    <mem type="nursery" free="10791936" total="13107200" percent="82">
      <mem type="allocate" free="10791936" total="11010048" percent="98" />
      <mem type="survivor" free="0" total="2097152" percent="0" />
    </mem>
    <mem type="tenure" free="6592504" total="39321600" percent="16" />
    <remembered-set count="251" />
  </mem-info>
</gc-end>
<cycle-end id="430" type="scavenge" contextid="424" timestamp="2026-01-07T15:48:01.178" />
<allocation-satisfied id="431" threadId="0000000000016800" bytesRequested="272" />
<af-end id="432" timestamp="2026-01-07T15:48:01.178" threadId="00000000000171A0" success="true" from="nursery"/>
<exclusive-end id="433" timestamp="2026-01-07T15:48:01.178" durationms="0.518" />

<exclusive-start id="434" timestamp="2026-01-07T15:48:01.244" intervalms="65.744">
  <response-info timems="0.011" idlems="0.011" threads="0" lastid="0000000000016800" lastname="main" />
</exclusive-start>
<af-start id="435" threadId="00000000000171A0" totalBytesRequested="272" timestamp="2026-01-07T15:48:01.244" intervalms="65.742" type="nursery" />
<cycle-start id="436" type="scavenge" contextid="0" timestamp="2026-01-07T15:48:01.244" intervalms="65.741" />
<gc-start id="437" type="scavenge" contextid="436" timestamp="2026-01-07T15:48:01.244">
  <mem-info id="438" free="6592504" total="52428800" percent="12">
    <mem type="nursery" free="0" total="13107200" percent="0">
      <mem type="allocate" free="0" total="11010048" percent="0" />
      <mem type="survivor" free="0" total="2097152" percent="0" />
    </mem>
    <mem type="tenure" free="6592504" total="39321600" percent="16" />
    <remembered-set count="251" />
  </mem-info>
</gc-start>
<allocation-stats totalBytes="10787568" discardedBytes="4368" >
  <allocated-bytes non-tlh="272" tlh="10787296" />
  <largest-consumer threadName="main" threadId="0000000000016800" bytes="10787568" />
</allocation-stats>
<gc-op id="439" type="scavenge" timems="0.384" contextid="436" timestamp="2026-01-07T15:48:01.244">
  <scavenger-info tenureage="4" tenuremask="7ff0" tiltratio="84" />
  <memory-copied type="nursery" objects="924" bytes="40296" bytesdiscarded="322936" />
  <finalization candidates="1" enqueued="0" />
  <references type="soft" candidates="9" cleared="0" enqueued="0" dynamicThreshold="32" maxThreshold="32" />
  <references type="weak" candidates="1" cleared="0" enqueued="0" />
  <object-monitors candidates="31" cleared="0"  />
</gc-op>
<gc-end id="440" type="scavenge" contextid="436" durationms="0.445" usertimems="0.641" systemtimems="0.000" stalltimems="0.793" timestamp="2026-01-07T15:48:01.244" activeThreads="4">
  <mem-info id="441" free="17632504" total="52428800" percent="33">
    <mem type="nursery" free="11040000" total="13107200" percent="84">
      <mem type="allocate" free="11040000" total="11403264" percent="96" />
      <mem type="survivor" free="0" total="1703936" percent="0" />
    </mem>
    <mem type="tenure" free="6592504" total="39321600" percent="16" />
    <remembered-set count="251" />
  </mem-info>
</gc-end>
<cycle-end id="442" type="scavenge" contextid="436" timestamp="2026-01-07T15:48:01.244" />
<allocation-satisfied id="443" threadId="0000000000016800" bytesRequested="272" />
<af-end id="444" timestamp="2026-01-07T15:48:01.244" threadId="00000000000171A0" success="true" from="nursery"/>
<exclusive-end id="445" timestamp="2026-01-07T15:48:01.244" durationms="0.567" />

<exclusive-start id="446" timestamp="2026-01-07T15:48:01.310" intervalms="66.517">
  <response-info timems="0.012" idlems="0.012" threads="0" lastid="0000000000016800" lastname="main" />
</exclusive-start>
<af-start id="447" threadId="00000000000171A0" totalBytesRequested="272" timestamp="2026-01-07T15:48:01.310" intervalms="66.517" type="nursery" />
<cycle-start id="448" type="scavenge" contextid="0" timestamp="2026-01-07T15:48:01.310" intervalms="66.516" />
<gc-start id="449" type="scavenge" contextid="448" timestamp="2026-01-07T15:48:01.310">
  <mem-info id="450" free="6592504" total="52428800" percent="12">
    <mem type="nursery" free="0" total="13107200" percent="0">
      <mem type="allocate" free="0" total="11403264" percent="0" />
      <mem type="survivor" free="0" total="1703936" percent="0" />
    </mem>
    <mem type="tenure" free="6592504" total="39321600" percent="16" />
    <remembered-set count="251" />
  </mem-info>
</gc-start>
<allocation-stats totalBytes="11034584" discardedBytes="5416" >
  <allocated-bytes non-tlh="272" tlh="11034312" />
  <largest-consumer threadName="main" threadId="0000000000016800" bytes="11034584" />
</allocation-stats>
<gc-op id="451" type="scavenge" timems="0.353" contextid="448" timestamp="2026-01-07T15:48:01.311">
  <scavenger-info tenureage="5" tenuremask="7fe0" tiltratio="87" />
  <memory-copied type="nursery" objects="924" bytes="40296" bytesdiscarded="322936" />
  <finalization candidates="1" enqueued="0" />
  <references type="soft" candidates="9" cleared="0" enqueued="0" dynamicThreshold="32" maxThreshold="32" />
  <references type="weak" candidates="1" cleared="0" enqueued="0" />
  <object-monitors candidates="31" cleared="0"  />
</gc-op>
<gc-end id="452" type="scavenge" contextid="448" durationms="0.398" usertimems="0.660" systemtimems="0.052" stalltimems="0.445" timestamp="2026-01-07T15:48:01.311" activeThreads="3">
  <mem-info id="453" free="17960184" total="52428800" percent="34">
    <mem type="nursery" free="11367680" total="13107200" percent="86">
      <mem type="allocate" free="11367680" total="11730944" percent="96" />
      <mem type="survivor" free="0" total="1376256" percent="0" />
    </mem>
    <mem type="tenure" free="6592504" total="39321600" percent="16" />
    <remembered-set count="251" />
  </mem-info>
</gc-end>
<cycle-end id="454" type="scavenge" contextid="448" timestamp="2026-01-07T15:48:01.311" />
<allocation-satisfied id="455" threadId="0000000000016800" bytesRequested="272" />
<af-end id="456" timestamp="2026-01-07T15:48:01.311" threadId="00000000000171A0" success="true" from="nursery"/>
<exclusive-end id="457" timestamp="2026-01-07T15:48:01.311" durationms="0.511" />

<exclusive-start id="458" timestamp="2026-01-07T15:48:01.378" intervalms="68.172">
  <response-info timems="0.022" idlems="0.022" threads="0" lastid="0000000000016800" lastname="main" />
</exclusive-start>
<af-start id="459" threadId="00000000000171A0" totalBytesRequested="56" timestamp="2026-01-07T15:48:01.378" intervalms="68.187" type="nursery" />
<cycle-start id="460" type="scavenge" contextid="0" timestamp="2026-01-07T15:48:01.378" intervalms="68.220" />
<gc-start id="461" type="scavenge" contextid="460" timestamp="2026-01-07T15:48:01.378">
  <mem-info id="462" free="6592504" total="52428800" percent="12">
    <mem type="nursery" free="0" total="13107200" percent="0">
      <mem type="allocate" free="0" total="11730944" percent="0" />
      <mem type="survivor" free="0" total="1376256" percent="0" />
    </mem>
    <mem type="tenure" free="6592504" total="39321600" percent="16" />
    <remembered-set count="251" />
  </mem-info>
</gc-start>
<allocation-stats totalBytes="11362440" discardedBytes="5240" >
  <allocated-bytes non-tlh="272" tlh="11362168" />
  <largest-consumer threadName="main" threadId="0000000000016800" bytes="11362440" />
</allocation-stats>
<gc-op id="463" type="scavenge" timems="0.395" contextid="460" timestamp="2026-01-07T15:48:01.379">
  <scavenger-info tenureage="6" tenuremask="7fc0" tiltratio="89" />
  <memory-copied type="nursery" objects="923" bytes="40240" bytesdiscarded="322992" />
  <finalization candidates="1" enqueued="0" />
  <references type="soft" candidates="9" cleared="0" enqueued="0" dynamicThreshold="32" maxThreshold="32" />
  <references type="weak" candidates="1" cleared="0" enqueued="0" />
  <object-monitors candidates="31" cleared="0"  />
</gc-op>
<gc-end id="464" type="scavenge" contextid="460" durationms="0.455" usertimems="0.657" systemtimems="0.000" stalltimems="0.465" timestamp="2026-01-07T15:48:01.379" activeThreads="3">
  <mem-info id="465" free="18025720" total="52428800" percent="34">
    <mem type="nursery" free="11433216" total="13107200" percent="87">
      <mem type="allocate" free="11433216" total="11796480" percent="96" />
      <mem type="survivor" free="0" total="1310720" percent="0" />
    </mem>
    <mem type="tenure" free="6592504" total="39321600" percent="16" />
    <remembered-set count="251" />
  </mem-info>
</gc-end>
<cycle-end id="466" type="scavenge" contextid="460" timestamp="2026-01-07T15:48:01.379" />
<allocation-satisfied id="467" threadId="0000000000016800" bytesRequested="56" />
<af-end id="468" timestamp="2026-01-07T15:48:01.379" threadId="00000000000171A0" success="true" from="nursery"/>
<exclusive-end id="469" timestamp="2026-01-07T15:48:01.379" durationms="0.694" />

<exclusive-start id="470" timestamp="2026-01-07T15:48:01.447" intervalms="68.319">
  <response-info timems="0.010" idlems="0.010" threads="0" lastid="0000000000016800" lastname="main" />
</exclusive-start>
<af-start id="471" threadId="00000000000171A0" totalBytesRequested="272" timestamp="2026-01-07T15:48:01.447" intervalms="68.298" type="nursery" />
<cycle-start id="472" type="scavenge" contextid="0" timestamp="2026-01-07T15:48:01.447" intervalms="68.266" />
<gc-start id="473" type="scavenge" contextid="472" timestamp="2026-01-07T15:48:01.447">
  <mem-info id="474" free="6592504" total="52428800" percent="12">
    <mem type="nursery" free="0" total="13107200" percent="0">
      <mem type="allocate" free="0" total="11796480" percent="0" />
      <mem type="survivor" free="0" total="1310720" percent="0" />
    </mem>
    <mem type="tenure" free="6592504" total="39321600" percent="16" />
    <remembered-set count="251" />
  </mem-info>
</gc-start>
<allocation-stats totalBytes="11427624" discardedBytes="5592" >
  <allocated-bytes non-tlh="56" tlh="11427568" />
  <largest-consumer threadName="main" threadId="0000000000016800" bytes="11427624" />
</allocation-stats>
<gc-op id="475" type="scavenge" timems="0.377" contextid="472" timestamp="2026-01-07T15:48:01.447">
  <scavenger-info tenureage="6" tenuremask="7fc0" tiltratio="90" />
  <memory-copied type="nursery" objects="30" bytes="4136" bytesdiscarded="258520" />
  <memory-copied type="tenure" objects="896" bytes="36352" bytesdiscarded="32" />
  <finalization candidates="1" enqueued="0" />
  <object-monitors candidates="31" cleared="0"  />
</gc-op>
<gc-end id="476" type="scavenge" contextid="472" durationms="0.427" usertimems="0.664" systemtimems="0.000" stalltimems="0.403" timestamp="2026-01-07T15:48:01.447" activeThreads="3">
  <mem-info id="477" free="18087160" total="52428800" percent="34">
    <mem type="nursery" free="11533824" total="13107200" percent="87">
      <mem type="allocate" free="11533824" total="11796480" percent="97" />
      <mem type="survivor" free="0" total="1310720" percent="0" />
    </mem>
    <mem type="tenure" free="6553336" total="39321600" percent="16" />
    <remembered-set count="155" />
  </mem-info>
</gc-end>
<cycle-end id="478" type="scavenge" contextid="472" timestamp="2026-01-07T15:48:01.447" />
<allocation-satisfied id="479" threadId="0000000000016800" bytesRequested="272" />
<af-end id="480" timestamp="2026-01-07T15:48:01.447" threadId="00000000000171A0" success="true" from="nursery"/>
<exclusive-end id="481" timestamp="2026-01-07T15:48:01.447" durationms="0.549" />

<exclusive-start id="482" timestamp="2026-01-07T15:48:01.641" intervalms="194.882">
  <response-info timems="0.021" idlems="0.021" threads="0" lastid="0000000000016800" lastname="main" />
</exclusive-start>
<af-start id="483" threadId="00000000000171A0" totalBytesRequested="4128" timestamp="2026-01-07T15:48:01.642" intervalms="194.905" type="nursery" />
<cycle-start id="484" type="scavenge" contextid="0" timestamp="2026-01-07T15:48:01.642" intervalms="194.925" />
<gc-start id="485" type="scavenge" contextid="484" timestamp="2026-01-07T15:48:01.642">
  <mem-info id="486" free="6452872" total="52428800" percent="12">
    <mem type="nursery" free="0" total="13107200" percent="0">
      <mem type="allocate" free="0" total="11796480" percent="0" />
      <mem type="survivor" free="0" total="1310720" percent="0" />
    </mem>
    <mem type="tenure" free="6452872" total="39321600" percent="16" />
    <remembered-set count="961" />
  </mem-info>
</gc-start>
<allocation-stats totalBytes="11622944" discardedBytes="11344" >
  <allocated-bytes non-tlh="100736" tlh="11522208" />
  <largest-consumer threadName="main" threadId="0000000000016800" bytes="11618848" />
</allocation-stats>
<gc-op id="487" type="scavenge" timems="1.395" contextid="484" timestamp="2026-01-07T15:48:01.643">
  <scavenger-info tenureage="8" tenuremask="7f00" tiltratio="90" />
  <memory-copied type="nursery" objects="3554" bytes="1301368" bytesdiscarded="4912" />
  <memory-copied type="tenure" objects="8314" bytes="1911912" bytesdiscarded="7040" />
  <copy-failed type="nursery" objects="8314" bytes="1911928" />
  <finalization candidates="1077" enqueued="1070" />
  <references type="soft" candidates="15" cleared="0" enqueued="0" dynamicThreshold="32" maxThreshold="32" />
  <references type="weak" candidates="133" cleared="118" enqueued="115" />
  <object-monitors candidates="32" cleared="1"  />
</gc-op>
<gc-end id="488" type="scavenge" contextid="484" durationms="1.500" usertimems="2.638" systemtimems="0.000" stalltimems="0.719" timestamp="2026-01-07T15:48:01.643" activeThreads="3">
  <mem-info id="489" free="9803920" total="52428800" percent="18">
    <mem type="nursery" free="5242880" total="13107200" percent="40">
      <mem type="allocate" free="5242880" total="6553600" percent="80" />
      <mem type="survivor" free="0" total="6553600" percent="0" />
    </mem>
    <mem type="tenure" free="4561040" total="39321600" percent="11" />
    <pending-finalizers system="1066" default="4" reference="115" classloader="0" />
    <remembered-set count="918" />
  </mem-info>
</gc-end>
<cycle-end id="490" type="scavenge" contextid="484" timestamp="2026-01-07T15:48:01.643" />
<allocation-satisfied id="491" threadId="0000000000016800" bytesRequested="4128" />
<af-end id="492" timestamp="2026-01-07T15:48:01.643" threadId="00000000000171A0" success="true" from="nursery"/>
<exclusive-end id="493" timestamp="2026-01-07T15:48:01.643" durationms="1.745" />

<exclusive-start id="494" timestamp="2026-01-07T15:48:01.701" intervalms="59.684">
  <response-info timems="0.016" idlems="0.016" threads="0" lastid="0000000000016800" lastname="main" />
</exclusive-start>
<af-start id="495" threadId="00000000000171A0" totalBytesRequested="8200" timestamp="2026-01-07T15:48:01.701" intervalms="59.680" type="nursery" />
<cycle-start id="496" type="scavenge" contextid="0" timestamp="2026-01-07T15:48:01.701" intervalms="59.679" />
<gc-start id="497" type="scavenge" contextid="496" timestamp="2026-01-07T15:48:01.701">
  <mem-info id="498" free="4543168" total="52428800" percent="8">
    <mem type="nursery" free="0" total="13107200" percent="0">
      <mem type="allocate" free="0" total="6553600" percent="0" />
      <mem type="survivor" free="0" total="6553600" percent="0" />
    </mem>
    <mem type="tenure" free="4543168" total="39321600" percent="11" />
    <remembered-set count="1204" />
  </mem-info>
</gc-start>
<allocation-stats totalBytes="5250840" discardedBytes="9912" >
  <allocated-bytes non-tlh="22000" tlh="5228840" />
  <largest-consumer threadName="main" threadId="0000000000016800" bytes="5246744" />
</allocation-stats>
<gc-op id="499" type="scavenge" timems="0.904" contextid="496" timestamp="2026-01-07T15:48:01.702">
  <scavenger-info tenureage="3" tenuremask="fff8" tiltratio="50" />
  <memory-copied type="nursery" objects="13406" bytes="1082824" bytesdiscarded="72912" />
  <memory-copied type="tenure" objects="1" bytes="520" bytesdiscarded="0" />
  <finalization candidates="138" enqueued="129" />
  <references type="soft" candidates="22" cleared="0" enqueued="0" dynamicThreshold="32" maxThreshold="32" />
  <references type="weak" candidates="35" cleared="19" enqueued="19" />
  <object-monitors candidates="35" cleared="4"  />
</gc-op>
<gc-end id="500" type="scavenge" contextid="496" durationms="0.980" usertimems="3.682" systemtimems="0.000" stalltimems="1.076" timestamp="2026-01-07T15:48:01.702" activeThreads="4">
  <mem-info id="501" free="10202384" total="52428800" percent="19">
    <mem type="nursery" free="5659216" total="13107200" percent="43">
      <mem type="allocate" free="5659216" total="6815744" percent="83" />
      <mem type="survivor" free="0" total="6291456" percent="0" />
    </mem>
    <mem type="tenure" free="4543168" total="39321600" percent="11" />
    <pending-finalizers system="122" default="7" reference="19" classloader="0" />
    <remembered-set count="1166" />
  </mem-info>
</gc-end>
<cycle-end id="502" type="scavenge" contextid="496" timestamp="2026-01-07T15:48:01.702" />
<allocation-satisfied id="503" threadId="0000000000016800" bytesRequested="8200" />
<af-end id="504" timestamp="2026-01-07T15:48:01.702" threadId="00000000000171A0" success="true" from="nursery"/>
<exclusive-end id="505" timestamp="2026-01-07T15:48:01.702" durationms="1.200" />

<exclusive-start id="506" timestamp="2026-01-07T15:48:01.741" intervalms="40.027">
  <response-info timems="0.018" idlems="0.018" threads="0" lastid="0000000000016800" lastname="main" />
</exclusive-start>
<af-start id="507" threadId="00000000000171A0" totalBytesRequested="8200" timestamp="2026-01-07T15:48:01.741" intervalms="40.027" type="nursery" />
<cycle-start id="508" type="scavenge" contextid="0" timestamp="2026-01-07T15:48:01.741" intervalms="40.030" />
<gc-start id="509" type="scavenge" contextid="508" timestamp="2026-01-07T15:48:01.741">
  <mem-info id="510" free="4543168" total="52428800" percent="8">
    <mem type="nursery" free="0" total="13107200" percent="0">
      <mem type="allocate" free="0" total="6815744" percent="0" />
      <mem type="survivor" free="0" total="6291456" percent="0" />
    </mem>
    <mem type="tenure" free="4543168" total="39321600" percent="11" />
    <remembered-set count="1166" />
  </mem-info>
</gc-start>
<allocation-stats totalBytes="5537384" discardedBytes="121832" >
  <allocated-bytes non-tlh="8200" tlh="5529184" />
  <largest-consumer threadName="main" threadId="0000000000016800" bytes="5533288" />
</allocation-stats>
<gc-op id="511" type="scavenge" timems="1.168" contextid="508" timestamp="2026-01-07T15:48:01.743">
  <scavenger-info tenureage="3" tenuremask="fff8" tiltratio="52" />
  <memory-copied type="nursery" objects="11298" bytes="2140952" bytesdiscarded="266744" />
  <finalization candidates="741" enqueued="732" />
  <references type="soft" candidates="22" cleared="0" enqueued="0" dynamicThreshold="32" maxThreshold="32" />
  <references type="weak" candidates="16" cleared="0" enqueued="0" />
  <object-monitors candidates="31" cleared="0"  />
</gc-op>
<gc-end id="512" type="scavenge" contextid="508" durationms="1.243" usertimems="4.120" systemtimems="0.014" stalltimems="1.882" timestamp="2026-01-07T15:48:01.743" activeThreads="4">
  <mem-info id="513" free="9537840" total="52428800" percent="18">
    <mem type="nursery" free="4994672" total="13107200" percent="38">
      <mem type="allocate" free="4994672" total="7405568" percent="67" />
      <mem type="survivor" free="0" total="5701632" percent="0" />
    </mem>
    <mem type="tenure" free="4543168" total="39321600" percent="11" />
    <pending-finalizers system="732" default="0" reference="0" classloader="0" />
    <remembered-set count="523" />
  </mem-info>
</gc-end>
<cycle-end id="514" type="scavenge" contextid="508" timestamp="2026-01-07T15:48:01.743" />
<allocation-satisfied id="515" threadId="0000000000016800" bytesRequested="8200" />
<af-end id="516" timestamp="2026-01-07T15:48:01.743" threadId="00000000000171A0" success="true" from="nursery"/>
<exclusive-end id="517" timestamp="2026-01-07T15:48:01.743" durationms="1.490" />

<exclusive-start id="518" timestamp="2026-01-07T15:48:01.963" intervalms="221.324">
  <response-info timems="0.023" idlems="0.023" threads="0" lastid="0000000000016800" lastname="main" />
</exclusive-start>
<af-start id="519" threadId="00000000000171A0" totalBytesRequested="72" timestamp="2026-01-07T15:48:01.963" intervalms="221.329" type="nursery" />
<cycle-start id="520" type="scavenge" contextid="0" timestamp="2026-01-07T15:48:01.963" intervalms="221.335" />
<gc-start id="521" type="scavenge" contextid="520" timestamp="2026-01-07T15:48:01.963">
  <mem-info id="522" free="4520896" total="52428800" percent="8">
    <mem type="nursery" free="0" total="13107200" percent="0">
      <mem type="allocate" free="0" total="7405568" percent="0" />
      <mem type="survivor" free="0" total="5701632" percent="0" />
    </mem>
    <mem type="tenure" free="4520896" total="39321600" percent="11" />
    <remembered-set count="872" />
  </mem-info>
</gc-start>
<allocation-stats totalBytes="5015424" discardedBytes="1520" >
  <allocated-bytes non-tlh="30472" tlh="4984952" />
  <largest-consumer threadName="main" threadId="0000000000016800" bytes="5015424" />
</allocation-stats>
<gc-op id="523" type="scavenge" timems="1.369" contextid="520" timestamp="2026-01-07T15:48:01.964">
  <scavenger-info tenureage="8" tenuremask="7f00" tiltratio="56" />
  <memory-copied type="nursery" objects="11005" bytes="963784" bytesdiscarded="60448" />
  <finalization candidates="257" enqueued="252" />
  <references type="soft" candidates="35" cleared="0" enqueued="0" dynamicThreshold="32" maxThreshold="32" />
  <references type="weak" candidates="66" cleared="37" enqueued="34" />
  <object-monitors candidates="31" cleared="0"  />
</gc-op>
<gc-end id="524" type="scavenge" contextid="520" durationms="1.452" usertimems="2.797" systemtimems="0.062" stalltimems="2.952" timestamp="2026-01-07T15:48:01.964" activeThreads="4">
  <mem-info id="525" free="11556328" total="52428800" percent="22">
    <mem type="nursery" free="7035432" total="13107200" percent="53">
      <mem type="allocate" free="7035432" total="8060928" percent="87" />
      <mem type="survivor" free="0" total="5046272" percent="0" />
    </mem>
    <mem type="tenure" free="4520896" total="39321600" percent="11" />
    <pending-finalizers system="247" default="5" reference="34" classloader="0" />
    <remembered-set count="628" />
  </mem-info>
</gc-end>
<cycle-end id="526" type="scavenge" contextid="520" timestamp="2026-01-07T15:48:01.964" />
<allocation-satisfied id="527" threadId="0000000000016800" bytesRequested="72" />
<af-end id="528" timestamp="2026-01-07T15:48:01.964" threadId="00000000000171A0" success="true" from="nursery"/>
<exclusive-end id="529" timestamp="2026-01-07T15:48:01.964" durationms="1.710" />

<exclusive-start id="530" timestamp="2026-01-07T15:48:02.079" intervalms="116.669">
  <response-info timems="0.020" idlems="0.020" threads="0" lastid="0000000000016800" lastname="main" />
</exclusive-start>
<af-start id="531" threadId="00000000000171A0" totalBytesRequested="72" timestamp="2026-01-07T15:48:02.079" intervalms="116.669" type="nursery" />
<cycle-start id="532" type="scavenge" contextid="0" timestamp="2026-01-07T15:48:02.079" intervalms="116.664" />
<gc-start id="533" type="scavenge" contextid="532" timestamp="2026-01-07T15:48:02.079">
  <mem-info id="534" free="4504456" total="52428800" percent="8">
    <mem type="nursery" free="0" total="13107200" percent="0">
      <mem type="allocate" free="0" total="8060928" percent="0" />
      <mem type="survivor" free="0" total="5046272" percent="0" />
    </mem>
    <mem type="tenure" free="4504456" total="39321600" percent="11" />
    <remembered-set count="855" />
  </mem-info>
</gc-start>
<allocation-stats totalBytes="7050136" discardedBytes="1736" >
  <allocated-bytes non-tlh="16512" tlh="7033624" />
  <largest-consumer threadName="main" threadId="0000000000016800" bytes="7046040" />
</allocation-stats>
<gc-op id="535" type="scavenge" timems="0.706" contextid="532" timestamp="2026-01-07T15:48:02.080">
  <scavenger-info tenureage="4" tenuremask="fff0" tiltratio="61" />
  <memory-copied type="nursery" objects="2008" bytes="163400" bytesdiscarded="50864" />
  <memory-copied type="tenure" objects="1183" bytes="51184" bytesdiscarded="16" />
  <finalization candidates="46" enqueued="40" />
  <references type="soft" candidates="30" cleared="0" enqueued="0" dynamicThreshold="32" maxThreshold="32" />
  <references type="weak" candidates="36" cleared="19" enqueued="19" />
  <object-monitors candidates="31" cleared="0"  />
</gc-op>
<gc-end id="536" type="scavenge" contextid="532" durationms="0.794" usertimems="1.446" systemtimems="0.000" stalltimems="0.722" timestamp="2026-01-07T15:48:02.080" activeThreads="3">
  <mem-info id="537" free="13098152" total="52428800" percent="24">
    <mem type="nursery" free="8632864" total="13107200" percent="65">
      <mem type="allocate" free="8632864" total="8847360" percent="97" />
      <mem type="survivor" free="0" total="4259840" percent="0" />
    </mem>
    <mem type="tenure" free="4465288" total="39321600" percent="11" />
    <pending-finalizers system="32" default="8" reference="19" classloader="0" />
    <remembered-set count="741" />
  </mem-info>
</gc-end>
<cycle-end id="538" type="scavenge" contextid="532" timestamp="2026-01-07T15:48:02.080" />
<allocation-satisfied id="539" threadId="0000000000016800" bytesRequested="72" />
<af-end id="540" timestamp="2026-01-07T15:48:02.080" threadId="00000000000171A0" success="true" from="nursery"/>
<exclusive-end id="541" timestamp="2026-01-07T15:48:02.080" durationms="1.051" />

<exclusive-start id="542" timestamp="2026-01-07T15:48:02.157" intervalms="77.317">
  <response-info timems="0.014" idlems="0.014" threads="0" lastid="0000000000016800" lastname="main" />
</exclusive-start>
<af-start id="543" threadId="00000000000171A0" totalBytesRequested="56" timestamp="2026-01-07T15:48:02.157" intervalms="77.307" type="nursery" />
<cycle-start id="544" type="scavenge" contextid="0" timestamp="2026-01-07T15:48:02.157" intervalms="77.299" />
<gc-start id="545" type="scavenge" contextid="544" timestamp="2026-01-07T15:48:02.157">
  <mem-info id="546" free="4462136" total="52428800" percent="8">
    <mem type="nursery" free="0" total="13107200" percent="0">
      <mem type="allocate" free="0" total="8847360" percent="0" />
      <mem type="survivor" free="0" total="4259840" percent="0" />
    </mem>
    <mem type="tenure" free="4462136" total="39321600" percent="11" />
    <remembered-set count="802" />
  </mem-info>
</gc-start>
<allocation-stats totalBytes="8633728" discardedBytes="2288" >
  <allocated-bytes non-tlh="3224" tlh="8630504" />
  <largest-consumer threadName="main" threadId="0000000000016800" bytes="8629632" />
</allocation-stats>
<gc-op id="547" type="scavenge" timems="0.448" contextid="544" timestamp="2026-01-07T15:48:02.157">
  <scavenger-info tenureage="6" tenuremask="ffc0" tiltratio="67" />
  <memory-copied type="nursery" objects="2303" bytes="133528" bytesdiscarded="48920" />
  <finalization candidates="15" enqueued="13" />
  <references type="soft" candidates="31" cleared="0" enqueued="0" dynamicThreshold="32" maxThreshold="32" />
  <references type="weak" candidates="32" cleared="15" enqueued="15" />
  <object-monitors candidates="32" cleared="0"  />
</gc-op>
<gc-end id="548" type="scavenge" contextid="544" durationms="0.512" usertimems="0.835" systemtimems="0.000" stalltimems="0.448" timestamp="2026-01-07T15:48:02.157" activeThreads="3">
  <mem-info id="549" free="13913304" total="52428800" percent="26">
    <mem type="nursery" free="9451168" total="13107200" percent="72">
      <mem type="allocate" free="9451168" total="9633792" percent="98" />
      <mem type="survivor" free="0" total="3473408" percent="0" />
    </mem>
    <mem type="tenure" free="4462136" total="39321600" percent="11" />
    <pending-finalizers system="7" default="6" reference="15" classloader="0" />
    <remembered-set count="552" />
  </mem-info>
</gc-end>
<cycle-end id="550" type="scavenge" contextid="544" timestamp="2026-01-07T15:48:02.157" />
<allocation-satisfied id="551" threadId="0000000000016800" bytesRequested="56" />
<af-end id="552" timestamp="2026-01-07T15:48:02.157" threadId="00000000000171A0" success="true" from="nursery"/>
<exclusive-end id="553" timestamp="2026-01-07T15:48:02.157" durationms="0.711" />

<exclusive-start id="554" timestamp="2026-01-07T15:48:02.220" intervalms="63.766">
  <response-info timems="0.011" idlems="0.011" threads="0" lastid="0000000000016800" lastname="main" />
</exclusive-start>
<af-start id="555" threadId="00000000000171A0" totalBytesRequested="56" timestamp="2026-01-07T15:48:02.220" intervalms="63.771" type="nursery" />
<cycle-start id="556" type="scavenge" contextid="0" timestamp="2026-01-07T15:48:02.220" intervalms="63.758" />
<gc-start id="557" type="scavenge" contextid="556" timestamp="2026-01-07T15:48:02.220">
  <mem-info id="558" free="4462136" total="52428800" percent="8">
    <mem type="nursery" free="0" total="13107200" percent="0">
      <mem type="allocate" free="0" total="9633792" percent="0" />
      <mem type="survivor" free="0" total="3473408" percent="0" />
    </mem>
    <mem type="tenure" free="4462136" total="39321600" percent="11" />
    <remembered-set count="552" />
  </mem-info>
</gc-start>
<allocation-stats totalBytes="9446120" discardedBytes="5048" >
  <allocated-bytes non-tlh="56" tlh="9446064" />
  <largest-consumer threadName="main" threadId="0000000000016800" bytes="9442024" />
</allocation-stats>
<gc-op id="559" type="scavenge" timems="0.410" contextid="556" timestamp="2026-01-07T15:48:02.221">
  <scavenger-info tenureage="4" tenuremask="fff0" tiltratio="73" />
  <memory-copied type="nursery" objects="1529" bytes="64784" bytesdiscarded="52680" />
  <memory-copied type="tenure" objects="654" bytes="24872" bytesdiscarded="32" />
  <finalization candidates="2" enqueued="0" />
  <references type="soft" candidates="25" cleared="0" enqueued="0" dynamicThreshold="32" maxThreshold="32" />
  <references type="weak" candidates="15" cleared="0" enqueued="0" />
  <object-monitors candidates="32" cleared="0"  />
</gc-op>
<gc-end id="560" type="scavenge" contextid="556" durationms="0.468" usertimems="0.670" systemtimems="0.049" stalltimems="0.464" timestamp="2026-01-07T15:48:02.221" activeThreads="3">
  <mem-info id="561" free="14594616" total="52428800" percent="27">
    <mem type="nursery" free="10171648" total="13107200" percent="77">
      <mem type="allocate" free="10171648" total="10289152" percent="98" />
      <mem type="survivor" free="0" total="2818048" percent="0" />
    </mem>
    <mem type="tenure" free="4422968" total="39321600" percent="11" />
    <remembered-set count="319" />
  </mem-info>
</gc-end>
<cycle-end id="562" type="scavenge" contextid="556" timestamp="2026-01-07T15:48:02.221" />
<allocation-satisfied id="563" threadId="0000000000016800" bytesRequested="56" />
<af-end id="564" timestamp="2026-01-07T15:48:02.221" threadId="00000000000171A0" success="true" from="nursery"/>
<exclusive-end id="565" timestamp="2026-01-07T15:48:02.221" durationms="0.614" />

<exclusive-start id="566" timestamp="2026-01-07T15:48:02.295" intervalms="75.210">
  <response-info timems="0.013" idlems="0.013" threads="0" lastid="0000000000016800" lastname="main" />
</exclusive-start>
<af-start id="567" threadId="00000000000171A0" totalBytesRequested="56" timestamp="2026-01-07T15:48:02.296" intervalms="75.188" type="nursery" />
<cycle-start id="568" type="scavenge" contextid="0" timestamp="2026-01-07T15:48:02.296" intervalms="75.183" />
<gc-start id="569" type="scavenge" contextid="568" timestamp="2026-01-07T15:48:02.296">
  <mem-info id="570" free="4422968" total="52428800" percent="8">
    <mem type="nursery" free="0" total="13107200" percent="0">
      <mem type="allocate" free="0" total="10289152" percent="0" />
      <mem type="survivor" free="0" total="2818048" percent="0" />
    </mem>
    <mem type="tenure" free="4422968" total="39321600" percent="11" />
    <remembered-set count="319" />
  </mem-info>
</gc-start>
<allocation-stats totalBytes="10167128" discardedBytes="4520" >
  <allocated-bytes non-tlh="56" tlh="10167072" />
  <largest-consumer threadName="main" threadId="0000000000016800" bytes="10167128" />
</allocation-stats>
<gc-op id="571" type="scavenge" timems="0.358" contextid="568" timestamp="2026-01-07T15:48:02.296">
  <scavenger-info tenureage="4" tenuremask="ff90" tiltratio="78" />
  <memory-copied type="nursery" objects="870" bytes="42480" bytesdiscarded="75000" />
  <memory-copied type="tenure" objects="659" bytes="22304" bytesdiscarded="0" />
  <finalization candidates="2" enqueued="0" />
  <references type="soft" candidates="11" cleared="0" enqueued="0" dynamicThreshold="32" maxThreshold="32" />
  <references type="weak" candidates="1" cleared="0" enqueued="0" />
  <object-monitors candidates="32" cleared="0"  />
</gc-op>
<gc-end id="572" type="scavenge" contextid="568" durationms="0.402" usertimems="0.527" systemtimems="0.000" stalltimems="0.474" timestamp="2026-01-07T15:48:02.296" activeThreads="3">
  <mem-info id="573" free="15184440" total="52428800" percent="28">
    <mem type="nursery" free="10761472" total="13107200" percent="82">
      <mem type="allocate" free="10761472" total="10878976" percent="98" />
      <mem type="survivor" free="0" total="2228224" percent="0" />
    </mem>
    <mem type="tenure" free="4422968" total="39321600" percent="11" />
    <remembered-set count="200" />
  </mem-info>
</gc-end>
<cycle-end id="574" type="scavenge" contextid="568" timestamp="2026-01-07T15:48:02.296" />
<allocation-satisfied id="575" threadId="0000000000016800" bytesRequested="56" />
<af-end id="576" timestamp="2026-01-07T15:48:02.296" threadId="00000000000171A0" success="true" from="nursery"/>
<exclusive-end id="577" timestamp="2026-01-07T15:48:02.296" durationms="0.503" />

<exclusive-start id="578" timestamp="2026-01-07T15:48:02.370" intervalms="74.660">
  <response-info timems="0.009" idlems="0.009" threads="0" lastid="0000000000016800" lastname="main" />
</exclusive-start>
<af-start id="579" threadId="00000000000171A0" totalBytesRequested="272" timestamp="2026-01-07T15:48:02.370" intervalms="74.660" type="nursery" />
<cycle-start id="580" type="scavenge" contextid="0" timestamp="2026-01-07T15:48:02.370" intervalms="74.658" />
<gc-start id="581" type="scavenge" contextid="580" timestamp="2026-01-07T15:48:02.370">
  <mem-info id="582" free="4422968" total="52428800" percent="8">
    <mem type="nursery" free="0" total="13107200" percent="0">
      <mem type="allocate" free="0" total="10878976" percent="0" />
      <mem type="survivor" free="0" total="2228224" percent="0" />
    </mem>
    <mem type="tenure" free="4422968" total="39321600" percent="11" />
    <remembered-set count="200" />
  </mem-info>
</gc-start>
<allocation-stats totalBytes="10756040" discardedBytes="5432" >
  <allocated-bytes non-tlh="56" tlh="10755984" />
  <largest-consumer threadName="main" threadId="0000000000016800" bytes="10756040" />
</allocation-stats>
<gc-op id="583" type="scavenge" timems="0.329" contextid="580" timestamp="2026-01-07T15:48:02.371">
  <scavenger-info tenureage="3" tenuremask="ffd8" tiltratio="83" />
  <memory-copied type="nursery" objects="32" bytes="3632" bytesdiscarded="113872" />
  <memory-copied type="tenure" objects="839" bytes="38776" bytesdiscarded="256" />
  <finalization candidates="2" enqueued="0" />
  <object-monitors candidates="32" cleared="0"  />
</gc-op>
<gc-end id="584" type="scavenge" contextid="580" durationms="0.372" usertimems="0.665" systemtimems="0.049" stalltimems="0.369" timestamp="2026-01-07T15:48:02.371" activeThreads="3">
  <mem-info id="585" free="15506224" total="52428800" percent="29">
    <mem type="nursery" free="11154688" total="13107200" percent="85">
      <mem type="allocate" free="11154688" total="11272192" percent="98" />
      <mem type="survivor" free="0" total="1835008" percent="0" />
    </mem>
    <mem type="tenure" free="4351536" total="39321600" percent="11" />
    <remembered-set count="148" />
  </mem-info>
</gc-end>
<cycle-end id="586" type="scavenge" contextid="580" timestamp="2026-01-07T15:48:02.371" />
<allocation-satisfied id="587" threadId="0000000000016800" bytesRequested="272" />
<af-end id="588" timestamp="2026-01-07T15:48:02.371" threadId="00000000000171A0" success="true" from="nursery"/>
<exclusive-end id="589" timestamp="2026-01-07T15:48:02.371" durationms="0.469" />

<exclusive-start id="590" timestamp="2026-01-07T15:48:02.434" intervalms="63.500">
  <response-info timems="0.012" idlems="0.012" threads="0" lastid="0000000000016800" lastname="main" />
</exclusive-start>
<af-start id="591" threadId="00000000000171A0" totalBytesRequested="272" timestamp="2026-01-07T15:48:02.434" intervalms="63.505" type="nursery" />
<cycle-start id="592" type="scavenge" contextid="0" timestamp="2026-01-07T15:48:02.434" intervalms="63.532" />
<gc-start id="593" type="scavenge" contextid="592" timestamp="2026-01-07T15:48:02.434">
  <mem-info id="594" free="4351536" total="52428800" percent="8">
    <mem type="nursery" free="0" total="13107200" percent="0">
      <mem type="allocate" free="0" total="11272192" percent="0" />
      <mem type="survivor" free="0" total="1835008" percent="0" />
    </mem>
    <mem type="tenure" free="4351536" total="39321600" percent="11" />
    <remembered-set count="148" />
  </mem-info>
</gc-start>
<allocation-stats totalBytes="11150272" discardedBytes="4416" >
  <allocated-bytes non-tlh="272" tlh="11150000" />
  <largest-consumer threadName="main" threadId="0000000000016800" bytes="11150272" />
</allocation-stats>
<gc-op id="595" type="scavenge" timems="0.252" contextid="592" timestamp="2026-01-07T15:48:02.434">
  <scavenger-info tenureage="3" tenuremask="ffc8" tiltratio="86" />
  <memory-copied type="nursery" objects="28" bytes="3568" bytesdiscarded="74768" />
  <memory-copied type="tenure" objects="4" bytes="64" bytesdiscarded="0" />
  <object-monitors candidates="32" cleared="0"  />
</gc-op>
<gc-end id="596" type="scavenge" contextid="592" durationms="0.314" usertimems="0.686" systemtimems="0.036" stalltimems="0.186" timestamp="2026-01-07T15:48:02.434" activeThreads="3">
  <mem-info id="597" free="15938608" total="52428800" percent="30">
    <mem type="nursery" free="11587072" total="13107200" percent="88">
      <mem type="allocate" free="11587072" total="11665408" percent="99" />
      <mem type="survivor" free="0" total="1441792" percent="0" />
    </mem>
    <mem type="tenure" free="4351536" total="39321600" percent="11" />
    <remembered-set count="146" />
  </mem-info>
</gc-end>
<cycle-end id="598" type="scavenge" contextid="592" timestamp="2026-01-07T15:48:02.434" />
<allocation-satisfied id="599" threadId="0000000000016800" bytesRequested="272" />
<af-end id="600" timestamp="2026-01-07T15:48:02.434" threadId="00000000000171A0" success="true" from="nursery"/>
<exclusive-end id="601" timestamp="2026-01-07T15:48:02.434" durationms="0.480" />

<exclusive-start id="602" timestamp="2026-01-07T15:48:02.499" intervalms="65.773">
  <response-info timems="0.015" idlems="0.015" threads="0" lastid="0000000000016800" lastname="main" />
</exclusive-start>
<af-start id="603" threadId="00000000000171A0" totalBytesRequested="56" timestamp="2026-01-07T15:48:02.499" intervalms="65.784" type="nursery" />
<cycle-start id="604" type="scavenge" contextid="0" timestamp="2026-01-07T15:48:02.499" intervalms="65.772" />
<gc-start id="605" type="scavenge" contextid="604" timestamp="2026-01-07T15:48:02.500">
  <mem-info id="606" free="4351536" total="52428800" percent="8">
    <mem type="nursery" free="0" total="13107200" percent="0">
      <mem type="allocate" free="0" total="11665408" percent="0" />
      <mem type="survivor" free="0" total="1441792" percent="0" />
    </mem>
    <mem type="tenure" free="4351536" total="39321600" percent="11" />
    <remembered-set count="147" />
  </mem-info>
</gc-start>
<allocation-stats totalBytes="11582664" discardedBytes="4408" >
  <allocated-bytes non-tlh="272" tlh="11582392" />
  <largest-consumer threadName="main" threadId="0000000000016800" bytes="11578568" />
</allocation-stats>
<gc-op id="607" type="scavenge" timems="0.239" contextid="604" timestamp="2026-01-07T15:48:02.500">
  <scavenger-info tenureage="3" tenuremask="ffe8" tiltratio="89" />
  <memory-copied type="nursery" objects="28" bytes="3544" bytesdiscarded="74792" />
  <object-monitors candidates="32" cleared="0"  />
</gc-op>
<gc-end id="608" type="scavenge" contextid="604" durationms="0.290" usertimems="1.389" systemtimems="0.000" stalltimems="0.171" timestamp="2026-01-07T15:48:02.500" activeThreads="3">
  <mem-info id="609" free="16069680" total="52428800" percent="30">
    <mem type="nursery" free="11718144" total="13107200" percent="89">
      <mem type="allocate" free="11718144" total="11796480" percent="99" />
      <mem type="survivor" free="0" total="1310720" percent="0" />
    </mem>
    <mem type="tenure" free="4351536" total="39321600" percent="11" />
    <remembered-set count="147" />
  </mem-info>
</gc-end>
<cycle-end id="610" type="scavenge" contextid="604" timestamp="2026-01-07T15:48:02.500" />
<allocation-satisfied id="611" threadId="0000000000016800" bytesRequested="56" />
<af-end id="612" timestamp="2026-01-07T15:48:02.500" threadId="00000000000171A0" success="true" from="nursery"/>
<exclusive-end id="613" timestamp="2026-01-07T15:48:02.500" durationms="0.456" />

<exclusive-start id="614" timestamp="2026-01-07T15:48:02.610" intervalms="110.138">
  <response-info timems="0.048" idlems="0.048" threads="0" lastid="0000000000016800" lastname="main" />
</exclusive-start>
<af-start id="615" threadId="00000000000171A0" totalBytesRequested="72" timestamp="2026-01-07T15:48:02.610" intervalms="110.192" type="nursery" />
<cycle-start id="616" type="scavenge" contextid="0" timestamp="2026-01-07T15:48:02.610" intervalms="110.255" />
<gc-start id="617" type="scavenge" contextid="616" timestamp="2026-01-07T15:48:02.610">
  <mem-info id="618" free="4351536" total="52428800" percent="8">
    <mem type="nursery" free="0" total="13107200" percent="0">
      <mem type="allocate" free="0" total="11796480" percent="0" />
      <mem type="survivor" free="0" total="1310720" percent="0" />
    </mem>
    <mem type="tenure" free="4351536" total="39321600" percent="11" />
    <remembered-set count="154" />
  </mem-info>
</gc-start>
<allocation-stats totalBytes="11715232" discardedBytes="2912" >
  <allocated-bytes non-tlh="56" tlh="11715176" />
  <largest-consumer threadName="main" threadId="0000000000016800" bytes="11715232" />
</allocation-stats>
<gc-op id="619" type="scavenge" timems="0.713" contextid="616" timestamp="2026-01-07T15:48:02.611">
  <scavenger-info tenureage="3" tenuremask="fff8" tiltratio="90" />
  <memory-copied type="nursery" objects="316" bytes="21128" bytesdiscarded="18032" />
  <finalization candidates="9" enqueued="6" />
  <references type="soft" candidates="1" cleared="0" enqueued="0" dynamicThreshold="32" maxThreshold="32" />
  <references type="weak" candidates="6" cleared="6" enqueued="6" />
  <object-monitors candidates="32" cleared="0"  />
</gc-op>
<gc-end id="620" type="scavenge" contextid="616" durationms="1.385" usertimems="1.513" systemtimems="0.041" stalltimems="0.820" timestamp="2026-01-07T15:48:02.611" activeThreads="3">
  <mem-info id="621" free="16108848" total="52428800" percent="30">
    <mem type="nursery" free="11757312" total="13107200" percent="89">
      <mem type="allocate" free="11757312" total="11796480" percent="99" />
      <mem type="survivor" free="0" total="1310720" percent="0" />
    </mem>
    <mem type="tenure" free="4351536" total="39321600" percent="11" />
    <pending-finalizers system="0" default="6" reference="6" classloader="0" />
    <remembered-set count="153" />
  </mem-info>
</gc-end>
<cycle-end id="622" type="scavenge" contextid="616" timestamp="2026-01-07T15:48:02.611" />
<allocation-satisfied id="623" threadId="0000000000016800" bytesRequested="72" />
<af-end id="624" timestamp="2026-01-07T15:48:02.611" threadId="00000000000171A0" success="true" from="nursery"/>
<exclusive-end id="625" timestamp="2026-01-07T15:48:02.611" durationms="1.825" />

<exclusive-start id="626" timestamp="2026-01-07T15:48:02.769" intervalms="159.076">
  <response-info timems="0.018" idlems="0.018" threads="0" lastid="0000000000016800" lastname="main" />
</exclusive-start>
<af-start id="627" threadId="00000000000171A0" totalBytesRequested="336" timestamp="2026-01-07T15:48:02.769" intervalms="159.024" type="nursery" />
<cycle-start id="628" type="scavenge" contextid="0" timestamp="2026-01-07T15:48:02.769" intervalms="158.990" />
<gc-start id="629" type="scavenge" contextid="628" timestamp="2026-01-07T15:48:02.769">
  <mem-info id="630" free="4120040" total="52428800" percent="7">
    <mem type="nursery" free="0" total="13107200" percent="0">
      <mem type="allocate" free="0" total="11796480" percent="0" />
      <mem type="survivor" free="0" total="1310720" percent="0" />
    </mem>
    <mem type="tenure" free="4120040" total="39321600" percent="10" />
    <remembered-set count="2583" />
  </mem-info>
</gc-start>
<allocation-stats totalBytes="11986672" discardedBytes="2136" >
  <allocated-bytes non-tlh="231568" tlh="11755104" />
  <largest-consumer threadName="main" threadId="0000000000016800" bytes="11958000" />
</allocation-stats>
<gc-op id="631" type="scavenge" timems="0.877" contextid="628" timestamp="2026-01-07T15:48:02.770">
  <scavenger-info tenureage="3" tenuremask="fff8" tiltratio="90" />
  <memory-copied type="nursery" objects="10623" bytes="1256568" bytesdiscarded="52688" />
  <memory-copied type="tenure" objects="18" bytes="109040" bytesdiscarded="744" />
  <copy-failed type="nursery" objects="18" bytes="109040" />
  <finalization candidates="312" enqueued="305" />
  <ownableSynchronizers candidates="392" cleared="281" />
  <references type="soft" candidates="77" cleared="0" enqueued="0" dynamicThreshold="32" maxThreshold="32" />
  <references type="weak" candidates="287" cleared="188" enqueued="188" />
  <object-monitors candidates="43" cleared="9"  />
</gc-op>
<gc-end id="632" type="scavenge" contextid="628" durationms="0.987" usertimems="2.026" systemtimems="0.005" stalltimems="0.653" timestamp="2026-01-07T15:48:02.770" activeThreads="3">
  <mem-info id="633" free="12797128" total="52428800" percent="24">
    <mem type="nursery" free="8847360" total="13107200" percent="67">
      <mem type="allocate" free="8847360" total="10158080" percent="87" />
      <mem type="survivor" free="0" total="2949120" percent="0" />
    </mem>
    <mem type="tenure" free="3949768" total="39321600" percent="10" />
    <pending-finalizers system="292" default="13" reference="188" classloader="0" />
    <remembered-set count="2425" />
  </mem-info>
</gc-end>
<cycle-end id="634" type="scavenge" contextid="628" timestamp="2026-01-07T15:48:02.770" />
<allocation-satisfied id="635" threadId="0000000000016800" bytesRequested="336" />
<af-end id="636" timestamp="2026-01-07T15:48:02.770" threadId="00000000000171A0" success="true" from="nursery"/>
<exclusive-end id="637" timestamp="2026-01-07T15:48:02.770" durationms="1.236" />

<exclusive-start id="638" timestamp="2026-01-07T15:48:02.938" intervalms="169.801">
  <response-info timems="0.020" idlems="0.020" threads="0" lastid="0000000000016800" lastname="main" />
</exclusive-start>
<af-start id="639" threadId="00000000000171A0" totalBytesRequested="33120" timestamp="2026-01-07T15:48:02.938" intervalms="169.801" type="nursery" />
<cycle-start id="640" type="scavenge" contextid="0" timestamp="2026-01-07T15:48:02.939" intervalms="169.787" />
<gc-start id="641" type="scavenge" contextid="640" timestamp="2026-01-07T15:48:02.939">
  <mem-info id="642" free="3776040" total="52428800" percent="7">
    <mem type="nursery" free="0" total="13107200" percent="0">
      <mem type="allocate" free="0" total="10158080" percent="0" />
      <mem type="survivor" free="0" total="2949120" percent="0" />
    </mem>
    <mem type="tenure" free="3776040" total="39321600" percent="9" />
    <remembered-set count="4818" />
  </mem-info>
</gc-start>
<allocation-stats totalBytes="9002176" discardedBytes="18912" >
  <allocated-bytes non-tlh="174064" tlh="8828112" />
  <largest-consumer threadName="main" threadId="0000000000016800" bytes="8957248" />
</allocation-stats>
<gc-op id="643" type="scavenge" timems="1.600" contextid="640" timestamp="2026-01-07T15:48:02.940">
  <scavenger-info tenureage="4" tenuremask="fff0" tiltratio="77" />
  <memory-copied type="nursery" objects="24665" bytes="2932912" bytesdiscarded="10712" />
  <memory-copied type="tenure" objects="448" bytes="744552" bytesdiscarded="2736" />
  <copy-failed type="nursery" objects="448" bytes="744568" />
  <finalization candidates="1081" enqueued="1031" />
  <ownableSynchronizers candidates="137" cleared="4" />
  <references type="soft" candidates="214" cleared="0" enqueued="0" dynamicThreshold="32" maxThreshold="32" />
  <references type="weak" candidates="438" cleared="244" enqueued="244" />
  <object-monitors candidates="42" cleared="3"  />
</gc-op>
<gc-end id="644" type="scavenge" contextid="640" durationms="1.685" usertimems="4.981" systemtimems="1.065" stalltimems="1.439" timestamp="2026-01-07T15:48:02.940" activeThreads="4">
  <mem-info id="645" free="6787928" total="52428800" percent="12">
    <mem type="nursery" free="3670016" total="13107200" percent="28">
      <mem type="allocate" free="3670016" total="6619136" percent="55" />
      <mem type="survivor" free="0" total="6488064" percent="0" />
    </mem>
    <mem type="tenure" free="3117912" total="39321600" percent="7" />
    <pending-finalizers system="1030" default="1" reference="244" classloader="0" />
    <remembered-set count="4605" />
  </mem-info>
</gc-end>
<cycle-end id="646" type="scavenge" contextid="640" timestamp="2026-01-07T15:48:02.940" />
<allocation-satisfied id="647" threadId="0000000000016800" bytesRequested="33120" />
<af-end id="648" timestamp="2026-01-07T15:48:02.940" threadId="00000000000171A0" success="true" from="nursery"/>
<exclusive-end id="649" timestamp="2026-01-07T15:48:02.940" durationms="1.936" />

<exclusive-start id="650" timestamp="2026-01-07T15:48:02.991" intervalms="52.071">
  <response-info timems="0.017" idlems="0.017" threads="0" lastid="0000000000016800" lastname="main" />
</exclusive-start>
<af-start id="651" threadId="00000000000171A0" totalBytesRequested="72" timestamp="2026-01-07T15:48:02.991" intervalms="52.075" type="nursery" />
<cycle-start id="652" type="scavenge" contextid="0" timestamp="2026-01-07T15:48:02.991" intervalms="52.073" />
<gc-start id="653" type="scavenge" contextid="652" timestamp="2026-01-07T15:48:02.991">
  <mem-info id="654" free="3090352" total="52428800" percent="5">
    <mem type="nursery" free="0" total="13107200" percent="0">
      <mem type="allocate" free="0" total="6619136" percent="0" />
      <mem type="survivor" free="0" total="6488064" percent="0" />
    </mem>
    <mem type="tenure" free="3090352" total="39321600" percent="7" />
    <remembered-set count="5041" />
  </mem-info>
</gc-start>
<allocation-stats totalBytes="3696960" discardedBytes="616" >
  <allocated-bytes non-tlh="60680" tlh="3636280" />
  <largest-consumer threadName="main" threadId="0000000000016800" bytes="3684672" />
</allocation-stats>
<gc-op id="655" type="scavenge" timems="1.669" contextid="652" timestamp="2026-01-07T15:48:02.992">
  <scavenger-info tenureage="4" tenuremask="fff0" tiltratio="50" />
  <memory-copied type="nursery" objects="36168" bytes="1881056" bytesdiscarded="88216" />
  <finalization candidates="229" enqueued="178" />
  <ownableSynchronizers candidates="133" cleared="0" />
  <references type="soft" candidates="229" cleared="0" enqueued="0" dynamicThreshold="32" maxThreshold="32" />
  <references type="weak" candidates="237" cleared="41" enqueued="41" />
  <object-monitors candidates="39" cleared="0"  />
</gc-op>
<gc-end id="656" type="scavenge" contextid="652" durationms="1.755" usertimems="5.551" systemtimems="0.114" stalltimems="0.813" timestamp="2026-01-07T15:48:02.992" activeThreads="4">
  <mem-info id="657" free="8197200" total="52428800" percent="15">
    <mem type="nursery" free="5106848" total="13107200" percent="38">
      <mem type="allocate" free="5106848" total="7077888" percent="72" />
      <mem type="survivor" free="0" total="6029312" percent="0" />
    </mem>
    <mem type="tenure" free="3090352" total="39321600" percent="7" />
    <pending-finalizers system="178" default="0" reference="41" classloader="0" />
    <remembered-set count="3069" />
  </mem-info>
</gc-end>
<cycle-end id="658" type="scavenge" contextid="652" timestamp="2026-01-07T15:48:02.992" />
<allocation-satisfied id="659" threadId="0000000000016800" bytesRequested="72" />
<af-end id="660" timestamp="2026-01-07T15:48:02.993" threadId="00000000000171A0" success="true" from="nursery"/>
<exclusive-end id="661" timestamp="2026-01-07T15:48:02.993" durationms="2.002" />

<exclusive-start id="662" timestamp="2026-01-07T15:48:03.062" intervalms="71.505">
  <response-info timems="0.021" idlems="0.021" threads="0" lastid="0000000000016800" lastname="main" />
</exclusive-start>
<af-start id="663" threadId="00000000000171A0" totalBytesRequested="4472" timestamp="2026-01-07T15:48:03.062" intervalms="71.513" type="nursery" />
<cycle-start id="664" type="scavenge" contextid="0" timestamp="2026-01-07T15:48:03.062" intervalms="71.521" />
<gc-start id="665" type="scavenge" contextid="664" timestamp="2026-01-07T15:48:03.062">
  <mem-info id="666" free="3076472" total="52428800" percent="5">
    <mem type="nursery" free="0" total="13107200" percent="0">
      <mem type="allocate" free="0" total="7077888" percent="0" />
      <mem type="survivor" free="0" total="6029312" percent="0" />
    </mem>
    <mem type="tenure" free="3076472" total="39321600" percent="7" />
    <remembered-set count="3415" />
  </mem-info>
</gc-start>
<allocation-stats totalBytes="5116312" discardedBytes="4416" >
  <allocated-bytes non-tlh="13952" tlh="5102360" />
  <largest-consumer threadName="main" threadId="0000000000016800" bytes="5099928" />
</allocation-stats>
<gc-op id="667" type="scavenge" timems="1.860" contextid="664" timestamp="2026-01-07T15:48:03.064">
  <scavenger-info tenureage="3" tenuremask="fff8" tiltratio="54" />
  <memory-copied type="nursery" objects="30659" bytes="1351072" bytesdiscarded="152736" />
  <memory-copied type="tenure" objects="9249" bytes="383720" bytesdiscarded="480" />
  <finalization candidates="120" enqueued="57" />
  <ownableSynchronizers candidates="134" cleared="0" />
  <references type="soft" candidates="154" cleared="0" enqueued="0" dynamicThreshold="32" maxThreshold="32" />
  <references type="weak" candidates="169" cleared="62" enqueued="62" />
  <object-monitors candidates="41" cleared="0"  />
</gc-op>
<gc-end id="668" type="scavenge" contextid="664" durationms="1.968" usertimems="4.672" systemtimems="0.973" stalltimems="1.593" timestamp="2026-01-07T15:48:03.064" activeThreads="4">
  <mem-info id="669" free="8915336" total="52428800" percent="17">
    <mem type="nursery" free="6358368" total="13107200" percent="48">
      <mem type="allocate" free="6358368" total="7864320" percent="80" />
      <mem type="survivor" free="0" total="5242880" percent="0" />
    </mem>
    <mem type="tenure" free="2556968" total="39321600" percent="6" />
    <pending-finalizers system="57" default="0" reference="62" classloader="0" />
    <remembered-set count="1613" />
  </mem-info>
</gc-end>
<cycle-end id="670" type="scavenge" contextid="664" timestamp="2026-01-07T15:48:03.064" />
<allocation-satisfied id="671" threadId="0000000000016800" bytesRequested="4472" />
<af-end id="672" timestamp="2026-01-07T15:48:03.064" threadId="00000000000171A0" success="true" from="nursery"/>
<exclusive-end id="673" timestamp="2026-01-07T15:48:03.064" durationms="2.268" />

<exclusive-start id="674" timestamp="2026-01-07T15:48:03.212" intervalms="150.231">
  <response-info timems="0.020" idlems="0.020" threads="0" lastid="0000000000016800" lastname="main" />
</exclusive-start>
<af-start id="675" threadId="00000000000171A0" totalBytesRequested="6088" timestamp="2026-01-07T15:48:03.212" intervalms="150.221" type="nursery" />
<cycle-start id="676" type="scavenge" contextid="0" timestamp="2026-01-07T15:48:03.212" intervalms="150.219" />
<gc-start id="677" type="scavenge" contextid="676" timestamp="2026-01-07T15:48:03.212">
  <mem-info id="678" free="2434000" total="52428800" percent="4">
    <mem type="nursery" free="0" total="13107200" percent="0">
      <mem type="allocate" free="0" total="7864320" percent="0" />
      <mem type="survivor" free="0" total="5242880" percent="0" />
    </mem>
    <mem type="tenure" free="2434000" total="39321600" percent="6" />
    <remembered-set count="3406" />
  </mem-info>
</gc-start>
<allocation-stats totalBytes="6474864" discardedBytes="6472" >
  <allocated-bytes non-tlh="127440" tlh="6347424" />
  <largest-consumer threadName="main" threadId="0000000000016800" bytes="6458480" />
</allocation-stats>
<gc-op id="679" type="scavenge" timems="2.516" contextid="676" timestamp="2026-01-07T15:48:03.215">
  <scavenger-info tenureage="6" tenuremask="ffc0" tiltratio="60" />
  <memory-copied type="nursery" objects="65551" bytes="3543912" bytesdiscarded="226064" />
  <finalization candidates="575" enqueued="505" />
  <ownableSynchronizers candidates="29" cleared="0" />
  <references type="soft" candidates="615" cleared="0" enqueued="0" dynamicThreshold="32" maxThreshold="32" />
  <references type="weak" candidates="536" cleared="101" enqueued="101" />
  <object-monitors candidates="48" cleared="2"  />
</gc-op>
<gc-end id="680" type="scavenge" contextid="676" durationms="2.621" usertimems="8.470" systemtimems="0.000" stalltimems="1.526" timestamp="2026-01-07T15:48:03.215" activeThreads="4">
  <mem-info id="681" free="5736984" total="52428800" percent="10">
    <mem type="nursery" free="3302984" total="13107200" percent="25">
      <mem type="allocate" free="3302984" total="7077888" percent="46" />
      <mem type="survivor" free="0" total="6029312" percent="0" />
    </mem>
    <mem type="tenure" free="2434000" total="39321600" percent="6" />
    <pending-finalizers system="505" default="0" reference="101" classloader="0" />
    <remembered-set count="2971" />
  </mem-info>
</gc-end>
<cycle-end id="682" type="scavenge" contextid="676" timestamp="2026-01-07T15:48:03.215" />
<allocation-satisfied id="683" threadId="0000000000016800" bytesRequested="6088" />
<af-end id="684" timestamp="2026-01-07T15:48:03.215" threadId="00000000000171A0" success="true" from="nursery"/>
<exclusive-end id="685" timestamp="2026-01-07T15:48:03.215" durationms="2.931" />

<exclusive-start id="686" timestamp="2026-01-07T15:48:03.272" intervalms="59.448">
  <response-info timems="0.033" idlems="0.033" threads="0" lastid="0000000000016800" lastname="main" />
</exclusive-start>
<af-start id="687" threadId="00000000000171A0" totalBytesRequested="112" timestamp="2026-01-07T15:48:03.272" intervalms="59.452" type="nursery" />
<cycle-start id="688" type="scavenge" contextid="0" timestamp="2026-01-07T15:48:03.272" intervalms="59.452" />
<gc-start id="689" type="scavenge" contextid="688" timestamp="2026-01-07T15:48:03.272">
  <mem-info id="690" free="2382360" total="52428800" percent="4">
    <mem type="nursery" free="0" total="13107200" percent="0">
      <mem type="allocate" free="0" total="7077888" percent="0" />
      <mem type="survivor" free="0" total="6029312" percent="0" />
    </mem>
    <mem type="tenure" free="2382360" total="39321600" percent="6" />
    <remembered-set count="3583" />
  </mem-info>
</gc-start>
<allocation-stats totalBytes="3353368" discardedBytes="1256" >
  <allocated-bytes non-tlh="57728" tlh="3295640" />
  <largest-consumer threadName="main" threadId="0000000000016800" bytes="3336984" />
</allocation-stats>
<gc-op id="691" type="scavenge" timems="2.738" contextid="688" timestamp="2026-01-07T15:48:03.275">
  <scavenger-info tenureage="5" tenuremask="ffe0" tiltratio="54" />
  <memory-copied type="nursery" objects="66827" bytes="3694688" bytesdiscarded="92944" />
  <finalization candidates="479" enqueued="402" />
  <ownableSynchronizers candidates="37" cleared="4" />
  <references type="soft" candidates="670" cleared="0" enqueued="0" dynamicThreshold="32" maxThreshold="32" />
  <references type="weak" candidates="535" cleared="90" enqueued="90" />
  <object-monitors candidates="46" cleared="0"  />
</gc-op>
<gc-end id="692" type="scavenge" contextid="688" durationms="2.847" usertimems="8.889" systemtimems="1.025" stalltimems="1.293" timestamp="2026-01-07T15:48:03.275" activeThreads="4">
  <mem-info id="693" free="6979088" total="52428800" percent="13">
    <mem type="nursery" free="4596728" total="13107200" percent="35">
      <mem type="allocate" free="4596728" total="8388608" percent="54" />
      <mem type="survivor" free="0" total="4718592" percent="0" />
    </mem>
    <mem type="tenure" free="2382360" total="39321600" percent="6" />
    <pending-finalizers system="402" default="0" reference="90" classloader="0" />
    <remembered-set count="3349" />
  </mem-info>
</gc-end>
<cycle-end id="694" type="scavenge" contextid="688" timestamp="2026-01-07T15:48:03.275" />
<allocation-satisfied id="695" threadId="0000000000016800" bytesRequested="112" />
<af-end id="696" timestamp="2026-01-07T15:48:03.275" threadId="00000000000171A0" success="true" from="nursery"/>
<exclusive-end id="697" timestamp="2026-01-07T15:48:03.275" durationms="3.142" />

<exclusive-start id="698" timestamp="2026-01-07T15:48:03.366" intervalms="93.867">
  <response-info timems="0.020" idlems="0.020" threads="0" lastid="0000000000016800" lastname="main" />
</exclusive-start>
<af-start id="699" threadId="00000000000171A0" totalBytesRequested="72" timestamp="2026-01-07T15:48:03.366" intervalms="93.869" type="nursery" />
<cycle-start id="700" type="scavenge" contextid="0" timestamp="2026-01-07T15:48:03.366" intervalms="93.872" />
<gc-start id="701" type="scavenge" contextid="700" timestamp="2026-01-07T15:48:03.366">
  <mem-info id="702" free="2207160" total="52428800" percent="4">
    <mem type="nursery" free="0" total="13107200" percent="0">
      <mem type="allocate" free="0" total="8388608" percent="0" />
      <mem type="survivor" free="0" total="4718592" percent="0" />
    </mem>
    <mem type="tenure" free="2207160" total="39321600" percent="5" />
    <remembered-set count="5142" />
  </mem-info>
</gc-start>
<allocation-stats totalBytes="4770256" discardedBytes="1672" >
  <allocated-bytes non-tlh="175312" tlh="4594944" />
  <largest-consumer threadName="main" threadId="0000000000016800" bytes="4753872" />
</allocation-stats>
<gc-op id="703" type="scavenge" timems="2.390" contextid="700" timestamp="2026-01-07T15:48:03.368">
  <scavenger-info tenureage="3" tenuremask="fff8" tiltratio="64" />
  <memory-copied type="nursery" objects="42947" bytes="3010320" bytesdiscarded="105592" />
  <memory-copied type="tenure" objects="29365" bytes="1074824" bytesdiscarded="168" />
  <finalization candidates="670" enqueued="568" />
  <ownableSynchronizers candidates="48" cleared="0" />
  <references type="soft" candidates="554" cleared="0" enqueued="0" dynamicThreshold="32" maxThreshold="32" />
  <references type="weak" candidates="609" cleared="191" enqueued="191" />
  <object-monitors candidates="47" cleared="1"  />
</gc-op>
<gc-end id="704" type="scavenge" contextid="700" durationms="2.492" usertimems="9.339" systemtimems="0.101" stalltimems="0.464" timestamp="2026-01-07T15:48:03.368" activeThreads="4">
  <mem-info id="705" free="6687832" total="52428800" percent="12">
    <mem type="nursery" free="5531296" total="13107200" percent="42">
      <mem type="allocate" free="5531296" total="8650752" percent="63" />
      <mem type="survivor" free="0" total="4456448" percent="0" />
    </mem>
    <mem type="tenure" free="1156536" total="39321600" percent="2" />
    <pending-finalizers system="568" default="0" reference="191" classloader="0" />
    <remembered-set count="3246" />
  </mem-info>
</gc-end>
<cycle-end id="706" type="scavenge" contextid="700" timestamp="2026-01-07T15:48:03.368" />
<allocation-satisfied id="707" threadId="0000000000016800" bytesRequested="72" />
<af-end id="708" timestamp="2026-01-07T15:48:03.368" threadId="00000000000171A0" success="true" from="nursery"/>
<exclusive-end id="709" timestamp="2026-01-07T15:48:03.368" durationms="2.803" />

<concurrent-kickoff id="710" timestamp="2026-01-07T15:48:03.454">
  <kickoff reason="threshold reached" targetBytes="11670650" thresholdFreeBytes="1612543"  remainingFree="1422936" tenureFreeBytes="1094808" nurseryFreeBytes="1422936" />
</concurrent-kickoff>
<exclusive-start id="711" timestamp="2026-01-07T15:48:03.455" intervalms="89.087">
  <response-info timems="0.022" idlems="0.022" threads="0" lastid="0000000000016800" lastname="main" />
</exclusive-start>
<cycle-start id="712" type="global" contextid="0" timestamp="2026-01-07T15:48:03.455" intervalms="7908.146" />
<concurrent-start id="713" type="global mark" contextid="712" timestamp="2026-01-07T15:48:03.455">
</concurrent-start>
<exclusive-end id="714" timestamp="2026-01-07T15:48:03.455" durationms="0.244" />

<concurrent-end id="715" type="global mark" contextid="712" timestamp="2026-01-07T15:48:03.489">
<gc-op id="716" type="trace" timems="34.539" contextid="712" timestamp="2026-01-07T15:48:03.489">
  <trace bytesTraced="17892684" workStackOverflowCount="0" />
  <card-cleaning reason="card cleaning threshold reached" bytesTraced="14392" cardsCleaned="44" />
</gc-op>
</concurrent-end>

<exclusive-start id="717" timestamp="2026-01-07T15:48:03.489" intervalms="34.707">
  <response-info timems="0.024" idlems="0.024" threads="0" lastid="0000000000016800" lastname="main" />
</exclusive-start>
<concurrent-global-final id="718" timestamp="2026-01-07T15:48:03.489" contextid="712" intervalms="7942.899" >
  <concurrent-trace-info reason="card cleaning threshold reached" tracedByMutators="4105064" tracedByHelpers="13802012" cardsCleaned="44" workStackOverflowCount="0" />
</concurrent-global-final>
<gc-start id="719" type="global" contextid="712" timestamp="2026-01-07T15:48:03.490">
  <mem-info id="720" free="1714152" total="52428800" percent="3">
    <mem type="nursery" free="632408" total="13107200" percent="4">
      <mem type="allocate" free="632408" total="8650752" percent="7" />
      <mem type="survivor" free="0" total="4456448" percent="0" />
    </mem>
    <mem type="tenure" free="1081744" total="39321600" percent="2" />
    <remembered-set count="4068" />
  </mem-info>
</gc-start>
<allocation-stats totalBytes="4968960" discardedBytes="4720" >
  <allocated-bytes non-tlh="74864" tlh="4894096" />
  <largest-consumer threadName="main" threadId="0000000000016800" bytes="4968960" />
</allocation-stats>
<gc-op id="721" type="rs-scan" timems="5.361" contextid="712" timestamp="2026-01-07T15:48:03.495">
  <scan objectsFound="42374" bytesTraced="1491900" workStackOverflowCount="0" />
</gc-op>
<gc-op id="722" type="card-cleaning" timems="2.268" contextid="712" timestamp="2026-01-07T15:48:03.498">
  <card-cleaning cardsCleaned="2" bytesTraced="708" workStackOverflowCount="0" />
</gc-op>
<gc-op id="723" type="mark" timems="13.802" contextid="712" timestamp="2026-01-07T15:48:03.512">
  <trace-info objectcount="6847" scancount="5625" scanbytes="215452" />
  <finalization candidates="1572" enqueued="938" />
  <ownableSynchronizers candidates="448" cleared="1" />
  <references type="soft" candidates="6394" cleared="0" enqueued="0" dynamicThreshold="32" maxThreshold="32" />
  <references type="weak" candidates="16222" cleared="399" enqueued="369" />
  <references type="phantom" candidates="6" cleared="0" enqueued="0" />
  <stringconstants candidates="58214" cleared="173"  />
  <object-monitors candidates="46" cleared="8"  />
</gc-op>
<gc-op id="724" type="classunload" timems="0.392" contextid="712" timestamp="2026-01-07T15:48:03.513">
  <classunload-info classloadercandidates="161" classloadersunloaded="0" classesunloaded="0" anonymousclassesunloaded="0" quiescems="0.000" setupms="0.223" scanms="0.120" postms="0.048" />
</gc-op>
<gc-op id="725" type="sweep" timems="4.935" contextid="712" timestamp="2026-01-07T15:48:03.518" />
<heap-resize id="726" type="expand" space="tenure" amount="5767168" count="1" timems="0.200" reason="insufficient free space following gc" timestamp="2026-01-07T15:48:03.518" />
<gc-end id="727" type="global" contextid="712" durationms="28.695" usertimems="34.969" systemtimems="5.259" stalltimems="16.256" timestamp="2026-01-07T15:48:03.519" activeThreads="4">
  <mem-info id="728" free="18852448" total="58195968" percent="32">
    <mem type="nursery" free="5307080" total="13107200" percent="40">
      <mem type="allocate" free="5307080" total="8650752" percent="61" />
      <mem type="survivor" free="0" total="4456448" percent="0" />
    </mem>
    <mem type="tenure" free="13545368" total="45088768" percent="30" micro-fragmented="646714" macro-fragmented="0" />
    <pending-finalizers system="934" default="4" reference="369" classloader="0" />
    <remembered-set count="3962" />
  </mem-info>
</gc-end>
<cycle-end id="729" type="global" contextid="712" timestamp="2026-01-07T15:48:03.519" />
<exclusive-end id="730" timestamp="2026-01-07T15:48:03.519" durationms="29.706" />

<exclusive-start id="731" timestamp="2026-01-07T15:48:03.613" intervalms="123.720">
  <response-info timems="0.030" idlems="0.030" threads="0" lastid="0000000000016800" lastname="main" />
</exclusive-start>
<af-start id="732" threadId="00000000000171A0" totalBytesRequested="54784" timestamp="2026-01-07T15:48:03.613" intervalms="247.512" type="nursery" />
<cycle-start id="733" type="scavenge" contextid="0" timestamp="2026-01-07T15:48:03.613" intervalms="247.508" />
<gc-start id="734" type="scavenge" contextid="733" timestamp="2026-01-07T15:48:03.613">
  <mem-info id="735" free="13741424" total="58195968" percent="23">
    <mem type="nursery" free="326584" total="13107200" percent="2">
      <mem type="allocate" free="326584" total="8650752" percent="3" />
      <mem type="survivor" free="0" total="4456448" percent="0" />
    </mem>
    <mem type="tenure" free="13414840" total="45088768" percent="29" />
    <remembered-set count="5243" />
  </mem-info>
</gc-start>
<allocation-stats totalBytes="5007368" discardedBytes="78696" >
  <allocated-bytes non-tlh="2421000" tlh="2586368" />
  <largest-consumer threadName="main" threadId="0000000000016800" bytes="4991592" />
</allocation-stats>
<gc-op id="736" type="scavenge" timems="1.875" contextid="733" timestamp="2026-01-07T15:48:03.615">
  <scavenger-info tenureage="3" tenuremask="ff88" tiltratio="66" />
  <memory-copied type="nursery" objects="16475" bytes="2311496" bytesdiscarded="192872" />
  <memory-copied type="tenure" objects="34526" bytes="1242424" bytesdiscarded="808" />
  <finalization candidates="714" enqueued="654" />
  <ownableSynchronizers candidates="911" cleared="853" />
  <references type="soft" candidates="380" cleared="0" enqueued="0" dynamicThreshold="9" maxThreshold="32" />
  <references type="weak" candidates="383" cleared="118" enqueued="118" />
  <object-monitors candidates="39" cleared="1"  />
</gc-op>
<gc-end id="737" type="scavenge" contextid="733" durationms="1.957" usertimems="6.699" systemtimems="0.000" stalltimems="0.683" timestamp="2026-01-07T15:48:03.615" activeThreads="4">
  <mem-info id="738" free="18332056" total="58195968" percent="31">
    <mem type="nursery" free="6404520" total="13107200" percent="48">
      <mem type="allocate" free="6404520" total="8912896" percent="71" />
      <mem type="survivor" free="0" total="4194304" percent="0" />
    </mem>
    <mem type="tenure" free="11927536" total="45088768" percent="26" />
    <pending-finalizers system="654" default="0" reference="118" classloader="0" />
    <remembered-set count="4175" />
  </mem-info>
</gc-end>
<cycle-end id="739" type="scavenge" contextid="733" timestamp="2026-01-07T15:48:03.615" />
<allocation-satisfied id="740" threadId="0000000000016800" bytesRequested="54784" />
<af-end id="741" timestamp="2026-01-07T15:48:03.615" threadId="00000000000171A0" success="true" from="nursery"/>
<exclusive-end id="742" timestamp="2026-01-07T15:48:03.615" durationms="2.236" />

<exclusive-start id="743" timestamp="2026-01-07T15:48:03.727" intervalms="113.900">
  <response-info timems="0.021" idlems="0.021" threads="0" lastid="0000000000016800" lastname="main" />
</exclusive-start>
<af-start id="744" threadId="00000000000171A0" totalBytesRequested="17112" timestamp="2026-01-07T15:48:03.727" intervalms="113.900" type="nursery" />
<cycle-start id="745" type="scavenge" contextid="0" timestamp="2026-01-07T15:48:03.727" intervalms="113.899" />
<gc-start id="746" type="scavenge" contextid="745" timestamp="2026-01-07T15:48:03.727">
  <mem-info id="747" free="11768800" total="58195968" percent="20">
    <mem type="nursery" free="0" total="13107200" percent="0">
      <mem type="allocate" free="0" total="8912896" percent="0" />
      <mem type="survivor" free="0" total="4194304" percent="0" />
    </mem>
    <mem type="tenure" free="11768800" total="45088768" percent="26" />
    <remembered-set count="6179" />
  </mem-info>
</gc-start>
<allocation-stats totalBytes="6545984" discardedBytes="15808" >
  <allocated-bytes non-tlh="240264" tlh="6305720" />
  <largest-consumer threadName="main" threadId="0000000000016800" bytes="6509360" />
</allocation-stats>
<gc-op id="748" type="scavenge" timems="1.365" contextid="745" timestamp="2026-01-07T15:48:03.729">
  <scavenger-info tenureage="5" tenuremask="ffe0" tiltratio="68" />
  <memory-copied type="nursery" objects="25229" bytes="3071008" bytesdiscarded="130840" />
  <finalization candidates="911" enqueued="763" />
  <ownableSynchronizers candidates="120" cleared="0" />
  <references type="soft" candidates="408" cleared="0" enqueued="0" dynamicThreshold="9" maxThreshold="32" />
  <references type="weak" candidates="720" cleared="208" enqueued="208" />
  <object-monitors candidates="42" cleared="2"  />
</gc-op>
<gc-end id="749" type="scavenge" contextid="745" durationms="1.451" usertimems="4.721" systemtimems="0.056" stalltimems="0.533" timestamp="2026-01-07T15:48:03.729" activeThreads="4">
  <mem-info id="750" free="17474992" total="58195968" percent="30">
    <mem type="nursery" free="5706192" total="13107200" percent="43">
      <mem type="allocate" free="5706192" total="8912896" percent="64" />
      <mem type="survivor" free="0" total="4194304" percent="0" />
    </mem>
    <mem type="tenure" free="11768800" total="45088768" percent="26" />
    <pending-finalizers system="762" default="1" reference="208" classloader="0" />
    <remembered-set count="4742" />
  </mem-info>
</gc-end>
<cycle-end id="751" type="scavenge" contextid="745" timestamp="2026-01-07T15:48:03.729" />
<allocation-satisfied id="752" threadId="0000000000016800" bytesRequested="17112" />
<af-end id="753" timestamp="2026-01-07T15:48:03.729" threadId="00000000000171A0" success="true" from="nursery"/>
<exclusive-end id="754" timestamp="2026-01-07T15:48:03.729" durationms="1.779" />

<exclusive-start id="755" timestamp="2026-01-07T15:48:03.839" intervalms="112.000">
  <response-info timems="0.018" idlems="0.018" threads="0" lastid="0000000000016800" lastname="main" />
</exclusive-start>
<af-start id="756" threadId="00000000000171A0" totalBytesRequested="3976" timestamp="2026-01-07T15:48:03.839" intervalms="111.998" type="nursery" />
<cycle-start id="757" type="scavenge" contextid="0" timestamp="2026-01-07T15:48:03.839" intervalms="111.997" />
<gc-start id="758" type="scavenge" contextid="757" timestamp="2026-01-07T15:48:03.839">
  <mem-info id="759" free="11298632" total="58195968" percent="19">
    <mem type="nursery" free="0" total="13107200" percent="0">
      <mem type="allocate" free="0" total="8912896" percent="0" />
      <mem type="survivor" free="0" total="4194304" percent="0" />
    </mem>
    <mem type="tenure" free="11298632" total="45088768" percent="25" />
    <remembered-set count="7873" />
  </mem-info>
</gc-start>
<allocation-stats totalBytes="6080832" discardedBytes="80112" >
  <allocated-bytes non-tlh="471864" tlh="5608968" />
  <largest-consumer threadName="main" threadId="0000000000016800" bytes="6060352" />
</allocation-stats>
<gc-op id="760" type="scavenge" timems="1.686" contextid="757" timestamp="2026-01-07T15:48:03.841">
  <scavenger-info tenureage="3" tenuremask="fff8" tiltratio="68" />
  <memory-copied type="nursery" objects="28205" bytes="2202416" bytesdiscarded="155864" />
  <memory-copied type="tenure" objects="6261" bytes="218256" bytesdiscarded="400" />
  <finalization candidates="509" enqueued="306" />
  <ownableSynchronizers candidates="139" cleared="0" />
  <references type="soft" candidates="418" cleared="0" enqueued="0" dynamicThreshold="9" maxThreshold="32" />
  <references type="weak" candidates="700" cleared="180" enqueued="178" />
  <object-monitors candidates="43" cleared="3"  />
</gc-op>
<gc-end id="761" type="scavenge" contextid="757" durationms="1.775" usertimems="4.484" systemtimems="1.020" stalltimems="1.134" timestamp="2026-01-07T15:48:03.841" activeThreads="4">
  <mem-info id="762" free="17849872" total="58195968" percent="30">
    <mem type="nursery" free="6682864" total="13107200" percent="50">
      <mem type="allocate" free="6682864" total="9043968" percent="73" />
      <mem type="survivor" free="0" total="4063232" percent="0" />
    </mem>
    <mem type="tenure" free="11167008" total="45088768" percent="24" />
    <pending-finalizers system="306" default="0" reference="178" classloader="0" />
    <remembered-set count="5965" />
  </mem-info>
</gc-end>
<cycle-end id="763" type="scavenge" contextid="757" timestamp="2026-01-07T15:48:03.841" />
<allocation-satisfied id="764" threadId="0000000000016800" bytesRequested="3976" />
<af-end id="765" timestamp="2026-01-07T15:48:03.841" threadId="00000000000171A0" success="true" from="nursery"/>
<exclusive-end id="766" timestamp="2026-01-07T15:48:03.841" durationms="2.049" />

<exclusive-start id="767" timestamp="2026-01-07T15:48:03.977" intervalms="137.986">
  <response-info timems="0.018" idlems="0.018" threads="0" lastid="0000000000016800" lastname="P=883951:O=0:CT" />
</exclusive-start>
<af-start id="768" threadId="00000000000171A0" totalBytesRequested="22592" timestamp="2026-01-07T15:48:03.977" intervalms="137.990" type="nursery" />
<cycle-start id="769" type="scavenge" contextid="0" timestamp="2026-01-07T15:48:03.977" intervalms="137.998" />
<gc-start id="770" type="scavenge" contextid="769" timestamp="2026-01-07T15:48:03.977">
  <mem-info id="771" free="11026840" total="58195968" percent="18">
    <mem type="nursery" free="0" total="13107200" percent="0">
      <mem type="allocate" free="0" total="9043968" percent="0" />
      <mem type="survivor" free="0" total="4063232" percent="0" />
    </mem>
    <mem type="tenure" free="11026840" total="45088768" percent="24" />
    <remembered-set count="7442" />
  </mem-info>
</gc-start>
<allocation-stats totalBytes="6763320" discardedBytes="30496" >
  <allocated-bytes non-tlh="114928" tlh="6648392" />
  <largest-consumer threadName="P=883951:O=0:CT" threadId="0000000000016800" bytes="6733840" />
</allocation-stats>
<gc-op id="772" type="scavenge" timems="1.825" contextid="769" timestamp="2026-01-07T15:48:03.979">
  <scavenger-info tenureage="3" tenuremask="7e08" tiltratio="69" />
  <memory-copied type="nursery" objects="32837" bytes="2531176" bytesdiscarded="41032" />
  <memory-copied type="tenure" objects="8090" bytes="276640" bytesdiscarded="96" />
  <finalization candidates="783" enqueued="566" />
  <ownableSynchronizers candidates="359" cleared="44" />
  <references type="soft" candidates="290" cleared="0" enqueued="0" dynamicThreshold="9" maxThreshold="32" />
  <references type="weak" candidates="568" cleared="180" enqueued="179" />
  <object-monitors candidates="47" cleared="6"  />
</gc-op>
<gc-end id="773" type="scavenge" contextid="769" durationms="1.913" usertimems="5.928" systemtimems="0.070" stalltimems="1.186" timestamp="2026-01-07T15:48:03.979" activeThreads="4">
  <mem-info id="774" free="17502160" total="58195968" percent="30">
    <mem type="nursery" free="6664488" total="13107200" percent="50">
      <mem type="allocate" free="6664488" total="9240576" percent="72" />
      <mem type="survivor" free="0" total="3866624" percent="0" />
    </mem>
    <mem type="tenure" free="10837672" total="45088768" percent="24" />
    <pending-finalizers system="564" default="2" reference="179" classloader="0" />
    <remembered-set count="5267" />
  </mem-info>
</gc-end>
<cycle-end id="775" type="scavenge" contextid="769" timestamp="2026-01-07T15:48:03.979" />
<allocation-satisfied id="776" threadId="0000000000016800" bytesRequested="22592" />
<af-end id="777" timestamp="2026-01-07T15:48:03.979" threadId="00000000000171A0" success="true" from="nursery"/>
<exclusive-end id="778" timestamp="2026-01-07T15:48:03.979" durationms="2.214" />

<exclusive-start id="779" timestamp="2026-01-07T15:48:04.092" intervalms="114.989">
  <response-info timems="0.020" idlems="0.020" threads="0" lastid="0000000000016800" lastname="P=883951:O=0:CT" />
</exclusive-start>
<af-start id="780" threadId="00000000000171A0" totalBytesRequested="24" timestamp="2026-01-07T15:48:04.092" intervalms="114.987" type="nursery" />
<cycle-start id="781" type="scavenge" contextid="0" timestamp="2026-01-07T15:48:04.092" intervalms="114.979" />
<gc-start id="782" type="scavenge" contextid="781" timestamp="2026-01-07T15:48:04.092">
  <mem-info id="783" free="10590416" total="58195968" percent="18">
    <mem type="nursery" free="0" total="13107200" percent="0">
      <mem type="allocate" free="0" total="9240576" percent="0" />
      <mem type="survivor" free="0" total="3866624" percent="0" />
    </mem>
    <mem type="tenure" free="10590416" total="45088768" percent="23" />
    <remembered-set count="7231" />
  </mem-info>
</gc-start>
<allocation-stats totalBytes="6897744" discardedBytes="1656" >
  <allocated-bytes non-tlh="257504" tlh="6640240" />
  <largest-consumer threadName="P=883951:O=0:CT" threadId="0000000000016800" bytes="6864768" />
</allocation-stats>
<gc-op id="784" type="scavenge" timems="1.518" contextid="781" timestamp="2026-01-07T15:48:04.094">
  <scavenger-info tenureage="3" tenuremask="7e08" tiltratio="70" />
  <memory-copied type="nursery" objects="27352" bytes="2186872" bytesdiscarded="197240" />
  <memory-copied type="tenure" objects="8226" bytes="297696" bytesdiscarded="192" />
  <finalization candidates="505" enqueued="286" />
  <ownableSynchronizers candidates="285" cleared="0" />
  <references type="soft" candidates="315" cleared="0" enqueued="0" dynamicThreshold="9" maxThreshold="32" />
  <references type="weak" candidates="362" cleared="193" enqueued="193" />
  <object-monitors candidates="42" cleared="0"  />
</gc-op>
<gc-end id="785" type="scavenge" contextid="781" durationms="1.600" usertimems="5.379" systemtimems="0.000" stalltimems="0.594" timestamp="2026-01-07T15:48:04.094" activeThreads="4">
  <mem-info id="786" free="17296272" total="58195968" percent="29">
    <mem type="nursery" free="7116144" total="13107200" percent="54">
      <mem type="allocate" free="7116144" total="9502720" percent="74" />
      <mem type="survivor" free="0" total="3604480" percent="0" />
    </mem>
    <mem type="tenure" free="10180128" total="45088768" percent="22" />
    <pending-finalizers system="278" default="8" reference="193" classloader="0" />
    <remembered-set count="4004" />
  </mem-info>
</gc-end>
<cycle-end id="787" type="scavenge" contextid="781" timestamp="2026-01-07T15:48:04.094" />
<allocation-satisfied id="788" threadId="0000000000016800" bytesRequested="24" />
<af-end id="789" timestamp="2026-01-07T15:48:04.094" threadId="00000000000171A0" success="true" from="nursery"/>
<exclusive-end id="790" timestamp="2026-01-07T15:48:04.094" durationms="1.880" />

<exclusive-start id="791" timestamp="2026-01-07T15:48:04.151" intervalms="58.793">
  <response-info timems="0.014" idlems="0.014" threads="0" lastid="0000000000016800" lastname="P=883951:O=0:CT" />
</exclusive-start>
<af-start id="792" threadId="00000000000171A0" totalBytesRequested="31752" timestamp="2026-01-07T15:48:04.151" intervalms="58.779" type="nursery" />
<cycle-start id="793" type="scavenge" contextid="0" timestamp="2026-01-07T15:48:04.151" intervalms="58.766" />
<gc-start id="794" type="scavenge" contextid="793" timestamp="2026-01-07T15:48:04.151">
  <mem-info id="795" free="10164992" total="58195968" percent="17">
    <mem type="nursery" free="0" total="13107200" percent="0">
      <mem type="allocate" free="0" total="9502720" percent="0" />
      <mem type="survivor" free="0" total="3604480" percent="0" />
    </mem>
    <mem type="tenure" free="10164992" total="45088768" percent="22" />
    <remembered-set count="4173" />
  </mem-info>
</gc-start>
<allocation-stats totalBytes="7094120" discardedBytes="35760" >
  <allocated-bytes non-tlh="13760" tlh="7080360" />
  <largest-consumer threadName="P=883951:O=0:CT" threadId="0000000000016800" bytes="7085928" />
</allocation-stats>
<gc-op id="796" type="scavenge" timems="1.161" contextid="793" timestamp="2026-01-07T15:48:04.152">
  <scavenger-info tenureage="3" tenuremask="7e08" tiltratio="72" />
  <memory-copied type="nursery" objects="16507" bytes="888488" bytesdiscarded="146120" />
  <memory-copied type="tenure" objects="10211" bytes="452360" bytesdiscarded="1592" />
  <finalization candidates="131" enqueued="30" />
  <ownableSynchronizers candidates="217" cleared="0" />
  <references type="soft" candidates="216" cleared="0" enqueued="0" dynamicThreshold="9" maxThreshold="32" />
  <references type="weak" candidates="91" cleared="17" enqueued="17" />
  <object-monitors candidates="42" cleared="0"  />
</gc-op>
<gc-end id="797" type="scavenge" contextid="793" durationms="1.232" usertimems="3.941" systemtimems="0.000" stalltimems="0.781" timestamp="2026-01-07T15:48:04.152" activeThreads="4">
  <mem-info id="798" free="18349616" total="58195968" percent="31">
    <mem type="nursery" free="8663648" total="13107200" percent="66">
      <mem type="allocate" free="8663648" total="9699328" percent="89" />
      <mem type="survivor" free="0" total="3407872" percent="0" />
    </mem>
    <mem type="tenure" free="9685968" total="45088768" percent="21" />
    <pending-finalizers system="23" default="7" reference="17" classloader="0" />
    <remembered-set count="2858" />
  </mem-info>
</gc-end>
<cycle-end id="799" type="scavenge" contextid="793" timestamp="2026-01-07T15:48:04.152" />
<allocation-satisfied id="800" threadId="0000000000016800" bytesRequested="31752" />
<af-end id="801" timestamp="2026-01-07T15:48:04.152" threadId="00000000000171A0" success="true" from="nursery"/>
<exclusive-end id="802" timestamp="2026-01-07T15:48:04.152" durationms="1.423" />

<exclusive-start id="803" timestamp="2026-01-07T15:48:04.205" intervalms="54.535">
  <response-info timems="0.023" idlems="0.023" threads="0" lastid="0000000000016800" lastname="P=883951:O=0:CT" />
</exclusive-start>
<af-start id="804" threadId="00000000000171A0" totalBytesRequested="16" timestamp="2026-01-07T15:48:04.205" intervalms="54.539" type="nursery" />
<cycle-start id="805" type="scavenge" contextid="0" timestamp="2026-01-07T15:48:04.205" intervalms="54.544" />
<gc-start id="806" type="scavenge" contextid="805" timestamp="2026-01-07T15:48:04.205">
  <mem-info id="807" free="9683984" total="58195968" percent="16">
    <mem type="nursery" free="0" total="13107200" percent="0">
      <mem type="allocate" free="0" total="9699328" percent="0" />
      <mem type="survivor" free="0" total="3407872" percent="0" />
    </mem>
    <mem type="tenure" free="9683984" total="45088768" percent="21" />
    <remembered-set count="2891" />
  </mem-info>
</gc-start>
<allocation-stats totalBytes="8663056" discardedBytes="2576" >
  <allocated-bytes non-tlh="33736" tlh="8629320" />
  <largest-consumer threadName="P=883951:O=0:CT" threadId="0000000000016800" bytes="8654864" />
</allocation-stats>
<gc-op id="808" type="scavenge" timems="1.319" contextid="805" timestamp="2026-01-07T15:48:04.207">
  <scavenger-info tenureage="3" tenuremask="7c08" tiltratio="74" />
  <memory-copied type="nursery" objects="12977" bytes="2236224" bytesdiscarded="112912" />
  <memory-copied type="tenure" objects="12052" bytes="558456" bytesdiscarded="400" />
  <finalization candidates="882" enqueued="842" />
  <ownableSynchronizers candidates="198" cleared="0" />
  <references type="soft" candidates="59" cleared="0" enqueued="0" dynamicThreshold="9" maxThreshold="32" />
  <references type="weak" candidates="35" cleared="4" enqueued="4" />
  <object-monitors candidates="43" cleared="1"  />
</gc-op>
<gc-end id="809" type="scavenge" contextid="805" durationms="1.393" usertimems="3.973" systemtimems="0.895" stalltimems="1.212" timestamp="2026-01-07T15:48:04.207" activeThreads="4">
  <mem-info id="810" free="16386792" total="58195968" percent="28">
    <mem type="nursery" free="7280840" total="13107200" percent="55">
      <mem type="allocate" free="7280840" total="9633792" percent="75" />
      <mem type="survivor" free="0" total="3473408" percent="0" />
    </mem>
    <mem type="tenure" free="9105952" total="45088768" percent="20" />
    <pending-finalizers system="838" default="4" reference="4" classloader="0" />
    <remembered-set count="746" />
  </mem-info>
</gc-end>
<cycle-end id="811" type="scavenge" contextid="805" timestamp="2026-01-07T15:48:04.207" />
<allocation-satisfied id="812" threadId="0000000000016800" bytesRequested="16" />
<af-end id="813" timestamp="2026-01-07T15:48:04.207" threadId="00000000000171A0" success="true" from="nursery"/>
<exclusive-end id="814" timestamp="2026-01-07T15:48:04.207" durationms="1.615" />

<exclusive-start id="815" timestamp="2026-01-07T15:48:04.315" intervalms="109.704">
  <response-info timems="0.021" idlems="0.021" threads="0" lastid="0000000000016800" lastname="P=883951:O=0:CT" />
</exclusive-start>
<af-start id="816" threadId="00000000000171A0" totalBytesRequested="4472" timestamp="2026-01-07T15:48:04.315" intervalms="109.717" type="nursery" />
<cycle-start id="817" type="scavenge" contextid="0" timestamp="2026-01-07T15:48:04.315" intervalms="109.723" />
<gc-start id="818" type="scavenge" contextid="817" timestamp="2026-01-07T15:48:04.315">
  <mem-info id="819" free="8884728" total="58195968" percent="15">
    <mem type="nursery" free="0" total="13107200" percent="0">
      <mem type="allocate" free="0" total="9633792" percent="0" />
      <mem type="survivor" free="0" total="3473408" percent="0" />
    </mem>
    <mem type="tenure" free="8884728" total="45088768" percent="19" />
    <remembered-set count="3599" />
  </mem-info>
</gc-start>
<allocation-stats totalBytes="7493352" discardedBytes="8712" >
  <allocated-bytes non-tlh="225344" tlh="7268008" />
  <largest-consumer threadName="P=883951:O=0:CT" threadId="0000000000016800" bytes="7231704" />
</allocation-stats>
<gc-op id="820" type="scavenge" timems="1.138" contextid="817" timestamp="2026-01-07T15:48:04.316">
  <scavenger-info tenureage="10" tenuremask="7c00" tiltratio="73" />
  <memory-copied type="nursery" objects="17239" bytes="2783560" bytesdiscarded="99592" />
  <finalization candidates="986" enqueued="967" />
  <ownableSynchronizers candidates="9" cleared="0" />
  <references type="soft" candidates="71" cleared="0" enqueued="0" dynamicThreshold="9" maxThreshold="32" />
  <references type="weak" candidates="65" cleared="20" enqueued="20" />
  <object-monitors candidates="52" cleared="9"  />
</gc-op>
<gc-end id="821" type="scavenge" contextid="817" durationms="1.212" usertimems="3.735" systemtimems="0.125" stalltimems="1.377" timestamp="2026-01-07T15:48:04.316" activeThreads="4">
  <mem-info id="822" free="15498688" total="58195968" percent="26">
    <mem type="nursery" free="6613960" total="13107200" percent="50">
      <mem type="allocate" free="6613960" total="9502720" percent="69" />
      <mem type="survivor" free="0" total="3604480" percent="0" />
    </mem>
    <mem type="tenure" free="8884728" total="45088768" percent="19" />
    <pending-finalizers system="966" default="1" reference="20" classloader="0" />
    <remembered-set count="3431" />
  </mem-info>
</gc-end>
<cycle-end id="823" type="scavenge" contextid="817" timestamp="2026-01-07T15:48:04.316" />
<allocation-satisfied id="824" threadId="0000000000016800" bytesRequested="4472" />
<af-end id="825" timestamp="2026-01-07T15:48:04.316" threadId="00000000000171A0" success="true" from="nursery"/>
<exclusive-end id="826" timestamp="2026-01-07T15:48:04.316" durationms="1.494" />

<exclusive-start id="827" timestamp="2026-01-07T15:48:04.443" intervalms="128.449">
  <response-info timems="0.020" idlems="0.020" threads="0" lastid="0000000000016800" lastname="P=883951:O=0:CT" />
</exclusive-start>
<af-start id="828" threadId="00000000000171A0" totalBytesRequested="16008" timestamp="2026-01-07T15:48:04.443" intervalms="128.445" type="nursery" />
<cycle-start id="829" type="scavenge" contextid="0" timestamp="2026-01-07T15:48:04.444" intervalms="128.448" />
<gc-start id="830" type="scavenge" contextid="829" timestamp="2026-01-07T15:48:04.444">
  <mem-info id="831" free="8730424" total="58195968" percent="15">
    <mem type="nursery" free="0" total="13107200" percent="0">
      <mem type="allocate" free="0" total="9502720" percent="0" />
      <mem type="survivor" free="0" total="3604480" percent="0" />
    </mem>
    <mem type="tenure" free="8730424" total="45088768" percent="19" />
    <remembered-set count="5131" />
  </mem-info>
</gc-start>
<allocation-stats totalBytes="6755784" discardedBytes="12480" >
  <allocated-bytes non-tlh="158776" tlh="6597008" />
  <largest-consumer threadName="P=883951:O=0:CT" threadId="0000000000016800" bytes="6718936" />
</allocation-stats>
<gc-op id="832" type="scavenge" timems="1.166" contextid="829" timestamp="2026-01-07T15:48:04.445">
  <scavenger-info tenureage="10" tenuremask="7c00" tiltratio="72" />
  <memory-copied type="nursery" objects="18057" bytes="2460320" bytesdiscarded="146016" />
  <finalization candidates="679" enqueued="631" />
  <ownableSynchronizers candidates="18" cleared="0" />
  <references type="soft" candidates="151" cleared="0" enqueued="0" dynamicThreshold="9" maxThreshold="32" />
  <references type="weak" candidates="309" cleared="189" enqueued="188" />
  <references type="phantom" candidates="3" cleared="0" enqueued="0" />
  <object-monitors candidates="50" cleared="6"  />
</gc-op>
<gc-end id="833" type="scavenge" contextid="829" durationms="1.254" usertimems="3.561" systemtimems="0.000" stalltimems="0.966" timestamp="2026-01-07T15:48:04.445" activeThreads="4">
  <mem-info id="834" free="15753112" total="58195968" percent="27">
    <mem type="nursery" free="7022688" total="13107200" percent="53">
      <mem type="allocate" free="7022688" total="9633792" percent="72" />
      <mem type="survivor" free="0" total="3473408" percent="0" />
    </mem>
    <mem type="tenure" free="8730424" total="45088768" percent="19" />
    <pending-finalizers system="627" default="4" reference="188" classloader="0" />
    <remembered-set count="5003" />
  </mem-info>
</gc-end>
<cycle-end id="835" type="scavenge" contextid="829" timestamp="2026-01-07T15:48:04.445" />
<allocation-satisfied id="836" threadId="0000000000016800" bytesRequested="16008" />
<af-end id="837" timestamp="2026-01-07T15:48:04.445" threadId="00000000000171A0" success="true" from="nursery"/>
<exclusive-end id="838" timestamp="2026-01-07T15:48:04.445" durationms="1.547" />

<exclusive-start id="839" timestamp="2026-01-07T15:48:04.654" intervalms="210.793">
  <response-info timems="0.026" idlems="0.026" threads="0" lastid="0000000000016800" lastname="P=883951:O=0:CT" />
</exclusive-start>
<af-start id="840" threadId="00000000000171A0" totalBytesRequested="14432" timestamp="2026-01-07T15:48:04.654" intervalms="210.794" type="nursery" />
<cycle-start id="841" type="scavenge" contextid="0" timestamp="2026-01-07T15:48:04.654" intervalms="210.794" />
<gc-start id="842" type="scavenge" contextid="841" timestamp="2026-01-07T15:48:04.654">
  <mem-info id="843" free="8620280" total="58195968" percent="14">
    <mem type="nursery" free="0" total="13107200" percent="0">
      <mem type="allocate" free="0" total="9633792" percent="0" />
      <mem type="survivor" free="0" total="3473408" percent="0" />
    </mem>
    <mem type="tenure" free="8620280" total="45088768" percent="19" />
    <remembered-set count="7571" />
  </mem-info>
</gc-start>
<allocation-stats totalBytes="7089112" discardedBytes="43720" >
  <allocated-bytes non-tlh="134352" tlh="6954760" />
  <largest-consumer threadName="P=883951:O=0:CT" threadId="0000000000016800" bytes="6895856" />
</allocation-stats>
<gc-op id="844" type="scavenge" timems="1.826" contextid="841" timestamp="2026-01-07T15:48:04.656">
  <scavenger-info tenureage="10" tenuremask="7c00" tiltratio="73" />
  <memory-copied type="nursery" objects="34287" bytes="2809552" bytesdiscarded="72560" />
  <finalization candidates="724" enqueued="509" />
  <ownableSynchronizers candidates="42" cleared="0" />
  <references type="soft" candidates="214" cleared="0" enqueued="0" dynamicThreshold="9" maxThreshold="32" />
  <references type="weak" candidates="619" cleared="201" enqueued="196" />
  <references type="phantom" candidates="3" cleared="0" enqueued="0" />
  <object-monitors candidates="52" cleared="1"  />
</gc-op>
<gc-end id="845" type="scavenge" contextid="841" durationms="1.951" usertimems="6.024" systemtimems="0.000" stalltimems="1.204" timestamp="2026-01-07T15:48:04.656" activeThreads="4">
  <mem-info id="846" free="15365424" total="58195968" percent="26">
    <mem type="nursery" free="6745144" total="13107200" percent="51">
      <mem type="allocate" free="6745144" total="9633792" percent="70" />
      <mem type="survivor" free="0" total="3473408" percent="0" />
    </mem>
    <mem type="tenure" free="8620280" total="45088768" percent="19" />
    <pending-finalizers system="508" default="1" reference="196" classloader="0" />
    <remembered-set count="4625" />
  </mem-info>
</gc-end>
<cycle-end id="847" type="scavenge" contextid="841" timestamp="2026-01-07T15:48:04.657" />
<allocation-satisfied id="848" threadId="0000000000016800" bytesRequested="14432" />
<af-end id="849" timestamp="2026-01-07T15:48:04.657" threadId="00000000000171A0" success="true" from="nursery"/>
<exclusive-end id="850" timestamp="2026-01-07T15:48:04.657" durationms="2.309" />

<exclusive-start id="851" timestamp="2026-01-07T15:48:04.852" intervalms="197.316">
  <response-info timems="0.024" idlems="0.024" threads="0" lastid="0000000001DB0500" lastname="DCS Plugin Delivery Thread" />
</exclusive-start>
<af-start id="852" threadId="0000000001DB0EA0" totalBytesRequested="56" timestamp="2026-01-07T15:48:04.852" intervalms="197.317" type="nursery" />
<cycle-start id="853" type="scavenge" contextid="0" timestamp="2026-01-07T15:48:04.852" intervalms="197.329" />
<gc-start id="854" type="scavenge" contextid="853" timestamp="2026-01-07T15:48:04.852">
  <mem-info id="855" free="8559520" total="58195968" percent="14">
    <mem type="nursery" free="0" total="13107200" percent="0">
      <mem type="allocate" free="0" total="9633792" percent="0" />
      <mem type="survivor" free="0" total="3473408" percent="0" />
    </mem>
    <mem type="tenure" free="8559520" total="45088768" percent="18" />
    <remembered-set count="5430" />
  </mem-info>
</gc-start>
<allocation-stats totalBytes="6802280" discardedBytes="3624" >
  <allocated-bytes non-tlh="337344" tlh="6464936" />
  <largest-consumer threadName="P=883951:O=0:CT" threadId="0000000000016800" bytes="6621096" />
</allocation-stats>
<gc-op id="856" type="scavenge" timems="2.503" contextid="853" timestamp="2026-01-07T15:48:04.854">
  <scavenger-info tenureage="10" tenuremask="7c00" tiltratio="73" />
  <memory-copied type="nursery" objects="66535" bytes="3401696" bytesdiscarded="64632" />
  <memory-copied type="tenure" objects="3" bytes="75928" bytesdiscarded="0" />
  <copy-failed type="nursery" objects="3" bytes="75928" />
  <finalization candidates="531" enqueued="321" />
  <ownableSynchronizers candidates="42" cleared="0" />
  <references type="soft" candidates="256" cleared="0" enqueued="0" dynamicThreshold="9" maxThreshold="32" />
  <references type="weak" candidates="664" cleared="68" enqueued="66" />
  <references type="phantom" candidates="3" cleared="0" enqueued="0" />
  <object-monitors candidates="51" cleared="0"  />
</gc-op>
<gc-end id="857" type="scavenge" contextid="853" durationms="2.605" usertimems="7.894" systemtimems="0.137" stalltimems="1.999" timestamp="2026-01-07T15:48:04.854" activeThreads="4">
  <mem-info id="858" free="13608792" total="58195968" percent="23">
    <mem type="nursery" free="5111808" total="13107200" percent="39">
      <mem type="allocate" free="5111808" total="8585216" percent="59" />
      <mem type="survivor" free="0" total="4521984" percent="0" />
    </mem>
    <mem type="tenure" free="8496984" total="45088768" percent="18" />
    <pending-finalizers system="321" default="0" reference="66" classloader="0" />
    <remembered-set count="4294" />
  </mem-info>
</gc-end>
<cycle-end id="859" type="scavenge" contextid="853" timestamp="2026-01-07T15:48:04.855" />
<allocation-satisfied id="860" threadId="0000000001DB0500" bytesRequested="56" />
<af-end id="861" timestamp="2026-01-07T15:48:04.855" threadId="0000000001DB0EA0" success="true" from="nursery"/>
<exclusive-end id="862" timestamp="2026-01-07T15:48:04.855" durationms="2.971" />

<exclusive-start id="863" timestamp="2026-01-07T15:48:04.979" intervalms="127.223">
  <response-info timems="0.024" idlems="0.024" threads="0" lastid="0000000000016800" lastname="P=883951:O=0:CT" />
</exclusive-start>
<af-start id="864" threadId="00000000000171A0" totalBytesRequested="24" timestamp="2026-01-07T15:48:04.979" intervalms="127.224" type="nursery" />
<cycle-start id="865" type="scavenge" contextid="0" timestamp="2026-01-07T15:48:04.979" intervalms="127.215" />
<gc-start id="866" type="scavenge" contextid="865" timestamp="2026-01-07T15:48:04.979">
  <mem-info id="867" free="8465264" total="58195968" percent="14">
    <mem type="nursery" free="0" total="13107200" percent="0">
      <mem type="allocate" free="0" total="8585216" percent="0" />
      <mem type="survivor" free="0" total="4521984" percent="0" />
    </mem>
    <mem type="tenure" free="8465264" total="45088768" percent="18" />
    <remembered-set count="4713" />
  </mem-info>
</gc-start>
<allocation-stats totalBytes="5140848" discardedBytes="2680" >
  <allocated-bytes non-tlh="49248" tlh="5091600" />
  <largest-consumer threadName="P=883951:O=0:CT" threadId="0000000000016800" bytes="5013408" />
</allocation-stats>
<gc-op id="868" type="scavenge" timems="2.819" contextid="865" timestamp="2026-01-07T15:48:04.982">
  <scavenger-info tenureage="9" tenuremask="7e00" tiltratio="65" />
  <memory-copied type="nursery" objects="86396" bytes="3573160" bytesdiscarded="116288" />
  <finalization candidates="342" enqueued="136" />
  <ownableSynchronizers candidates="43" cleared="0" />
  <references type="soft" candidates="260" cleared="0" enqueued="0" dynamicThreshold="9" maxThreshold="32" />
  <references type="weak" candidates="981" cleared="48" enqueued="43" />
  <references type="phantom" candidates="3" cleared="0" enqueued="0" />
  <object-monitors candidates="54" cleared="1"  />
</gc-op>
<gc-end id="869" type="scavenge" contextid="865" durationms="2.924" usertimems="8.687" systemtimems="0.828" stalltimems="1.634" timestamp="2026-01-07T15:48:04.982" activeThreads="4">
  <mem-info id="870" free="13746080" total="58195968" percent="23">
    <mem type="nursery" free="5280816" total="13107200" percent="40">
      <mem type="allocate" free="5280816" total="8978432" percent="58" />
      <mem type="survivor" free="0" total="4128768" percent="0" />
    </mem>
    <mem type="tenure" free="8465264" total="45088768" percent="18" />
    <pending-finalizers system="136" default="0" reference="43" classloader="0" />
    <remembered-set count="3578" />
  </mem-info>
</gc-end>
<cycle-end id="871" type="scavenge" contextid="865" timestamp="2026-01-07T15:48:04.982" />
<allocation-satisfied id="872" threadId="0000000000016800" bytesRequested="24" />
<af-end id="873" timestamp="2026-01-07T15:48:04.982" threadId="00000000000171A0" success="true" from="nursery"/>
<exclusive-end id="874" timestamp="2026-01-07T15:48:04.982" durationms="3.245" />

<exclusive-start id="875" timestamp="2026-01-07T15:48:05.122" intervalms="143.028">
  <response-info timems="0.027" idlems="0.027" threads="0" lastid="0000000000016800" lastname="P=883951:O=0:CT" />
</exclusive-start>
<af-start id="876" threadId="00000000000171A0" totalBytesRequested="5592" timestamp="2026-01-07T15:48:05.122" intervalms="143.024" type="nursery" />
<cycle-start id="877" type="scavenge" contextid="0" timestamp="2026-01-07T15:48:05.122" intervalms="143.024" />
<gc-start id="878" type="scavenge" contextid="877" timestamp="2026-01-07T15:48:05.122">
  <mem-info id="879" free="8352736" total="58195968" percent="14">
    <mem type="nursery" free="0" total="13107200" percent="0">
      <mem type="allocate" free="0" total="8978432" percent="0" />
      <mem type="survivor" free="0" total="4128768" percent="0" />
    </mem>
    <mem type="tenure" free="8352736" total="45088768" percent="18" />
    <remembered-set count="4926" />
  </mem-info>
</gc-start>
<allocation-stats totalBytes="5382864" discardedBytes="10480" >
  <allocated-bytes non-tlh="112552" tlh="5270312" />
  <largest-consumer threadName="P=883951:O=0:CT" threadId="0000000000016800" bytes="5346016" />
</allocation-stats>
<gc-op id="880" type="scavenge" timems="2.957" contextid="877" timestamp="2026-01-07T15:48:05.125">
  <scavenger-info tenureage="8" tenuremask="7f00" tiltratio="68" />
  <memory-copied type="nursery" objects="86330" bytes="4083440" bytesdiscarded="37920" />
  <memory-copied type="tenure" objects="3618" bytes="287472" bytesdiscarded="344" />
  <copy-failed type="nursery" objects="44" bytes="151544" />
  <finalization candidates="638" enqueued="418" />
  <ownableSynchronizers candidates="70" cleared="0" />
  <references type="soft" candidates="244" cleared="0" enqueued="0" dynamicThreshold="9" maxThreshold="32" />
  <references type="weak" candidates="1108" cleared="589" enqueued="584" />
  <references type="phantom" candidates="3" cleared="0" enqueued="0" />
  <object-monitors candidates="60" cleared="5"  />
</gc-op>
<gc-end id="881" type="scavenge" contextid="877" durationms="3.057" usertimems="10.525" systemtimems="0.000" stalltimems="1.702" timestamp="2026-01-07T15:48:05.125" activeThreads="4">
  <mem-info id="882" free="11772208" total="58195968" percent="20">
    <mem type="nursery" free="3670016" total="13107200" percent="28">
      <mem type="allocate" free="3670016" total="7798784" percent="47" />
      <mem type="survivor" free="0" total="5308416" percent="0" />
    </mem>
    <mem type="tenure" free="8102192" total="45088768" percent="17" />
    <pending-finalizers system="418" default="0" reference="584" classloader="0" />
    <remembered-set count="3897" />
  </mem-info>
</gc-end>
<cycle-end id="883" type="scavenge" contextid="877" timestamp="2026-01-07T15:48:05.125" />
<allocation-satisfied id="884" threadId="0000000000016800" bytesRequested="5592" />
<af-end id="885" timestamp="2026-01-07T15:48:05.125" threadId="00000000000171A0" success="true" from="nursery"/>
<exclusive-end id="886" timestamp="2026-01-07T15:48:05.125" durationms="3.376" />

<exclusive-start id="887" timestamp="2026-01-07T15:48:05.142" intervalms="20.155">
  <response-info timems="0.019" idlems="0.019" threads="0" lastid="0000000000016800" lastname="P=883951:O=0:CT" />
</exclusive-start>
<af-start id="888" threadId="00000000000171A0" totalBytesRequested="144" timestamp="2026-01-07T15:48:05.142" intervalms="20.154" type="nursery" />
<cycle-start id="889" type="scavenge" contextid="0" timestamp="2026-01-07T15:48:05.142" intervalms="20.148" />
<gc-start id="890" type="scavenge" contextid="889" timestamp="2026-01-07T15:48:05.142">
  <mem-info id="891" free="8099936" total="58195968" percent="13">
    <mem type="nursery" free="0" total="13107200" percent="0">
      <mem type="allocate" free="0" total="7798784" percent="0" />
      <mem type="survivor" free="0" total="5308416" percent="0" />
    </mem>
    <mem type="tenure" free="8099936" total="45088768" percent="17" />
    <remembered-set count="3935" />
  </mem-info>
</gc-start>
<allocation-stats totalBytes="3669952" discardedBytes="2320" >
  <allocated-bytes non-tlh="7848" tlh="3662104" />
  <largest-consumer threadName="P=883951:O=0:CT" threadId="0000000000016800" bytes="3646776" />
</allocation-stats>
<gc-op id="892" type="scavenge" timems="4.985" contextid="889" timestamp="2026-01-07T15:48:05.147">
  <scavenger-info tenureage="4" tenuremask="7fb0" tiltratio="59" />
  <memory-copied type="nursery" objects="60882" bytes="2345840" bytesdiscarded="96624" />
  <memory-copied type="tenure" objects="24341" bytes="960152" bytesdiscarded="464" />
  <finalization candidates="231" enqueued="16" />
  <ownableSynchronizers candidates="67" cleared="0" />
  <references type="soft" candidates="97" cleared="0" enqueued="0" dynamicThreshold="9" maxThreshold="32" />
  <references type="weak" candidates="162" cleared="4" enqueued="4" />
  <object-monitors candidates="56" cleared="0"  />
</gc-op>
<heap-resize id="893" type="expand" space="nursery" amount="1572864" count="1" timems="0.570" reason="excessive time being spent scavenging" timestamp="2026-01-07T15:48:05.148" />
<gc-end id="894" type="scavenge" contextid="889" durationms="5.681" usertimems="16.122" systemtimems="1.003" stalltimems="9.591" timestamp="2026-01-07T15:48:05.148" activeThreads="4">
  <mem-info id="895" free="13530824" total="59768832" percent="22">
    <mem type="nursery" free="6402520" total="14680064" percent="43">
      <mem type="allocate" free="6402520" total="8847360" percent="72" />
      <mem type="survivor" free="0" total="5832704" percent="0" />
    </mem>
    <mem type="tenure" free="7128304" total="45088768" percent="15" />
    <pending-finalizers system="14" default="2" reference="4" classloader="0" />
    <remembered-set count="2161" />
  </mem-info>
</gc-end>
<cycle-end id="896" type="scavenge" contextid="889" timestamp="2026-01-07T15:48:05.148" />
<allocation-satisfied id="897" threadId="0000000000016800" bytesRequested="144" />
<af-end id="898" timestamp="2026-01-07T15:48:05.148" threadId="00000000000171A0" success="true" from="nursery"/>
<exclusive-end id="899" timestamp="2026-01-07T15:48:05.148" durationms="5.973" />

<exclusive-start id="900" timestamp="2026-01-07T15:48:05.167" intervalms="25.475">
  <response-info timems="0.024" idlems="0.024" threads="0" lastid="0000000000016800" lastname="P=883951:O=0:CT" />
</exclusive-start>
<af-start id="901" threadId="00000000000171A0" totalBytesRequested="56" timestamp="2026-01-07T15:48:05.167" intervalms="25.472" type="nursery" />
<cycle-start id="902" type="scavenge" contextid="0" timestamp="2026-01-07T15:48:05.168" intervalms="25.473" />
<gc-start id="903" type="scavenge" contextid="902" timestamp="2026-01-07T15:48:05.168">
  <mem-info id="904" free="7128304" total="59768832" percent="11">
    <mem type="nursery" free="0" total="14680064" percent="0">
      <mem type="allocate" free="0" total="8847360" percent="0" />
      <mem type="survivor" free="0" total="5832704" percent="0" />
    </mem>
    <mem type="tenure" free="7128304" total="45088768" percent="15" />
    <remembered-set count="2161" />
  </mem-info>
</gc-start>
<allocation-stats totalBytes="6401032" discardedBytes="1488" >
  <allocated-bytes non-tlh="144" tlh="6400888" />
  <largest-consumer threadName="P=883951:O=0:CT" threadId="0000000000016800" bytes="6401032" />
</allocation-stats>
<gc-op id="905" type="scavenge" timems="2.533" contextid="902" timestamp="2026-01-07T15:48:05.170">
  <scavenger-info tenureage="4" tenuremask="7f90" tiltratio="60" />
  <memory-copied type="nursery" objects="26352" bytes="1011120" bytesdiscarded="186864" />
  <memory-copied type="tenure" objects="34480" bytes="1264648" bytesdiscarded="1096" />
  <finalization candidates="32" enqueued="0" />
  <ownableSynchronizers candidates="34" cleared="0" />
  <references type="soft" candidates="43" cleared="0" enqueued="0" dynamicThreshold="9" maxThreshold="32" />
  <references type="weak" candidates="130" cleared="0" enqueued="0" />
  <object-monitors candidates="56" cleared="0"  />
</gc-op>
<heap-resize id="906" type="expand" space="nursery" amount="786432" count="1" timems="0.220" reason="excessive time being spent scavenging" timestamp="2026-01-07T15:48:05.170" />
<gc-end id="907" type="scavenge" contextid="902" durationms="2.844" usertimems="6.972" systemtimems="0.000" stalltimems="2.271" timestamp="2026-01-07T15:48:05.170" activeThreads="4">
  <mem-info id="908" free="15212360" total="60555264" percent="25">
    <mem type="nursery" free="9352448" total="15466496" percent="60">
      <mem type="allocate" free="9352448" total="10551296" percent="88" />
      <mem type="survivor" free="0" total="4915200" percent="0" />
    </mem>
    <mem type="tenure" free="5859912" total="45088768" percent="12" />
    <remembered-set count="1033" />
  </mem-info>
</gc-end>
<cycle-end id="909" type="scavenge" contextid="902" timestamp="2026-01-07T15:48:05.170" />
<allocation-satisfied id="910" threadId="0000000000016800" bytesRequested="56" />
<af-end id="911" timestamp="2026-01-07T15:48:05.170" threadId="00000000000171A0" success="true" from="nursery"/>
<exclusive-end id="912" timestamp="2026-01-07T15:48:05.170" durationms="3.039" />

<exclusive-start id="913" timestamp="2026-01-07T15:48:05.200" intervalms="32.680">
  <response-info timems="0.024" idlems="0.024" threads="0" lastid="0000000000016800" lastname="P=883951:O=0:CT" />
</exclusive-start>
<af-start id="914" threadId="00000000000171A0" totalBytesRequested="56" timestamp="2026-01-07T15:48:05.200" intervalms="32.678" type="nursery" />
<cycle-start id="915" type="scavenge" contextid="0" timestamp="2026-01-07T15:48:05.200" intervalms="32.668" />
<gc-start id="916" type="scavenge" contextid="915" timestamp="2026-01-07T15:48:05.200">
  <mem-info id="917" free="5859912" total="60555264" percent="9">
    <mem type="nursery" free="0" total="15466496" percent="0">
      <mem type="allocate" free="0" total="10551296" percent="0" />
      <mem type="survivor" free="0" total="4915200" percent="0" />
    </mem>
    <mem type="tenure" free="5859912" total="45088768" percent="12" />
    <remembered-set count="1033" />
  </mem-info>
</gc-start>
<allocation-stats totalBytes="9350432" discardedBytes="2016" >
  <allocated-bytes non-tlh="56" tlh="9350376" />
  <largest-consumer threadName="P=883951:O=0:CT" threadId="0000000000016800" bytes="9350432" />
</allocation-stats>
<gc-op id="918" type="scavenge" timems="1.171" contextid="915" timestamp="2026-01-07T15:48:05.201">
  <scavenger-info tenureage="4" tenuremask="7f10" tiltratio="68" />
  <memory-copied type="nursery" objects="13666" bytes="528008" bytesdiscarded="121480" />
  <memory-copied type="tenure" objects="12688" bytes="483240" bytesdiscarded="248" />
  <finalization candidates="17" enqueued="0" />
  <ownableSynchronizers candidates="28" cleared="0" />
  <references type="soft" candidates="39" cleared="0" enqueued="0" dynamicThreshold="9" maxThreshold="32" />
  <references type="weak" candidates="108" cleared="0" enqueued="0" />
  <object-monitors candidates="56" cleared="0"  />
</gc-op>
<gc-end id="919" type="scavenge" contextid="915" durationms="1.232" usertimems="2.910" systemtimems="1.120" stalltimems="1.264" timestamp="2026-01-07T15:48:05.201" activeThreads="4">
  <mem-info id="920" free="16370288" total="60555264" percent="27">
    <mem type="nursery" free="10884344" total="15466496" percent="70">
      <mem type="allocate" free="10884344" total="11534336" percent="94" />
      <mem type="survivor" free="0" total="3932160" percent="0" />
    </mem>
    <mem type="tenure" free="5485944" total="45088768" percent="12" />
    <remembered-set count="742" />
  </mem-info>
</gc-end>
<cycle-end id="921" type="scavenge" contextid="915" timestamp="2026-01-07T15:48:05.202" />
<allocation-satisfied id="922" threadId="0000000000016800" bytesRequested="56" />
<af-end id="923" timestamp="2026-01-07T15:48:05.202" threadId="00000000000171A0" success="true" from="nursery"/>
<exclusive-end id="924" timestamp="2026-01-07T15:48:05.202" durationms="1.434" />

<exclusive-start id="925" timestamp="2026-01-07T15:48:05.287" intervalms="86.534">
  <response-info timems="0.023" idlems="0.023" threads="0" lastid="0000000000016800" lastname="P=883951:O=0:CT" />
</exclusive-start>
<af-start id="926" threadId="00000000000171A0" totalBytesRequested="8200" timestamp="2026-01-07T15:48:05.287" intervalms="86.545" type="nursery" />
<cycle-start id="927" type="scavenge" contextid="0" timestamp="2026-01-07T15:48:05.287" intervalms="86.567" />
<gc-start id="928" type="scavenge" contextid="927" timestamp="2026-01-07T15:48:05.287">
  <mem-info id="929" free="5440712" total="60555264" percent="8">
    <mem type="nursery" free="0" total="15466496" percent="0">
      <mem type="allocate" free="0" total="11534336" percent="0" />
      <mem type="survivor" free="0" total="3932160" percent="0" />
    </mem>
    <mem type="tenure" free="5440712" total="45088768" percent="12" />
    <remembered-set count="1418" />
  </mem-info>
</gc-start>
<allocation-stats totalBytes="10869656" discardedBytes="59920" >
  <allocated-bytes non-tlh="45288" tlh="10824368" />
  <largest-consumer threadName="P=883951:O=0:CT" threadId="0000000000016800" bytes="10869656" />
</allocation-stats>
<gc-op id="930" type="scavenge" timems="1.232" contextid="927" timestamp="2026-01-07T15:48:05.288">
  <scavenger-info tenureage="4" tenuremask="7e10" tiltratio="74" />
  <memory-copied type="nursery" objects="11094" bytes="2883776" bytesdiscarded="89664" />
  <memory-copied type="tenure" objects="13458" bytes="516384" bytesdiscarded="120" />
  <finalization candidates="928" enqueued="906" />
  <ownableSynchronizers candidates="27" cleared="0" />
  <references type="soft" candidates="40" cleared="0" enqueued="0" dynamicThreshold="9" maxThreshold="32" />
  <references type="weak" candidates="125" cleared="74" enqueued="69" />
  <object-monitors candidates="57" cleared="1"  />
</gc-op>
<gc-end id="931" type="scavenge" contextid="927" durationms="1.315" usertimems="3.573" systemtimems="0.180" stalltimems="1.085" timestamp="2026-01-07T15:48:05.288" activeThreads="4">
  <mem-info id="932" free="12029920" total="60555264" percent="19">
    <mem type="nursery" free="7115304" total="15466496" percent="46">
      <mem type="allocate" free="7115304" total="10092544" percent="70" />
      <mem type="survivor" free="0" total="5373952" percent="0" />
    </mem>
    <mem type="tenure" free="4914616" total="45088768" percent="10" />
    <pending-finalizers system="905" default="1" reference="69" classloader="0" />
    <remembered-set count="880" />
  </mem-info>
</gc-end>
<cycle-end id="933" type="scavenge" contextid="927" timestamp="2026-01-07T15:48:05.288" />
<allocation-satisfied id="934" threadId="0000000000016800" bytesRequested="8200" />
<af-end id="935" timestamp="2026-01-07T15:48:05.288" threadId="00000000000171A0" success="true" from="nursery"/>
<exclusive-end id="936" timestamp="2026-01-07T15:48:05.288" durationms="1.621" />

<exclusive-start id="937" timestamp="2026-01-07T15:48:05.379" intervalms="92.087">
  <response-info timems="0.017" idlems="0.017" threads="0" lastid="0000000000016800" lastname="P=883951:O=0:CT" />
</exclusive-start>
<af-start id="938" threadId="00000000000171A0" totalBytesRequested="24" timestamp="2026-01-07T15:48:05.379" intervalms="92.074" type="nursery" />
<cycle-start id="939" type="scavenge" contextid="0" timestamp="2026-01-07T15:48:05.379" intervalms="92.055" />
<gc-start id="940" type="scavenge" contextid="939" timestamp="2026-01-07T15:48:05.379">
  <mem-info id="941" free="4914168" total="60555264" percent="8">
    <mem type="nursery" free="0" total="15466496" percent="0">
      <mem type="allocate" free="0" total="10092544" percent="0" />
      <mem type="survivor" free="0" total="5373952" percent="0" />
    </mem>
    <mem type="tenure" free="4914168" total="45088768" percent="10" />
    <remembered-set count="894" />
  </mem-info>
</gc-start>
<allocation-stats totalBytes="7115208" discardedBytes="544" >
  <allocated-bytes non-tlh="8648" tlh="7106560" />
  <largest-consumer threadName="P=883951:O=0:CT" threadId="0000000000016800" bytes="7111112" />
</allocation-stats>
<gc-op id="942" type="scavenge" timems="0.635" contextid="939" timestamp="2026-01-07T15:48:05.380">
  <scavenger-info tenureage="9" tenuremask="7e00" tiltratio="65" />
  <memory-copied type="nursery" objects="9619" bytes="857736" bytesdiscarded="118360" />
  <finalization candidates="203" enqueued="199" />
  <references type="soft" candidates="39" cleared="0" enqueued="0" dynamicThreshold="9" maxThreshold="32" />
  <references type="weak" candidates="51" cleared="1" enqueued="1" />
  <object-monitors candidates="56" cleared="0"  />
</gc-op>
<gc-end id="943" type="scavenge" contextid="939" durationms="0.695" usertimems="1.535" systemtimems="0.107" stalltimems="0.807" timestamp="2026-01-07T15:48:05.380" activeThreads="4">
  <mem-info id="944" free="14488448" total="60555264" percent="23">
    <mem type="nursery" free="9574280" total="15466496" percent="61">
      <mem type="allocate" free="9574280" total="10551296" percent="90" />
      <mem type="survivor" free="0" total="4915200" percent="0" />
    </mem>
    <mem type="tenure" free="4914168" total="45088768" percent="10" />
    <pending-finalizers system="194" default="5" reference="1" classloader="0" />
    <remembered-set count="885" />
  </mem-info>
</gc-end>
<cycle-end id="945" type="scavenge" contextid="939" timestamp="2026-01-07T15:48:05.380" />
<allocation-satisfied id="946" threadId="0000000000016800" bytesRequested="24" />
<af-end id="947" timestamp="2026-01-07T15:48:05.380" threadId="00000000000171A0" success="true" from="nursery"/>
<exclusive-end id="948" timestamp="2026-01-07T15:48:05.380" durationms="0.903" />

<exclusive-start id="949" timestamp="2026-01-07T15:48:05.449" intervalms="69.966">
  <response-info timems="0.012" idlems="0.012" threads="0" lastid="0000000000016800" lastname="P=883951:O=0:CT" />
</exclusive-start>
<af-start id="950" threadId="00000000000171A0" totalBytesRequested="72" timestamp="2026-01-07T15:48:05.449" intervalms="69.959" type="nursery" />
<cycle-start id="951" type="scavenge" contextid="0" timestamp="2026-01-07T15:48:05.449" intervalms="69.945" />
<gc-start id="952" type="scavenge" contextid="951" timestamp="2026-01-07T15:48:05.449">
  <mem-info id="953" free="4914168" total="60555264" percent="8">
    <mem type="nursery" free="0" total="15466496" percent="0">
      <mem type="allocate" free="0" total="10551296" percent="0" />
      <mem type="survivor" free="0" total="4915200" percent="0" />
    </mem>
    <mem type="tenure" free="4914168" total="45088768" percent="10" />
    <remembered-set count="887" />
  </mem-info>
</gc-start>
<allocation-stats totalBytes="9573016" discardedBytes="1264" >
  <allocated-bytes non-tlh="24" tlh="9572992" />
  <largest-consumer threadName="P=883951:O=0:CT" threadId="0000000000016800" bytes="9568920" />
</allocation-stats>
<gc-op id="954" type="scavenge" timems="0.397" contextid="951" timestamp="2026-01-07T15:48:05.449">
  <scavenger-info tenureage="10" tenuremask="7c00" tiltratio="68" />
  <memory-copied type="nursery" objects="1041" bytes="49856" bytesdiscarded="106664" />
  <finalization candidates="4" enqueued="0" />
  <references type="soft" candidates="39" cleared="0" enqueued="0" dynamicThreshold="9" maxThreshold="32" />
  <references type="weak" candidates="50" cleared="0" enqueued="0" />
  <object-monitors candidates="56" cleared="0"  />
</gc-op>
<gc-end id="955" type="scavenge" contextid="951" durationms="0.444" usertimems="0.767" systemtimems="0.054" stalltimems="0.716" timestamp="2026-01-07T15:48:05.449" activeThreads="4">
  <mem-info id="956" free="16095224" total="60555264" percent="26">
    <mem type="nursery" free="11181056" total="15466496" percent="72">
      <mem type="allocate" free="11181056" total="11337728" percent="98" />
      <mem type="survivor" free="0" total="4128768" percent="0" />
    </mem>
    <mem type="tenure" free="4914168" total="45088768" percent="10" />
    <remembered-set count="369" />
  </mem-info>
</gc-end>
<cycle-end id="957" type="scavenge" contextid="951" timestamp="2026-01-07T15:48:05.449" />
<allocation-satisfied id="958" threadId="0000000000016800" bytesRequested="72" />
<af-end id="959" timestamp="2026-01-07T15:48:05.449" threadId="00000000000171A0" success="true" from="nursery"/>
<exclusive-end id="960" timestamp="2026-01-07T15:48:05.449" durationms="0.581" />

<exclusive-start id="961" timestamp="2026-01-07T15:48:05.505" intervalms="56.434">
  <response-info timems="0.010" idlems="0.010" threads="0" lastid="0000000000016800" lastname="P=883951:O=0:CT" />
</exclusive-start>
<af-start id="962" threadId="00000000000171A0" totalBytesRequested="72" timestamp="2026-01-07T15:48:05.505" intervalms="56.429" type="nursery" />
<cycle-start id="963" type="scavenge" contextid="0" timestamp="2026-01-07T15:48:05.505" intervalms="56.424" />
<gc-start id="964" type="scavenge" contextid="963" timestamp="2026-01-07T15:48:05.505">
  <mem-info id="965" free="4914168" total="60555264" percent="8">
    <mem type="nursery" free="0" total="15466496" percent="0">
      <mem type="allocate" free="0" total="11337728" percent="0" />
      <mem type="survivor" free="0" total="4128768" percent="0" />
    </mem>
    <mem type="tenure" free="4914168" total="45088768" percent="10" />
    <remembered-set count="369" />
  </mem-info>
</gc-start>
<allocation-stats totalBytes="11179632" discardedBytes="1424" >
  <allocated-bytes non-tlh="72" tlh="11179560" />
  <largest-consumer threadName="P=883951:O=0:CT" threadId="0000000000016800" bytes="11179632" />
</allocation-stats>
<gc-op id="966" type="scavenge" timems="0.447" contextid="963" timestamp="2026-01-07T15:48:05.506">
  <scavenger-info tenureage="11" tenuremask="7800" tiltratio="73" />
  <memory-copied type="nursery" objects="1044" bytes="49936" bytesdiscarded="237912" />
  <finalization candidates="4" enqueued="0" />
  <references type="soft" candidates="39" cleared="0" enqueued="0" dynamicThreshold="9" maxThreshold="32" />
  <references type="weak" candidates="50" cleared="0" enqueued="0" />
  <object-monitors candidates="56" cleared="0"  />
</gc-op>
<gc-end id="967" type="scavenge" contextid="963" durationms="0.499" usertimems="0.765" systemtimems="0.000" stalltimems="0.911" timestamp="2026-01-07T15:48:05.506" activeThreads="4">
  <mem-info id="968" free="16815864" total="60555264" percent="27">
    <mem type="nursery" free="11901696" total="15466496" percent="76">
      <mem type="allocate" free="11901696" total="12189696" percent="97" />
      <mem type="survivor" free="0" total="3276800" percent="0" />
    </mem>
    <mem type="tenure" free="4914168" total="45088768" percent="10" />
    <remembered-set count="365" />
  </mem-info>
</gc-end>
<cycle-end id="969" type="scavenge" contextid="963" timestamp="2026-01-07T15:48:05.506" />
<allocation-satisfied id="970" threadId="0000000000016800" bytesRequested="72" />
<af-end id="971" timestamp="2026-01-07T15:48:05.506" threadId="00000000000171A0" success="true" from="nursery"/>
<exclusive-end id="972" timestamp="2026-01-07T15:48:05.506" durationms="0.617" />

<exclusive-start id="973" timestamp="2026-01-07T15:48:05.564" intervalms="58.691">
  <response-info timems="0.010" idlems="0.010" threads="0" lastid="0000000000016800" lastname="P=883951:O=0:CT" />
</exclusive-start>
<af-start id="974" threadId="00000000000171A0" totalBytesRequested="72" timestamp="2026-01-07T15:48:05.564" intervalms="58.694" type="nursery" />
<cycle-start id="975" type="scavenge" contextid="0" timestamp="2026-01-07T15:48:05.564" intervalms="58.693" />
<gc-start id="976" type="scavenge" contextid="975" timestamp="2026-01-07T15:48:05.564">
  <mem-info id="977" free="4914168" total="60555264" percent="8">
    <mem type="nursery" free="0" total="15466496" percent="0">
      <mem type="allocate" free="0" total="12189696" percent="0" />
      <mem type="survivor" free="0" total="3276800" percent="0" />
    </mem>
    <mem type="tenure" free="4914168" total="45088768" percent="10" />
    <remembered-set count="365" />
  </mem-info>
</gc-start>
<allocation-stats totalBytes="11900256" discardedBytes="1440" >
  <allocated-bytes non-tlh="72" tlh="11900184" />
  <largest-consumer threadName="P=883951:O=0:CT" threadId="0000000000016800" bytes="11900256" />
</allocation-stats>
<gc-op id="978" type="scavenge" timems="0.421" contextid="975" timestamp="2026-01-07T15:48:05.564">
  <scavenger-info tenureage="12" tenuremask="7000" tiltratio="78" />
  <memory-copied type="nursery" objects="1044" bytes="49936" bytesdiscarded="299352" />
  <finalization candidates="4" enqueued="0" />
  <references type="soft" candidates="39" cleared="0" enqueued="0" dynamicThreshold="9" maxThreshold="32" />
  <references type="weak" candidates="50" cleared="0" enqueued="0" />
  <object-monitors candidates="56" cleared="0"  />
</gc-op>
<gc-end id="979" type="scavenge" contextid="975" durationms="0.460" usertimems="0.646" systemtimems="0.038" stalltimems="0.899" timestamp="2026-01-07T15:48:05.564" activeThreads="4">
  <mem-info id="980" free="17344248" total="60555264" percent="28">
    <mem type="nursery" free="12430080" total="15466496" percent="80">
      <mem type="allocate" free="12430080" total="12779520" percent="97" />
      <mem type="survivor" free="0" total="2686976" percent="0" />
    </mem>
    <mem type="tenure" free="4914168" total="45088768" percent="10" />
    <remembered-set count="365" />
  </mem-info>
</gc-end>
<cycle-end id="981" type="scavenge" contextid="975" timestamp="2026-01-07T15:48:05.564" />
<allocation-satisfied id="982" threadId="0000000000016800" bytesRequested="72" />
<af-end id="983" timestamp="2026-01-07T15:48:05.564" threadId="00000000000171A0" success="true" from="nursery"/>
<exclusive-end id="984" timestamp="2026-01-07T15:48:05.564" durationms="0.574" />

<exclusive-start id="985" timestamp="2026-01-07T15:48:05.640" intervalms="75.709">
  <response-info timems="0.033" idlems="0.033" threads="0" lastid="0000000000016800" lastname="P=883951:O=0:CT" />
</exclusive-start>
<af-start id="986" threadId="00000000000171A0" totalBytesRequested="72" timestamp="2026-01-07T15:48:05.640" intervalms="75.740" type="nursery" />
<cycle-start id="987" type="scavenge" contextid="0" timestamp="2026-01-07T15:48:05.640" intervalms="75.790" />
<gc-start id="988" type="scavenge" contextid="987" timestamp="2026-01-07T15:48:05.640">
  <mem-info id="989" free="4904464" total="60555264" percent="8">
    <mem type="nursery" free="0" total="15466496" percent="0">
      <mem type="allocate" free="0" total="12779520" percent="0" />
      <mem type="survivor" free="0" total="2686976" percent="0" />
    </mem>
    <mem type="tenure" free="4904464" total="45088768" percent="10" />
    <remembered-set count="524" />
  </mem-info>
</gc-start>
<allocation-stats totalBytes="12438256" discardedBytes="1528" >
  <allocated-bytes non-tlh="9776" tlh="12428480" />
  <largest-consumer threadName="P=883951:O=0:CT" threadId="0000000000016800" bytes="12438256" />
</allocation-stats>
<gc-op id="990" type="scavenge" timems="0.596" contextid="987" timestamp="2026-01-07T15:48:05.640">
  <scavenger-info tenureage="13" tenuremask="6000" tiltratio="82" />
  <memory-copied type="nursery" objects="1670" bytes="83504" bytesdiscarded="142816" />
  <finalization candidates="15" enqueued="8" />
  <references type="soft" candidates="59" cleared="0" enqueued="0" dynamicThreshold="9" maxThreshold="32" />
  <references type="weak" candidates="160" cleared="36" enqueued="21" />
  <object-monitors candidates="56" cleared="0"  />
</gc-op>
<gc-end id="991" type="scavenge" contextid="987" durationms="0.687" usertimems="1.056" systemtimems="0.074" stalltimems="1.096" timestamp="2026-01-07T15:48:05.640" activeThreads="4">
  <mem-info id="992" free="17981712" total="60555264" percent="29">
    <mem type="nursery" free="13077248" total="15466496" percent="84">
      <mem type="allocate" free="13077248" total="13303808" percent="98" />
      <mem type="survivor" free="0" total="2162688" percent="0" />
    </mem>
    <mem type="tenure" free="4904464" total="45088768" percent="10" />
    <pending-finalizers system="6" default="2" reference="21" classloader="0" />
    <remembered-set count="514" />
  </mem-info>
</gc-end>
<cycle-end id="993" type="scavenge" contextid="987" timestamp="2026-01-07T15:48:05.641" />
<allocation-satisfied id="994" threadId="0000000000016800" bytesRequested="72" />
<af-end id="995" timestamp="2026-01-07T15:48:05.641" threadId="00000000000171A0" success="true" from="nursery"/>
<exclusive-end id="996" timestamp="2026-01-07T15:48:05.641" durationms="1.025" />

<exclusive-start id="997" timestamp="2026-01-07T15:48:05.704" intervalms="64.417">
  <response-info timems="0.019" idlems="0.019" threads="0" lastid="0000000000016800" lastname="P=883951:O=0:CT" />
</exclusive-start>
<af-start id="998" threadId="00000000000171A0" totalBytesRequested="24" timestamp="2026-01-07T15:48:05.704" intervalms="64.395" type="nursery" />
<cycle-start id="999" type="scavenge" contextid="0" timestamp="2026-01-07T15:48:05.704" intervalms="64.359" />
<gc-start id="1000" type="scavenge" contextid="999" timestamp="2026-01-07T15:48:05.704">
  <mem-info id="1001" free="4904464" total="60555264" percent="8">
    <mem type="nursery" free="0" total="15466496" percent="0">
      <mem type="allocate" free="0" total="13303808" percent="0" />
      <mem type="survivor" free="0" total="2162688" percent="0" />
    </mem>
    <mem type="tenure" free="4904464" total="45088768" percent="10" />
    <remembered-set count="515" />
  </mem-info>
</gc-start>
<allocation-stats totalBytes="13075344" discardedBytes="1904" >
  <allocated-bytes non-tlh="72" tlh="13075272" />
  <largest-consumer threadName="P=883951:O=0:CT" threadId="0000000000016800" bytes="13063512" />
</allocation-stats>
<gc-op id="1002" type="scavenge" timems="0.636" contextid="999" timestamp="2026-01-07T15:48:05.705">
  <scavenger-info tenureage="4" tenuremask="ff90" tiltratio="86" />
  <memory-copied type="nursery" objects="1462" bytes="67768" bytesdiscarded="150184" />
  <memory-copied type="tenure" objects="173" bytes="8960" bytesdiscarded="0" />
  <finalization candidates="7" enqueued="0" />
  <references type="soft" candidates="59" cleared="0" enqueued="0" dynamicThreshold="9" maxThreshold="32" />
  <references type="weak" candidates="111" cleared="0" enqueued="0" />
  <object-monitors candidates="56" cleared="0"  />
</gc-op>
<gc-end id="1003" type="scavenge" contextid="999" durationms="0.700" usertimems="0.234" systemtimems="0.992" stalltimems="1.339" timestamp="2026-01-07T15:48:05.705" activeThreads="4">
  <mem-info id="1004" free="18383376" total="60555264" percent="30">
    <mem type="nursery" free="13478912" total="15466496" percent="87">
      <mem type="allocate" free="13478912" total="13697024" percent="98" />
      <mem type="survivor" free="0" total="1769472" percent="0" />
    </mem>
    <mem type="tenure" free="4904464" total="45088768" percent="10" />
    <remembered-set count="480" />
  </mem-info>
</gc-end>
<cycle-end id="1005" type="scavenge" contextid="999" timestamp="2026-01-07T15:48:05.705" />
<allocation-satisfied id="1006" threadId="0000000000016800" bytesRequested="24" />
<af-end id="1007" timestamp="2026-01-07T15:48:05.705" threadId="00000000000171A0" success="true" from="nursery"/>
<exclusive-end id="1008" timestamp="2026-01-07T15:48:05.705" durationms="0.879" />

<exclusive-start id="1009" timestamp="2026-01-07T15:48:05.772" intervalms="68.420">
  <response-info timems="0.014" idlems="0.014" threads="0" lastid="0000000000016800" lastname="P=883951:O=0:CT" />
</exclusive-start>
<af-start id="1010" threadId="00000000000171A0" totalBytesRequested="72" timestamp="2026-01-07T15:48:05.772" intervalms="68.416" type="nursery" />
<cycle-start id="1011" type="scavenge" contextid="0" timestamp="2026-01-07T15:48:05.772" intervalms="68.410" />
<gc-start id="1012" type="scavenge" contextid="1011" timestamp="2026-01-07T15:48:05.772">
  <mem-info id="1013" free="4904464" total="60555264" percent="8">
    <mem type="nursery" free="0" total="15466496" percent="0">
      <mem type="allocate" free="0" total="13697024" percent="0" />
      <mem type="survivor" free="0" total="1769472" percent="0" />
    </mem>
    <mem type="tenure" free="4904464" total="45088768" percent="10" />
    <remembered-set count="486" />
  </mem-info>
</gc-start>
<allocation-stats totalBytes="13477400" discardedBytes="1512" >
  <allocated-bytes non-tlh="24" tlh="13477376" />
  <largest-consumer threadName="P=883951:O=0:CT" threadId="0000000000016800" bytes="13469208" />
</allocation-stats>
<gc-op id="1014" type="scavenge" timems="0.551" contextid="1011" timestamp="2026-01-07T15:48:05.773">
  <scavenger-info tenureage="3" tenuremask="fbd8" tiltratio="88" />
  <memory-copied type="nursery" objects="628" bytes="28152" bytesdiscarded="273608" />
  <memory-copied type="tenure" objects="844" bytes="39888" bytesdiscarded="720" />
  <finalization candidates="6" enqueued="0" />
  <references type="soft" candidates="20" cleared="0" enqueued="0" dynamicThreshold="9" maxThreshold="32" />
  <references type="weak" candidates="74" cleared="0" enqueued="0" />
  <object-monitors candidates="56" cleared="0"  />
</gc-op>
<gc-end id="1015" type="scavenge" contextid="1011" durationms="0.614" usertimems="1.093" systemtimems="0.006" stalltimems="1.025" timestamp="2026-01-07T15:48:05.773" activeThreads="4">
  <mem-info id="1016" free="18457104" total="60555264" percent="30">
    <mem type="nursery" free="13591808" total="15466496" percent="87">
      <mem type="allocate" free="13591808" total="13893632" percent="97" />
      <mem type="survivor" free="0" total="1572864" percent="0" />
    </mem>
    <mem type="tenure" free="4865296" total="45088768" percent="10" />
    <remembered-set count="316" />
  </mem-info>
</gc-end>
<cycle-end id="1017" type="scavenge" contextid="1011" timestamp="2026-01-07T15:48:05.773" />
<allocation-satisfied id="1018" threadId="0000000000016800" bytesRequested="72" />
<af-end id="1019" timestamp="2026-01-07T15:48:05.773" threadId="00000000000171A0" success="true" from="nursery"/>
<exclusive-end id="1020" timestamp="2026-01-07T15:48:05.773" durationms="0.768" />

<exclusive-start id="1021" timestamp="2026-01-07T15:48:05.844" intervalms="71.945">
  <response-info timems="0.014" idlems="0.014" threads="0" lastid="0000000000016800" lastname="P=883951:O=0:CT" />
</exclusive-start>
<af-start id="1022" threadId="00000000000171A0" totalBytesRequested="72" timestamp="2026-01-07T15:48:05.844" intervalms="71.945" type="nursery" />
<cycle-start id="1023" type="scavenge" contextid="0" timestamp="2026-01-07T15:48:05.844" intervalms="71.946" />
<gc-start id="1024" type="scavenge" contextid="1023" timestamp="2026-01-07T15:48:05.844">
  <mem-info id="1025" free="4865112" total="60555264" percent="8">
    <mem type="nursery" free="0" total="15466496" percent="0">
      <mem type="allocate" free="0" total="13893632" percent="0" />
      <mem type="survivor" free="0" total="1572864" percent="0" />
    </mem>
    <mem type="tenure" free="4865112" total="45088768" percent="10" />
    <remembered-set count="330" />
  </mem-info>
</gc-start>
<allocation-stats totalBytes="13590576" discardedBytes="1416" >
  <allocated-bytes non-tlh="256" tlh="13590320" />
  <largest-consumer threadName="P=883951:O=0:CT" threadId="0000000000016800" bytes="13590576" />
</allocation-stats>
<gc-op id="1026" type="scavenge" timems="0.424" contextid="1023" timestamp="2026-01-07T15:48:05.845">
  <scavenger-info tenureage="3" tenuremask="fe78" tiltratio="89" />
  <memory-copied type="nursery" objects="101" bytes="10864" bytesdiscarded="106624" />
  <memory-copied type="tenure" objects="587" bytes="22536" bytesdiscarded="0" />
  <finalization candidates="9" enqueued="6" />
  <references type="soft" candidates="1" cleared="0" enqueued="0" dynamicThreshold="9" maxThreshold="32" />
  <object-monitors candidates="56" cleared="0"  />
</gc-op>
<gc-end id="1027" type="scavenge" contextid="1023" durationms="0.481" usertimems="1.030" systemtimems="0.855" stalltimems="0.861" timestamp="2026-01-07T15:48:05.845" activeThreads="4">
  <mem-info id="1028" free="18641240" total="60555264" percent="30">
    <mem type="nursery" free="13776128" total="15466496" percent="89">
      <mem type="allocate" free="13776128" total="13893632" percent="99" />
      <mem type="survivor" free="0" total="1572864" percent="0" />
    </mem>
    <mem type="tenure" free="4865112" total="45088768" percent="10" />
    <pending-finalizers system="3" default="3" reference="0" classloader="0" />
    <remembered-set count="233" />
  </mem-info>
</gc-end>
<cycle-end id="1029" type="scavenge" contextid="1023" timestamp="2026-01-07T15:48:05.845" />
<allocation-satisfied id="1030" threadId="0000000000016800" bytesRequested="72" />
<af-end id="1031" timestamp="2026-01-07T15:48:05.845" threadId="00000000000171A0" success="true" from="nursery"/>
<exclusive-end id="1032" timestamp="2026-01-07T15:48:05.845" durationms="0.627" />

<exclusive-start id="1033" timestamp="2026-01-07T15:48:05.915" intervalms="70.991">
  <response-info timems="0.013" idlems="0.013" threads="0" lastid="0000000000016800" lastname="P=883951:O=0:CT" />
</exclusive-start>
<af-start id="1034" threadId="00000000000171A0" totalBytesRequested="72" timestamp="2026-01-07T15:48:05.915" intervalms="70.990" type="nursery" />
<cycle-start id="1035" type="scavenge" contextid="0" timestamp="2026-01-07T15:48:05.915" intervalms="70.985" />
<gc-start id="1036" type="scavenge" contextid="1035" timestamp="2026-01-07T15:48:05.915">
  <mem-info id="1037" free="4865112" total="60555264" percent="8">
    <mem type="nursery" free="0" total="15466496" percent="0">
      <mem type="allocate" free="0" total="13893632" percent="0" />
      <mem type="survivor" free="0" total="1572864" percent="0" />
    </mem>
    <mem type="tenure" free="4865112" total="45088768" percent="10" />
    <remembered-set count="235" />
  </mem-info>
</gc-start>
<allocation-stats totalBytes="13774608" discardedBytes="1520" >
  <allocated-bytes non-tlh="72" tlh="13774536" />
  <largest-consumer threadName="P=883951:O=0:CT" threadId="0000000000016800" bytes="13762320" />
</allocation-stats>
<gc-op id="1038" type="scavenge" timems="0.254" contextid="1035" timestamp="2026-01-07T15:48:05.916">
  <scavenger-info tenureage="5" tenuremask="ffe0" tiltratio="89" />
  <memory-copied type="nursery" objects="93" bytes="8104" bytesdiscarded="170840" />
  <finalization candidates="1" enqueued="0" />
  <references type="soft" candidates="1" cleared="0" enqueued="0" dynamicThreshold="9" maxThreshold="32" />
  <object-monitors candidates="56" cleared="0"  />
</gc-op>
<gc-end id="1039" type="scavenge" contextid="1035" durationms="0.312" usertimems="0.504" systemtimems="0.944" stalltimems="0.300" timestamp="2026-01-07T15:48:05.916" activeThreads="3">
  <mem-info id="1040" free="18579800" total="60555264" percent="30">
    <mem type="nursery" free="13714688" total="15466496" percent="88">
      <mem type="allocate" free="13714688" total="13893632" percent="98" />
      <mem type="survivor" free="0" total="1572864" percent="0" />
    </mem>
    <mem type="tenure" free="4865112" total="45088768" percent="10" />
    <remembered-set count="233" />
  </mem-info>
</gc-end>
<cycle-end id="1041" type="scavenge" contextid="1035" timestamp="2026-01-07T15:48:05.916" />
<allocation-satisfied id="1042" threadId="0000000000016800" bytesRequested="72" />
<af-end id="1043" timestamp="2026-01-07T15:48:05.916" threadId="00000000000171A0" success="true" from="nursery"/>
<exclusive-end id="1044" timestamp="2026-01-07T15:48:05.916" durationms="0.450" />

<exclusive-start id="1045" timestamp="2026-01-07T15:48:06.016" intervalms="101.175">
  <response-info timems="0.016" idlems="0.016" threads="0" lastid="0000000000016800" lastname="P=883951:O=0:CT" />
</exclusive-start>
<af-start id="1046" threadId="00000000000171A0" totalBytesRequested="16" timestamp="2026-01-07T15:48:06.017" intervalms="101.183" type="nursery" />
<cycle-start id="1047" type="scavenge" contextid="0" timestamp="2026-01-07T15:48:06.017" intervalms="101.198" />
<gc-start id="1048" type="scavenge" contextid="1047" timestamp="2026-01-07T15:48:06.017">
  <mem-info id="1049" free="4834424" total="60555264" percent="7">
    <mem type="nursery" free="0" total="15466496" percent="0">
      <mem type="allocate" free="0" total="13893632" percent="0" />
      <mem type="survivor" free="0" total="1572864" percent="0" />
    </mem>
    <mem type="tenure" free="4834424" total="45088768" percent="10" />
    <remembered-set count="656" />
  </mem-info>
</gc-start>
<allocation-stats totalBytes="13743312" discardedBytes="2064" >
  <allocated-bytes non-tlh="30760" tlh="13712552" />
  <largest-consumer threadName="P=883951:O=0:CT" threadId="0000000000016800" bytes="13743312" />
</allocation-stats>
<gc-op id="1050" type="scavenge" timems="0.531" contextid="1047" timestamp="2026-01-07T15:48:06.017">
  <scavenger-info tenureage="3" tenuremask="fff8" tiltratio="89" />
  <memory-copied type="nursery" objects="1725" bytes="618328" bytesdiscarded="181456" />
  <memory-copied type="tenure" objects="18" bytes="4928" bytesdiscarded="320" />
  <finalization candidates="193" enqueued="191" />
  <references type="soft" candidates="43" cleared="0" enqueued="0" dynamicThreshold="9" maxThreshold="32" />
  <references type="weak" candidates="82" cleared="79" enqueued="79" />
  <references type="phantom" candidates="1" cleared="0" enqueued="0" />
  <object-monitors candidates="56" cleared="0"  />
</gc-op>
<gc-end id="1051" type="scavenge" contextid="1047" durationms="0.595" usertimems="1.053" systemtimems="0.996" stalltimems="0.474" timestamp="2026-01-07T15:48:06.017" activeThreads="3">
  <mem-info id="1052" free="17888296" total="60555264" percent="29">
    <mem type="nursery" free="13093040" total="15466496" percent="84">
      <mem type="allocate" free="13093040" total="13893632" percent="94" />
      <mem type="survivor" free="0" total="1572864" percent="0" />
    </mem>
    <mem type="tenure" free="4795256" total="45088768" percent="10" />
    <pending-finalizers system="178" default="13" reference="79" classloader="0" />
    <remembered-set count="605" />
  </mem-info>
</gc-end>
<cycle-end id="1053" type="scavenge" contextid="1047" timestamp="2026-01-07T15:48:06.017" />
<allocation-satisfied id="1054" threadId="0000000000016800" bytesRequested="16" />
<af-end id="1055" timestamp="2026-01-07T15:48:06.017" threadId="00000000000171A0" success="true" from="nursery"/>
<exclusive-end id="1056" timestamp="2026-01-07T15:48:06.017" durationms="0.793" />

<exclusive-start id="1057" timestamp="2026-01-07T15:48:06.174" intervalms="157.928">
  <response-info timems="0.019" idlems="0.019" threads="0" lastid="0000000000016800" lastname="P=883951:O=0:CT" />
</exclusive-start>
<af-start id="1058" threadId="00000000000171A0" totalBytesRequested="136" timestamp="2026-01-07T15:48:06.174" intervalms="157.932" type="nursery" />
<cycle-start id="1059" type="scavenge" contextid="0" timestamp="2026-01-07T15:48:06.175" intervalms="157.946" />
<gc-start id="1060" type="scavenge" contextid="1059" timestamp="2026-01-07T15:48:06.175">
  <mem-info id="1061" free="4734912" total="60555264" percent="7">
    <mem type="nursery" free="0" total="15466496" percent="0">
      <mem type="allocate" free="0" total="13893632" percent="0" />
      <mem type="survivor" free="0" total="1572864" percent="0" />
    </mem>
    <mem type="tenure" free="4734912" total="45088768" percent="10" />
    <remembered-set count="1496" />
  </mem-info>
</gc-start>
<allocation-stats totalBytes="13149688" discardedBytes="3696" >
  <allocated-bytes non-tlh="60360" tlh="13089328" />
  <largest-consumer threadName="P=883951:O=0:CT" threadId="0000000000016800" bytes="13129248" />
</allocation-stats>
<gc-op id="1062" type="scavenge" timems="1.119" contextid="1059" timestamp="2026-01-07T15:48:06.176">
  <scavenger-info tenureage="6" tenuremask="ffc0" tiltratio="89" />
  <memory-copied type="nursery" objects="12208" bytes="1543776" bytesdiscarded="27104" />
  <memory-copied type="tenure" objects="173" bytes="389688" bytesdiscarded="1272" />
  <copy-failed type="nursery" objects="173" bytes="389696" />
  <finalization candidates="490" enqueued="440" />
  <ownableSynchronizers candidates="3" cleared="0" />
  <references type="soft" candidates="55" cleared="0" enqueued="0" dynamicThreshold="9" maxThreshold="32" />
  <references type="weak" candidates="54" cleared="42" enqueued="42" />
  <references type="phantom" candidates="1" cleared="1" enqueued="1" />
  <object-monitors candidates="59" cleared="3"  />
</gc-op>
<gc-end id="1063" type="scavenge" contextid="1059" durationms="1.193" usertimems="4.310" systemtimems="0.000" stalltimems="1.018" timestamp="2026-01-07T15:48:06.176" activeThreads="3">
  <mem-info id="1064" free="14635328" total="60555264" percent="24">
    <mem type="nursery" free="10354688" total="15466496" percent="66">
      <mem type="allocate" free="10354688" total="11927552" percent="86" />
      <mem type="survivor" free="0" total="3538944" percent="0" />
    </mem>
    <mem type="tenure" free="4280640" total="45088768" percent="9" />
    <pending-finalizers system="440" default="0" reference="43" classloader="0" />
    <remembered-set count="1384" />
  </mem-info>
</gc-end>
<cycle-end id="1065" type="scavenge" contextid="1059" timestamp="2026-01-07T15:48:06.176" />
<allocation-satisfied id="1066" threadId="0000000000016800" bytesRequested="136" />
<af-end id="1067" timestamp="2026-01-07T15:48:06.176" threadId="00000000000171A0" success="true" from="nursery"/>
<exclusive-end id="1068" timestamp="2026-01-07T15:48:06.176" durationms="1.485" />

<exclusive-start id="1069" timestamp="2026-01-07T15:48:06.324" intervalms="149.875">
  <response-info timems="0.022" idlems="0.022" threads="0" lastid="0000000000016800" lastname="P=883951:O=0:CT" />
</exclusive-start>
<af-start id="1070" threadId="00000000000171A0" totalBytesRequested="41576" timestamp="2026-01-07T15:48:06.324" intervalms="149.878" type="nursery" />
<cycle-start id="1071" type="scavenge" contextid="0" timestamp="2026-01-07T15:48:06.324" intervalms="149.885" />
<gc-start id="1072" type="scavenge" contextid="1071" timestamp="2026-01-07T15:48:06.325">
  <mem-info id="1073" free="4197416" total="60555264" percent="6">
    <mem type="nursery" free="0" total="15466496" percent="0">
      <mem type="allocate" free="0" total="11927552" percent="0" />
      <mem type="survivor" free="0" total="3538944" percent="0" />
    </mem>
    <mem type="tenure" free="4197416" total="45088768" percent="9" />
    <remembered-set count="2533" />
  </mem-info>
</gc-start>
<allocation-stats totalBytes="10402520" discardedBytes="35392" >
  <allocated-bytes non-tlh="181016" tlh="10221504" />
  <largest-consumer threadName="P=883951:O=0:CT" threadId="0000000000016800" bytes="10146776" />
</allocation-stats>
<gc-op id="1074" type="scavenge" timems="1.825" contextid="1071" timestamp="2026-01-07T15:48:06.326">
  <scavenger-info tenureage="3" tenuremask="ffe8" tiltratio="77" />
  <memory-copied type="nursery" objects="19601" bytes="2233016" bytesdiscarded="150072" />
  <memory-copied type="tenure" objects="3" bytes="96" bytesdiscarded="0" />
  <finalization candidates="528" enqueued="457" />
  <ownableSynchronizers candidates="29" cleared="4" />
  <references type="soft" candidates="198" cleared="0" enqueued="0" dynamicThreshold="9" maxThreshold="32" />
  <references type="weak" candidates="281" cleared="192" enqueued="191" />
  <object-monitors candidates="63" cleared="5"  />
</gc-op>
<gc-end id="1075" type="scavenge" contextid="1071" durationms="1.917" usertimems="6.206" systemtimems="0.017" stalltimems="2.466" timestamp="2026-01-07T15:48:06.326" activeThreads="4">
  <mem-info id="1076" free="14329040" total="60555264" percent="23">
    <mem type="nursery" free="10131624" total="15466496" percent="65">
      <mem type="allocate" free="10131624" total="12517376" percent="80" />
      <mem type="survivor" free="0" total="2949120" percent="0" />
    </mem>
    <mem type="tenure" free="4197416" total="45088768" percent="9" />
    <pending-finalizers system="454" default="3" reference="191" classloader="0" />
    <remembered-set count="2178" />
  </mem-info>
</gc-end>
<cycle-end id="1077" type="scavenge" contextid="1071" timestamp="2026-01-07T15:48:06.327" />
<allocation-satisfied id="1078" threadId="0000000000016800" bytesRequested="41576" />
<af-end id="1079" timestamp="2026-01-07T15:48:06.327" threadId="00000000000171A0" success="true" from="nursery"/>
<exclusive-end id="1080" timestamp="2026-01-07T15:48:06.327" durationms="2.228" />

<exclusive-start id="1081" timestamp="2026-01-07T15:48:06.491" intervalms="166.247">
  <response-info timems="0.024" idlems="0.024" threads="0" lastid="0000000000016800" lastname="P=883951:O=0:CT" />
</exclusive-start>
<af-start id="1082" threadId="00000000000171A0" totalBytesRequested="12344" timestamp="2026-01-07T15:48:06.491" intervalms="166.245" type="nursery" />
<cycle-start id="1083" type="scavenge" contextid="0" timestamp="2026-01-07T15:48:06.491" intervalms="166.244" />
<gc-start id="1084" type="scavenge" contextid="1083" timestamp="2026-01-07T15:48:06.491">
  <mem-info id="1085" free="4058936" total="60555264" percent="6">
    <mem type="nursery" free="0" total="15466496" percent="0">
      <mem type="allocate" free="0" total="12517376" percent="0" />
      <mem type="survivor" free="0" total="2949120" percent="0" />
    </mem>
    <mem type="tenure" free="4058936" total="45088768" percent="9" />
    <remembered-set count="3872" />
  </mem-info>
</gc-start>
<allocation-stats totalBytes="10248480" discardedBytes="21624" >
  <allocated-bytes non-tlh="314496" tlh="9933984" />
  <largest-consumer threadName="P=883951:O=0:CT" threadId="0000000000016800" bytes="9623952" />
</allocation-stats>
<gc-op id="1086" type="scavenge" timems="2.511" contextid="1083" timestamp="2026-01-07T15:48:06.493">
  <scavenger-info tenureage="3" tenuremask="ffe8" tiltratio="80" />
  <memory-copied type="nursery" objects="35180" bytes="2921664" bytesdiscarded="23000" />
  <memory-copied type="tenure" objects="1200" bytes="659960" bytesdiscarded="2432" />
  <copy-failed type="nursery" objects="270" bytes="605152" />
  <finalization candidates="868" enqueued="754" />
  <ownableSynchronizers candidates="58" cleared="0" />
  <references type="soft" candidates="566" cleared="0" enqueued="0" dynamicThreshold="9" maxThreshold="32" />
  <references type="weak" candidates="461" cleared="269" enqueued="256" />
  <references type="phantom" candidates="4" cleared="0" enqueued="0" />
  <object-monitors candidates="71" cleared="12"  />
</gc-op>
<gc-end id="1087" type="scavenge" contextid="1083" durationms="2.606" usertimems="6.682" systemtimems="0.961" stalltimems="3.039" timestamp="2026-01-07T15:48:06.493" activeThreads="4">
  <mem-info id="1088" free="10520880" total="60555264" percent="17">
    <mem type="nursery" free="7274496" total="15466496" percent="47">
      <mem type="allocate" free="7274496" total="10223616" percent="71" />
      <mem type="survivor" free="0" total="5242880" percent="0" />
    </mem>
    <mem type="tenure" free="3246384" total="45088768" percent="7" />
    <pending-finalizers system="754" default="0" reference="256" classloader="0" />
    <remembered-set count="3095" />
  </mem-info>
</gc-end>
<cycle-end id="1089" type="scavenge" contextid="1083" timestamp="2026-01-07T15:48:06.493" />
<allocation-satisfied id="1090" threadId="0000000000016800" bytesRequested="12344" />
<af-end id="1091" timestamp="2026-01-07T15:48:06.493" threadId="00000000000171A0" success="true" from="nursery"/>
<exclusive-end id="1092" timestamp="2026-01-07T15:48:06.493" durationms="2.934" />

<exclusive-start id="1093" timestamp="2026-01-07T15:48:06.624" intervalms="133.805">
  <response-info timems="0.134" idlems="0.077" threads="1" lastid="0000000000016800" lastname="P=883951:O=0:CT" />
</exclusive-start>
<af-start id="1094" threadId="00000000022AB3A0" totalBytesRequested="40" timestamp="2026-01-07T15:48:06.624" intervalms="133.809" type="nursery" />
<cycle-start id="1095" type="scavenge" contextid="0" timestamp="2026-01-07T15:48:06.624" intervalms="133.819" />
<gc-start id="1096" type="scavenge" contextid="1095" timestamp="2026-01-07T15:48:06.625">
  <mem-info id="1097" free="3126400" total="60555264" percent="5">
    <mem type="nursery" free="0" total="15466496" percent="0">
      <mem type="allocate" free="0" total="10223616" percent="0" />
      <mem type="survivor" free="0" total="5242880" percent="0" />
    </mem>
    <mem type="tenure" free="3126400" total="45088768" percent="6" />
    <remembered-set count="4358" />
  </mem-info>
</gc-start>
<allocation-stats totalBytes="7392120" discardedBytes="2360" >
  <allocated-bytes non-tlh="132328" tlh="7259792" />
  <largest-consumer threadName="P=883951:O=0:CT" threadId="0000000000016800" bytes="7306160" />
</allocation-stats>
<gc-op id="1098" type="scavenge" timems="2.388" contextid="1095" timestamp="2026-01-07T15:48:06.627">
  <scavenger-info tenureage="3" tenuremask="ffa8" tiltratio="66" />
  <memory-copied type="nursery" objects="41835" bytes="3049432" bytesdiscarded="137496" />
  <memory-copied type="tenure" objects="10032" bytes="472504" bytesdiscarded="8" />
  <finalization candidates="696" enqueued="576" />
  <ownableSynchronizers candidates="606" cleared="0" />
  <references type="soft" candidates="704" cleared="0" enqueued="0" dynamicThreshold="9" maxThreshold="32" />
  <references type="weak" candidates="495" cleared="190" enqueued="189" />
  <references type="phantom" candidates="4" cleared="0" enqueued="0" />
  <object-monitors candidates="90" cleared="28"  />
</gc-op>
<gc-end id="1099" type="scavenge" contextid="1095" durationms="2.477" usertimems="9.238" systemtimems="0.000" stalltimems="1.494" timestamp="2026-01-07T15:48:06.627" activeThreads="4">
  <mem-info id="1100" free="9987760" total="60555264" percent="16">
    <mem type="nursery" free="7294512" total="15466496" percent="47">
      <mem type="allocate" free="7294512" total="10485760" percent="69" />
      <mem type="survivor" free="0" total="4980736" percent="0" />
    </mem>
    <mem type="tenure" free="2693248" total="45088768" percent="5" />
    <pending-finalizers system="574" default="2" reference="189" classloader="0" />
    <remembered-set count="3324" />
  </mem-info>
</gc-end>
<cycle-end id="1101" type="scavenge" contextid="1095" timestamp="2026-01-07T15:48:06.627" />
<allocation-satisfied id="1102" threadId="00000000022AAA00" bytesRequested="40" />
<af-end id="1103" timestamp="2026-01-07T15:48:06.627" threadId="00000000022AB3A0" success="true" from="nursery"/>
<exclusive-end id="1104" timestamp="2026-01-07T15:48:06.627" durationms="2.805" />

<exclusive-start id="1105" timestamp="2026-01-07T15:48:06.744" intervalms="119.915">
  <response-info timems="0.020" idlems="0.020" threads="0" lastid="0000000000016800" lastname="P=883951:O=0:CT" />
</exclusive-start>
<af-start id="1106" threadId="00000000000171A0" totalBytesRequested="1704" timestamp="2026-01-07T15:48:06.744" intervalms="119.921" type="nursery" />
<cycle-start id="1107" type="scavenge" contextid="0" timestamp="2026-01-07T15:48:06.744" intervalms="119.913" />
<gc-start id="1108" type="scavenge" contextid="1107" timestamp="2026-01-07T15:48:06.745">
  <mem-info id="1109" free="2542024" total="60555264" percent="4">
    <mem type="nursery" free="0" total="15466496" percent="0">
      <mem type="allocate" free="0" total="10485760" percent="0" />
      <mem type="survivor" free="0" total="4980736" percent="0" />
    </mem>
    <mem type="tenure" free="2542024" total="45088768" percent="5" />
    <remembered-set count="4757" />
  </mem-info>
</gc-start>
<allocation-stats totalBytes="7424832" discardedBytes="20904" >
  <allocated-bytes non-tlh="312864" tlh="7111968" />
  <largest-consumer threadName="P=883951:O=0:CT" threadId="0000000000016800" bytes="7334704" />
</allocation-stats>
<gc-op id="1110" type="scavenge" timems="3.587" contextid="1107" timestamp="2026-01-07T15:48:06.748">
  <scavenger-info tenureage="3" tenuremask="ffe8" tiltratio="67" />
  <memory-copied type="nursery" objects="40825" bytes="3116880" bytesdiscarded="137448" />
  <memory-copied type="tenure" objects="6719" bytes="394880" bytesdiscarded="160" />
  <finalization candidates="640" enqueued="543" />
  <ownableSynchronizers candidates="616" cleared="1" />
  <references type="soft" candidates="660" cleared="0" enqueued="0" dynamicThreshold="9" maxThreshold="32" />
  <references type="weak" candidates="442" cleared="137" enqueued="136" />
  <references type="phantom" candidates="4" cleared="0" enqueued="0" />
  <object-monitors candidates="66" cleared="4"  />
</gc-op>
<gc-end id="1111" type="scavenge" contextid="1107" durationms="3.683" usertimems="11.558" systemtimems="1.867" stalltimems="4.881" timestamp="2026-01-07T15:48:06.748" activeThreads="4">
  <mem-info id="1112" free="9637504" total="60555264" percent="15">
    <mem type="nursery" free="7555008" total="15466496" percent="48">
      <mem type="allocate" free="7555008" total="10813440" percent="69" />
      <mem type="survivor" free="0" total="4653056" percent="0" />
    </mem>
    <mem type="tenure" free="2082496" total="45088768" percent="4" />
    <pending-finalizers system="540" default="3" reference="136" classloader="0" />
    <remembered-set count="3300" />
  </mem-info>
</gc-end>
<cycle-end id="1113" type="scavenge" contextid="1107" timestamp="2026-01-07T15:48:06.748" />
<allocation-satisfied id="1114" threadId="0000000000016800" bytesRequested="1704" />
<af-end id="1115" timestamp="2026-01-07T15:48:06.748" threadId="00000000000171A0" success="true" from="nursery"/>
<exclusive-end id="1116" timestamp="2026-01-07T15:48:06.748" durationms="4.017" />

<exclusive-start id="1117" timestamp="2026-01-07T15:48:06.865" intervalms="121.185">
  <response-info timems="0.021" idlems="0.021" threads="0" lastid="0000000000016800" lastname="P=883951:O=0:CT" />
</exclusive-start>
<af-start id="1118" threadId="00000000000171A0" totalBytesRequested="32" timestamp="2026-01-07T15:48:06.865" intervalms="121.175" type="nursery" />
<cycle-start id="1119" type="scavenge" contextid="0" timestamp="2026-01-07T15:48:06.866" intervalms="121.170" />
<gc-start id="1120" type="scavenge" contextid="1119" timestamp="2026-01-07T15:48:06.866">
  <mem-info id="1121" free="1999040" total="60555264" percent="3">
    <mem type="nursery" free="0" total="15466496" percent="0">
      <mem type="allocate" free="0" total="10813440" percent="0" />
      <mem type="survivor" free="0" total="4653056" percent="0" />
    </mem>
    <mem type="tenure" free="1999040" total="45088768" percent="4" />
    <remembered-set count="4330" />
  </mem-info>
</gc-start>
<allocation-stats totalBytes="7636168" discardedBytes="2296" >
  <allocated-bytes non-tlh="85160" tlh="7551008" />
  <largest-consumer threadName="P=883951:O=0:CT" threadId="0000000000016800" bytes="7582920" />
</allocation-stats>
<gc-op id="1122" type="scavenge" timems="2.368" contextid="1119" timestamp="2026-01-07T15:48:06.868">
  <scavenger-info tenureage="3" tenuremask="ffe8" tiltratio="69" />
  <memory-copied type="nursery" objects="30254" bytes="3333520" bytesdiscarded="116384" />
  <memory-copied type="tenure" objects="15715" bytes="612080" bytesdiscarded="168" />
  <finalization candidates="833" enqueued="743" />
  <ownableSynchronizers candidates="615" cleared="0" />
  <references type="soft" candidates="261" cleared="0" enqueued="0" dynamicThreshold="9" maxThreshold="32" />
  <references type="weak" candidates="353" cleared="82" enqueued="82" />
  <object-monitors candidates="66" cleared="2"  />
</gc-op>
<gc-end id="1123" type="scavenge" contextid="1119" durationms="2.465" usertimems="7.348" systemtimems="1.019" stalltimems="1.568" timestamp="2026-01-07T15:48:06.868" activeThreads="4">
  <mem-info id="1124" free="8832552" total="60555264" percent="14">
    <mem type="nursery" free="7490152" total="15466496" percent="48">
      <mem type="allocate" free="7490152" total="10944512" percent="68" />
      <mem type="survivor" free="0" total="4521984" percent="0" />
    </mem>
    <mem type="tenure" free="1342400" total="45088768" percent="2" />
    <pending-finalizers system="743" default="0" reference="82" classloader="0" />
    <remembered-set count="3022" />
  </mem-info>
</gc-end>
<cycle-end id="1125" type="scavenge" contextid="1119" timestamp="2026-01-07T15:48:06.868" />
<allocation-satisfied id="1126" threadId="0000000000016800" bytesRequested="32" />
<af-end id="1127" timestamp="2026-01-07T15:48:06.868" threadId="00000000000171A0" success="true" from="nursery"/>
<exclusive-end id="1128" timestamp="2026-01-07T15:48:06.868" durationms="2.788" />

<concurrent-kickoff id="1129" timestamp="2026-01-07T15:48:06.957">
  <kickoff reason="threshold reached" targetBytes="14674736" thresholdFreeBytes="2028775"  remainingFree="1865480" tenureFreeBytes="1289552" nurseryFreeBytes="1865480" />
</concurrent-kickoff>
<exclusive-start id="1130" timestamp="2026-01-07T15:48:06.957" intervalms="91.729">
  <response-info timems="0.016" idlems="0.016" threads="0" lastid="0000000000016800" lastname="P=883951:O=0:CT" />
</exclusive-start>
<cycle-start id="1131" type="global" contextid="0" timestamp="2026-01-07T15:48:06.957" intervalms="3502.501" />
<concurrent-start id="1132" type="global mark" contextid="1131" timestamp="2026-01-07T15:48:06.957">
</concurrent-start>
<exclusive-end id="1133" timestamp="2026-01-07T15:48:06.957" durationms="0.020" />

<concurrent-end id="1134" type="global mark" contextid="1131" timestamp="2026-01-07T15:48:07.014">
<gc-op id="1135" type="trace" timems="57.151" contextid="1131" timestamp="2026-01-07T15:48:07.014">
  <trace bytesTraced="23771172" workStackOverflowCount="0" />
  <card-cleaning reason="card cleaning threshold reached" bytesTraced="10760" cardsCleaned="15" />
</gc-op>
</concurrent-end>

<exclusive-start id="1136" timestamp="2026-01-07T15:48:07.014" intervalms="57.219">
  <response-info timems="0.024" idlems="0.024" threads="0" lastid="0000000000016800" lastname="P=883951:O=0:CT" />
</exclusive-start>
<concurrent-global-final id="1137" timestamp="2026-01-07T15:48:07.014" contextid="1131" intervalms="3524.972" >
  <concurrent-trace-info reason="card cleaning threshold reached" tracedByMutators="3830244" tracedByHelpers="19951688" cardsCleaned="15" workStackOverflowCount="0" />
</concurrent-global-final>
<gc-start id="1138" type="global" contextid="1131" timestamp="2026-01-07T15:48:07.015">
  <mem-info id="1139" free="1802400" total="60555264" percent="2">
    <mem type="nursery" free="514664" total="15466496" percent="3">
      <mem type="allocate" free="514664" total="10944512" percent="4" />
      <mem type="survivor" free="0" total="4521984" percent="0" />
    </mem>
    <mem type="tenure" free="1287736" total="45088768" percent="2" />
    <remembered-set count="3942" />
  </mem-info>
</gc-start>
<allocation-stats totalBytes="7028880" discardedBytes="1272" >
  <allocated-bytes non-tlh="989416" tlh="6039464" />
  <largest-consumer threadName="P=883951:O=0:CT" threadId="0000000000016800" bytes="6951136" />
</allocation-stats>
<gc-op id="1140" type="rs-scan" timems="1.098" contextid="1131" timestamp="2026-01-07T15:48:07.016">
  <scan objectsFound="43073" bytesTraced="1745088" workStackOverflowCount="0" />
</gc-op>
<gc-op id="1141" type="card-cleaning" timems="0.567" contextid="1131" timestamp="2026-01-07T15:48:07.016">
  <card-cleaning cardsCleaned="7" bytesTraced="14084" workStackOverflowCount="0" />
</gc-op>
<gc-op id="1142" type="mark" timems="5.083" contextid="1131" timestamp="2026-01-07T15:48:07.021">
  <trace-info objectcount="9541" scancount="8662" scanbytes="315816" />
  <finalization candidates="1662" enqueued="964" />
  <ownableSynchronizers candidates="1477" cleared="3" />
  <references type="soft" candidates="7993" cleared="0" enqueued="0" dynamicThreshold="9" maxThreshold="32" />
  <references type="weak" candidates="17624" cleared="153" enqueued="149" />
  <references type="phantom" candidates="13" cleared="0" enqueued="0" />
  <stringconstants candidates="75495" cleared="171"  />
  <object-monitors candidates="64" cleared="0"  />
</gc-op>
<gc-op id="1143" type="sweep" timems="0.699" contextid="1131" timestamp="2026-01-07T15:48:07.022" />
<heap-resize id="1144" type="expand" space="tenure" amount="14876672" count="1" timems="0.026" reason="insufficient free space following gc" timestamp="2026-01-07T15:48:07.022" />
<gc-end id="1145" type="global" contextid="1131" durationms="7.646" usertimems="23.111" systemtimems="1.979" stalltimems="3.143" timestamp="2026-01-07T15:48:07.022" activeThreads="4">
  <mem-info id="1146" free="25198288" total="75431936" percent="33">
    <mem type="nursery" free="7164784" total="15466496" percent="46">
      <mem type="allocate" free="7164784" total="10944512" percent="65" />
      <mem type="survivor" free="0" total="4521984" percent="0" />
    </mem>
    <mem type="tenure" free="18033504" total="59965440" percent="30" micro-fragmented="899918" macro-fragmented="0" />
    <pending-finalizers system="964" default="0" reference="149" classloader="0" />
    <remembered-set count="3858" />
  </mem-info>
</gc-end>
<cycle-end id="1147" type="global" contextid="1131" timestamp="2026-01-07T15:48:07.022" />
<exclusive-end id="1148" timestamp="2026-01-07T15:48:07.022" durationms="7.902" />

<exclusive-start id="1149" timestamp="2026-01-07T15:48:07.159" intervalms="144.594">
  <response-info timems="0.033" idlems="0.033" threads="0" lastid="0000000000016800" lastname="P=883951:O=0:CT" />
</exclusive-start>
<af-start id="1150" threadId="00000000000171A0" totalBytesRequested="8656" timestamp="2026-01-07T15:48:07.159" intervalms="293.544" type="nursery" />
<cycle-start id="1151" type="scavenge" contextid="0" timestamp="2026-01-07T15:48:07.159" intervalms="293.546" />
<gc-start id="1152" type="scavenge" contextid="1151" timestamp="2026-01-07T15:48:07.159">
  <mem-info id="1153" free="17921488" total="75431936" percent="23">
    <mem type="nursery" free="0" total="15466496" percent="0">
      <mem type="allocate" free="0" total="10944512" percent="0" />
      <mem type="survivor" free="0" total="4521984" percent="0" />
    </mem>
    <mem type="tenure" free="17921488" total="59965440" percent="29" />
    <remembered-set count="5328" />
  </mem-info>
</gc-start>
<allocation-stats totalBytes="7159288" discardedBytes="80632" >
  <allocated-bytes non-tlh="1607024" tlh="5552264" />
  <largest-consumer threadName="P=883951:O=0:CT" threadId="0000000000016800" bytes="7080576" />
</allocation-stats>
<gc-op id="1154" type="scavenge" timems="2.646" contextid="1151" timestamp="2026-01-07T15:48:07.162">
  <scavenger-info tenureage="3" tenuremask="ffe8" tiltratio="70" />
  <memory-copied type="nursery" objects="36023" bytes="3781336" bytesdiscarded="158992" />
  <memory-copied type="tenure" objects="17114" bytes="599624" bytesdiscarded="3608" />
  <finalization candidates="843" enqueued="639" />
  <ownableSynchronizers candidates="2363" cleared="1742" />
  <references type="soft" candidates="231" cleared="0" enqueued="0" dynamicThreshold="9" maxThreshold="32" />
  <references type="weak" candidates="416" cleared="143" enqueued="127" />
  <object-monitors candidates="65" cleared="1"  />
</gc-op>
<gc-end id="1155" type="scavenge" contextid="1151" durationms="2.741" usertimems="10.102" systemtimems="0.000" stalltimems="1.716" timestamp="2026-01-07T15:48:07.162" activeThreads="4">
  <mem-info id="1156" free="24146152" total="75431936" percent="32">
    <mem type="nursery" free="6934808" total="15466496" percent="44">
      <mem type="allocate" free="6934808" total="10878976" percent="63" />
      <mem type="survivor" free="0" total="4587520" percent="0" />
    </mem>
    <mem type="tenure" free="17211344" total="59965440" percent="28" />
    <pending-finalizers system="639" default="0" reference="127" classloader="0" />
    <remembered-set count="3755" />
  </mem-info>
</gc-end>
<cycle-end id="1157" type="scavenge" contextid="1151" timestamp="2026-01-07T15:48:07.162" />
<allocation-satisfied id="1158" threadId="0000000000016800" bytesRequested="8656" />
<af-end id="1159" timestamp="2026-01-07T15:48:07.162" threadId="00000000000171A0" success="true" from="nursery"/>
<exclusive-end id="1160" timestamp="2026-01-07T15:48:07.162" durationms="3.071" />

<exclusive-start id="1161" timestamp="2026-01-07T15:48:07.271" intervalms="112.197">
  <response-info timems="0.211" idlems="0.127" threads="2" lastid="0000000002634800" lastname="server.startup : 1" />
</exclusive-start>
<af-start id="1162" threadId="00000000026315A0" totalBytesRequested="8200" timestamp="2026-01-07T15:48:07.271" intervalms="112.241" type="nursery" />
<cycle-start id="1163" type="scavenge" contextid="0" timestamp="2026-01-07T15:48:07.271" intervalms="112.320" />
<gc-start id="1164" type="scavenge" contextid="1163" timestamp="2026-01-07T15:48:07.272">
  <mem-info id="1165" free="17180648" total="75431936" percent="22">
    <mem type="nursery" free="0" total="15466496" percent="0">
      <mem type="allocate" free="0" total="10878976" percent="0" />
      <mem type="survivor" free="0" total="4587520" percent="0" />
    </mem>
    <mem type="tenure" free="17180648" total="59965440" percent="28" />
    <remembered-set count="4199" />
  </mem-info>
</gc-start>
<allocation-stats totalBytes="6900504" discardedBytes="65000" >
  <allocated-bytes non-tlh="133872" tlh="6766632" />
  <largest-consumer threadName="P=883951:O=0:CT" threadId="0000000000016800" bytes="5435888" />
</allocation-stats>
<gc-op id="1166" type="scavenge" timems="4.122" contextid="1163" timestamp="2026-01-07T15:48:07.276">
  <scavenger-info tenureage="5" tenuremask="ffe0" tiltratio="70" />
  <memory-copied type="nursery" objects="40352" bytes="2743192" bytesdiscarded="150512" />
  <finalization candidates="579" enqueued="375" />
  <ownableSynchronizers candidates="86" cleared="0" />
  <references type="soft" candidates="243" cleared="0" enqueued="0" dynamicThreshold="9" maxThreshold="32" />
  <references type="weak" candidates="451" cleared="94" enqueued="79" />
  <references type="phantom" candidates="5" cleared="0" enqueued="0" />
  <object-monitors candidates="77" cleared="8"  />
</gc-op>
<gc-end id="1167" type="scavenge" contextid="1163" durationms="4.297" usertimems="12.118" systemtimems="0.020" stalltimems="3.672" timestamp="2026-01-07T15:48:07.276" activeThreads="4">
  <mem-info id="1168" free="25293864" total="75431936" percent="33">
    <mem type="nursery" free="8113216" total="15466496" percent="52">
      <mem type="allocate" free="8113216" total="11010048" percent="73" />
      <mem type="survivor" free="0" total="4456448" percent="0" />
    </mem>
    <mem type="tenure" free="17180648" total="59965440" percent="28" />
    <pending-finalizers system="327" default="48" reference="79" classloader="0" />
    <remembered-set count="3636" />
  </mem-info>
</gc-end>
<cycle-end id="1169" type="scavenge" contextid="1163" timestamp="2026-01-07T15:48:07.276" />
<allocation-satisfied id="1170" threadId="0000000002630C00" bytesRequested="8200" />
<af-end id="1171" timestamp="2026-01-07T15:48:07.276" threadId="00000000026315A0" success="true" from="nursery"/>
<exclusive-end id="1172" timestamp="2026-01-07T15:48:07.276" durationms="4.939" />

<exclusive-start id="1173" timestamp="2026-01-07T15:48:07.381" intervalms="110.217">
  <response-info timems="0.029" idlems="0.029" threads="0" lastid="0000000002634800" lastname="server.startup : 1" />
</exclusive-start>
<af-start id="1174" threadId="00000000026351A0" totalBytesRequested="7776" timestamp="2026-01-07T15:48:07.381" intervalms="110.179" type="nursery" />
<cycle-start id="1175" type="scavenge" contextid="0" timestamp="2026-01-07T15:48:07.382" intervalms="110.101" />
<gc-start id="1176" type="scavenge" contextid="1175" timestamp="2026-01-07T15:48:07.382">
  <mem-info id="1177" free="17083408" total="75431936" percent="22">
    <mem type="nursery" free="0" total="15466496" percent="0">
      <mem type="allocate" free="0" total="11010048" percent="0" />
      <mem type="survivor" free="0" total="4456448" percent="0" />
    </mem>
    <mem type="tenure" free="17083408" total="59965440" percent="28" />
    <remembered-set count="4999" />
  </mem-info>
</gc-start>
<allocation-stats totalBytes="8186280" discardedBytes="23520" >
  <allocated-bytes non-tlh="211768" tlh="7974512" />
  <largest-consumer threadName="server.startup : 2" threadId="0000000002638400" bytes="3117952" />
</allocation-stats>
<gc-op id="1178" type="scavenge" timems="10.361" contextid="1175" timestamp="2026-01-07T15:48:07.392">
  <scavenger-info tenureage="3" tenuremask="7018" tiltratio="71" />
  <memory-copied type="nursery" objects="40981" bytes="3421960" bytesdiscarded="220208" />
  <memory-copied type="tenure" objects="10756" bytes="818432" bytesdiscarded="656" />
  <finalization candidates="989" enqueued="767" />
  <ownableSynchronizers candidates="111" cleared="0" />
  <references type="soft" candidates="183" cleared="0" enqueued="0" dynamicThreshold="9" maxThreshold="32" />
  <references type="weak" candidates="459" cleared="120" enqueued="116" />
  <references type="phantom" candidates="5" cleared="0" enqueued="0" />
  <object-monitors candidates="168" cleared="77"  />
</gc-op>
<heap-resize id="1179" type="expand" space="nursery" amount="786432" count="1" timems="0.030" reason="excessive time being spent scavenging" timestamp="2026-01-07T15:48:07.392" />
<gc-end id="1180" type="scavenge" contextid="1175" durationms="10.506" usertimems="21.724" systemtimems="0.989" stalltimems="18.464" timestamp="2026-01-07T15:48:07.392" activeThreads="4">
  <mem-info id="1181" free="24123056" total="76218368" percent="31">
    <mem type="nursery" free="7887352" total="16252928" percent="48">
      <mem type="allocate" free="7887352" total="11534336" percent="68" />
      <mem type="survivor" free="0" total="4718592" percent="0" />
    </mem>
    <mem type="tenure" free="16235704" total="59965440" percent="27" />
    <pending-finalizers system="767" default="0" reference="116" classloader="0" />
    <remembered-set count="2732" />
  </mem-info>
</gc-end>
<cycle-end id="1182" type="scavenge" contextid="1175" timestamp="2026-01-07T15:48:07.392" />
<allocation-satisfied id="1183" threadId="0000000002634800" bytesRequested="7776" />
<af-end id="1184" timestamp="2026-01-07T15:48:07.392" threadId="00000000026351A0" success="true" from="nursery"/>
<exclusive-end id="1185" timestamp="2026-01-07T15:48:07.392" durationms="10.862" />

<exclusive-start id="1186" timestamp="2026-01-07T15:48:07.434" intervalms="52.200">
  <response-info timems="0.024" idlems="0.024" threads="0" lastid="0000000002630C00" lastname="server.startup : 0" />
</exclusive-start>
<af-start id="1187" threadId="00000000026315A0" totalBytesRequested="16" timestamp="2026-01-07T15:48:07.434" intervalms="52.197" type="nursery" />
<cycle-start id="1188" type="scavenge" contextid="0" timestamp="2026-01-07T15:48:07.434" intervalms="52.209" />
<gc-start id="1189" type="scavenge" contextid="1188" timestamp="2026-01-07T15:48:07.434">
  <mem-info id="1190" free="16213120" total="76218368" percent="21">
    <mem type="nursery" free="0" total="16252928" percent="0">
      <mem type="allocate" free="0" total="11534336" percent="0" />
      <mem type="survivor" free="0" total="4718592" percent="0" />
    </mem>
    <mem type="tenure" free="16213120" total="59965440" percent="27" />
    <remembered-set count="3519" />
  </mem-info>
</gc-start>
<allocation-stats totalBytes="7883096" discardedBytes="26840" >
  <allocated-bytes non-tlh="758072" tlh="7125024" />
  <largest-consumer threadName="server.startup : 0" threadId="0000000002630C00" bytes="6785528" />
</allocation-stats>
<gc-op id="1191" type="scavenge" timems="4.582" contextid="1188" timestamp="2026-01-07T15:48:07.438">
  <scavenger-info tenureage="12" tenuremask="7000" tiltratio="70" />
  <memory-copied type="nursery" objects="47062" bytes="2811416" bytesdiscarded="184000" />
  <finalization candidates="677" enqueued="339" />
  <ownableSynchronizers candidates="92" cleared="0" />
  <references type="soft" candidates="201" cleared="0" enqueued="0" dynamicThreshold="9" maxThreshold="32" />
  <references type="weak" candidates="489" cleared="91" enqueued="91" />
  <references type="phantom" candidates="5" cleared="0" enqueued="0" />
  <object-monitors candidates="98" cleared="2"  />
</gc-op>
<heap-resize id="1192" type="expand" space="nursery" amount="786432" count="1" timems="0.024" reason="excessive time being spent scavenging" timestamp="2026-01-07T15:48:07.439" />
<gc-end id="1193" type="scavenge" contextid="1188" durationms="4.699" usertimems="11.954" systemtimems="0.006" stalltimems="6.004" timestamp="2026-01-07T15:48:07.439" activeThreads="4">
  <mem-info id="1194" free="25666968" total="77004800" percent="33">
    <mem type="nursery" free="9453848" total="17039360" percent="55">
      <mem type="allocate" free="9453848" total="12451840" percent="75" />
      <mem type="survivor" free="0" total="4587520" percent="0" />
    </mem>
    <mem type="tenure" free="16213120" total="59965440" percent="27" />
    <pending-finalizers system="339" default="0" reference="91" classloader="0" />
    <remembered-set count="3033" />
  </mem-info>
</gc-end>
<cycle-end id="1195" type="scavenge" contextid="1188" timestamp="2026-01-07T15:48:07.439" />
<allocation-satisfied id="1196" threadId="0000000002630C00" bytesRequested="16" />
<af-end id="1197" timestamp="2026-01-07T15:48:07.439" threadId="00000000026315A0" success="true" from="nursery"/>
<exclusive-end id="1198" timestamp="2026-01-07T15:48:07.439" durationms="5.004" />

<exclusive-start id="1199" timestamp="2026-01-07T15:48:07.540" intervalms="106.393">
  <response-info timems="0.067" idlems="0.044" threads="1" lastid="0000000002638400" lastname="server.startup : 2" />
</exclusive-start>
<af-start id="1200" threadId="00000000026315A0" totalBytesRequested="16" timestamp="2026-01-07T15:48:07.540" intervalms="106.393" type="nursery" />
<cycle-start id="1201" type="scavenge" contextid="0" timestamp="2026-01-07T15:48:07.540" intervalms="106.384" />
<gc-start id="1202" type="scavenge" contextid="1201" timestamp="2026-01-07T15:48:07.540">
  <mem-info id="1203" free="15980704" total="77004800" percent="20">
    <mem type="nursery" free="0" total="17039360" percent="0">
      <mem type="allocate" free="0" total="12451840" percent="0" />
      <mem type="survivor" free="0" total="4587520" percent="0" />
    </mem>
    <mem type="tenure" free="15980704" total="59965440" percent="26" />
    <remembered-set count="5175" />
  </mem-info>
</gc-start>
<allocation-stats totalBytes="9659352" discardedBytes="25136" >
  <allocated-bytes non-tlh="581272" tlh="9078080" />
  <largest-consumer threadName="server.startup : 0" threadId="0000000002630C00" bytes="6216344" />
</allocation-stats>
<gc-op id="1204" type="scavenge" timems="2.371" contextid="1201" timestamp="2026-01-07T15:48:07.543">
  <scavenger-info tenureage="4" tenuremask="7010" tiltratio="73" />
  <memory-copied type="nursery" objects="36902" bytes="3177832" bytesdiscarded="131192" />
  <memory-copied type="tenure" objects="21801" bytes="801352" bytesdiscarded="896" />
  <finalization candidates="1068" enqueued="673" />
  <ownableSynchronizers candidates="120" cleared="1" />
  <references type="soft" candidates="249" cleared="0" enqueued="0" dynamicThreshold="9" maxThreshold="32" />
  <references type="weak" candidates="511" cleared="130" enqueued="130" />
  <references type="phantom" candidates="5" cleared="0" enqueued="0" />
  <object-monitors candidates="108" cleared="9"  />
</gc-op>
<gc-end id="1205" type="scavenge" contextid="1201" durationms="2.579" usertimems="6.070" systemtimems="1.905" stalltimems="1.482" timestamp="2026-01-07T15:48:07.543" activeThreads="4">
  <mem-info id="1206" free="24416112" total="77004800" percent="31">
    <mem type="nursery" free="9466904" total="17039360" percent="55">
      <mem type="allocate" free="9466904" total="12779520" percent="74" />
      <mem type="survivor" free="0" total="4259840" percent="0" />
    </mem>
    <mem type="tenure" free="14949208" total="59965440" percent="24" />
    <pending-finalizers system="673" default="0" reference="130" classloader="0" />
    <remembered-set count="3838" />
  </mem-info>
</gc-end>
<cycle-end id="1207" type="scavenge" contextid="1201" timestamp="2026-01-07T15:48:07.543" />
<allocation-satisfied id="1208" threadId="0000000002630C00" bytesRequested="16" />
<af-end id="1209" timestamp="2026-01-07T15:48:07.543" threadId="00000000026315A0" success="true" from="nursery"/>
<exclusive-end id="1210" timestamp="2026-01-07T15:48:07.543" durationms="2.922" />

<exclusive-start id="1211" timestamp="2026-01-07T15:48:07.665" intervalms="125.000">
  <response-info timems="0.093" idlems="0.056" threads="1" lastid="0000000002638400" lastname="server.startup : 2" />
</exclusive-start>
<af-start id="1212" threadId="0000000002633CA0" totalBytesRequested="320" timestamp="2026-01-07T15:48:07.665" intervalms="125.005" type="nursery" />
<cycle-start id="1213" type="scavenge" contextid="0" timestamp="2026-01-07T15:48:07.665" intervalms="125.005" />
<gc-start id="1214" type="scavenge" contextid="1213" timestamp="2026-01-07T15:48:07.665">
  <mem-info id="1215" free="14697312" total="77004800" percent="19">
    <mem type="nursery" free="0" total="17039360" percent="0">
      <mem type="allocate" free="0" total="12779520" percent="0" />
      <mem type="survivor" free="0" total="4259840" percent="0" />
    </mem>
    <mem type="tenure" free="14697312" total="59965440" percent="24" />
    <remembered-set count="6582" />
  </mem-info>
</gc-start>
<allocation-stats totalBytes="9712960" discardedBytes="5840" >
  <allocated-bytes non-tlh="251912" tlh="9461048" />
  <largest-consumer threadName="server.startup : 2" threadId="0000000002638400" bytes="7463072" />
</allocation-stats>
<gc-op id="1216" type="scavenge" timems="1.851" contextid="1213" timestamp="2026-01-07T15:48:07.667">
  <scavenger-info tenureage="12" tenuremask="7000" tiltratio="75" />
  <memory-copied type="nursery" objects="47874" bytes="3993576" bytesdiscarded="72432" />
  <finalization candidates="1061" enqueued="669" />
  <ownableSynchronizers candidates="130" cleared="5" />
  <references type="soft" candidates="414" cleared="0" enqueued="0" dynamicThreshold="9" maxThreshold="32" />
  <references type="weak" candidates="891" cleared="362" enqueued="362" />
  <references type="phantom" candidates="7" cleared="0" enqueued="0" />
  <object-monitors candidates="115" cleared="9"  />
</gc-op>
<gc-end id="1217" type="scavenge" contextid="1213" durationms="1.932" usertimems="6.552" systemtimems="0.000" stalltimems="0.703" timestamp="2026-01-07T15:48:07.667" activeThreads="4">
  <mem-info id="1218" free="22619160" total="77004800" percent="29">
    <mem type="nursery" free="7921848" total="17039360" percent="46">
      <mem type="allocate" free="7921848" total="11993088" percent="66" />
      <mem type="survivor" free="0" total="5046272" percent="0" />
    </mem>
    <mem type="tenure" free="14697312" total="59965440" percent="24" />
    <pending-finalizers system="669" default="0" reference="362" classloader="0" />
    <remembered-set count="6161" />
  </mem-info>
</gc-end>
<cycle-end id="1219" type="scavenge" contextid="1213" timestamp="2026-01-07T15:48:07.667" />
<allocation-satisfied id="1220" threadId="0000000002633300" bytesRequested="320" />
<af-end id="1221" timestamp="2026-01-07T15:48:07.667" threadId="0000000002633CA0" success="true" from="nursery"/>
<exclusive-end id="1222" timestamp="2026-01-07T15:48:07.667" durationms="2.274" />

<exclusive-start id="1223" timestamp="2026-01-07T15:48:07.791" intervalms="126.386">
  <response-info timems="0.164" idlems="0.093" threads="1" lastid="0000000002638400" lastname="server.startup : 2" />
</exclusive-start>
<af-start id="1224" threadId="00000000026351A0" totalBytesRequested="8200" timestamp="2026-01-07T15:48:07.791" intervalms="126.380" type="nursery" />
<cycle-start id="1225" type="scavenge" contextid="0" timestamp="2026-01-07T15:48:07.791" intervalms="126.387" />
<gc-start id="1226" type="scavenge" contextid="1225" timestamp="2026-01-07T15:48:07.792">
  <mem-info id="1227" free="14677488" total="77004800" percent="19">
    <mem type="nursery" free="0" total="17039360" percent="0">
      <mem type="allocate" free="0" total="11993088" percent="0" />
      <mem type="survivor" free="0" total="5046272" percent="0" />
    </mem>
    <mem type="tenure" free="14677488" total="59965440" percent="24" />
    <remembered-set count="6534" />
  </mem-info>
</gc-start>
<allocation-stats totalBytes="7850920" discardedBytes="90752" >
  <allocated-bytes non-tlh="36544" tlh="7814376" />
  <largest-consumer threadName="server.startup : 1" threadId="0000000002634800" bytes="4363992" />
</allocation-stats>
<gc-op id="1228" type="scavenge" timems="2.179" contextid="1225" timestamp="2026-01-07T15:48:07.794">
  <scavenger-info tenureage="11" tenuremask="7800" tiltratio="70" />
  <memory-copied type="nursery" objects="59107" bytes="3461184" bytesdiscarded="281808" />
  <finalization candidates="726" enqueued="295" />
  <ownableSynchronizers candidates="133" cleared="0" />
  <references type="soft" candidates="418" cleared="0" enqueued="0" dynamicThreshold="9" maxThreshold="32" />
  <references type="weak" candidates="620" cleared="43" enqueued="26" />
  <references type="phantom" candidates="7" cleared="0" enqueued="0" />
  <object-monitors candidates="119" cleared="15"  />
</gc-op>
<gc-end id="1229" type="scavenge" contextid="1225" durationms="2.281" usertimems="7.416" systemtimems="0.000" stalltimems="1.207" timestamp="2026-01-07T15:48:07.794" activeThreads="4">
  <mem-info id="1230" free="23051704" total="77004800" percent="29">
    <mem type="nursery" free="8374216" total="17039360" percent="49">
      <mem type="allocate" free="8374216" total="12124160" percent="69" />
      <mem type="survivor" free="0" total="4915200" percent="0" />
    </mem>
    <mem type="tenure" free="14677488" total="59965440" percent="24" />
    <pending-finalizers system="295" default="0" reference="26" classloader="0" />
    <remembered-set count="4845" />
  </mem-info>
</gc-end>
<cycle-end id="1231" type="scavenge" contextid="1225" timestamp="2026-01-07T15:48:07.794" />
<allocation-satisfied id="1232" threadId="0000000002634800" bytesRequested="8200" />
<af-end id="1233" timestamp="2026-01-07T15:48:07.794" threadId="00000000026351A0" success="true" from="nursery"/>
<exclusive-end id="1234" timestamp="2026-01-07T15:48:07.794" durationms="2.680" />

<exclusive-start id="1235" timestamp="2026-01-07T15:48:07.822" intervalms="30.757">
  <response-info timems="0.098" idlems="0.061" threads="2" lastid="0000000002638400" lastname="server.startup : 2" />
</exclusive-start>
<af-start id="1236" threadId="00000000026351A0" totalBytesRequested="8200" timestamp="2026-01-07T15:48:07.822" intervalms="30.756" type="nursery" />
<cycle-start id="1237" type="scavenge" contextid="0" timestamp="2026-01-07T15:48:07.822" intervalms="30.747" />
<gc-start id="1238" type="scavenge" contextid="1237" timestamp="2026-01-07T15:48:07.822">
  <mem-info id="1239" free="14658248" total="77004800" percent="19">
    <mem type="nursery" free="0" total="17039360" percent="0">
      <mem type="allocate" free="0" total="12124160" percent="0" />
      <mem type="survivor" free="0" total="4915200" percent="0" />
    </mem>
    <mem type="tenure" free="14658248" total="59965440" percent="24" />
    <remembered-set count="5089" />
  </mem-info>
</gc-start>
<allocation-stats totalBytes="8375152" discardedBytes="18304" >
  <allocated-bytes non-tlh="27440" tlh="8347712" />
  <largest-consumer threadName="server.startup : 1" threadId="0000000002634800" bytes="6927328" />
</allocation-stats>
<gc-op id="1240" type="scavenge" timems="2.343" contextid="1237" timestamp="2026-01-07T15:48:07.825">
  <scavenger-info tenureage="4" tenuremask="7810" tiltratio="71" />
  <memory-copied type="nursery" objects="60522" bytes="3080272" bytesdiscarded="212920" />
  <memory-copied type="tenure" objects="7397" bytes="672792" bytesdiscarded="656" />
  <finalization candidates="1002" enqueued="571" />
  <ownableSynchronizers candidates="133" cleared="0" />
  <references type="soft" candidates="461" cleared="0" enqueued="0" dynamicThreshold="9" maxThreshold="32" />
  <references type="weak" candidates="642" cleared="105" enqueued="105" />
  <references type="phantom" candidates="7" cleared="0" enqueued="0" />
  <object-monitors candidates="159" cleared="46"  />
</gc-op>
<gc-end id="1241" type="scavenge" contextid="1237" durationms="2.436" usertimems="7.349" systemtimems="0.934" stalltimems="0.958" timestamp="2026-01-07T15:48:07.825" activeThreads="4">
  <mem-info id="1242" free="22991688" total="77004800" percent="29">
    <mem type="nursery" free="9088152" total="17039360" percent="53">
      <mem type="allocate" free="9088152" total="12386304" percent="73" />
      <mem type="survivor" free="0" total="4653056" percent="0" />
    </mem>
    <mem type="tenure" free="13903536" total="59965440" percent="23" />
    <pending-finalizers system="571" default="0" reference="105" classloader="0" />
    <remembered-set count="2617" />
  </mem-info>
</gc-end>
<cycle-end id="1243" type="scavenge" contextid="1237" timestamp="2026-01-07T15:48:07.825" />
<allocation-satisfied id="1244" threadId="0000000002634800" bytesRequested="8200" />
<af-end id="1245" timestamp="2026-01-07T15:48:07.825" threadId="00000000026351A0" success="true" from="nursery"/>
<exclusive-end id="1246" timestamp="2026-01-07T15:48:07.825" durationms="2.754" />

<exclusive-start id="1247" timestamp="2026-01-07T15:48:07.846" intervalms="23.997">
  <response-info timems="0.020" idlems="0.020" threads="0" lastid="0000000002634800" lastname="server.startup : 1" />
</exclusive-start>
<af-start id="1248" threadId="00000000026351A0" totalBytesRequested="72" timestamp="2026-01-07T15:48:07.846" intervalms="23.987" type="nursery" />
<cycle-start id="1249" type="scavenge" contextid="0" timestamp="2026-01-07T15:48:07.846" intervalms="23.979" />
<gc-start id="1250" type="scavenge" contextid="1249" timestamp="2026-01-07T15:48:07.846">
  <mem-info id="1251" free="13894784" total="77004800" percent="18">
    <mem type="nursery" free="0" total="17039360" percent="0">
      <mem type="allocate" free="0" total="12386304" percent="0" />
      <mem type="survivor" free="0" total="4653056" percent="0" />
    </mem>
    <mem type="tenure" free="13894784" total="59965440" percent="23" />
    <remembered-set count="2733" />
  </mem-info>
</gc-start>
<allocation-stats totalBytes="9046208" discardedBytes="50696" >
  <allocated-bytes non-tlh="148056" tlh="8898152" />
  <largest-consumer threadName="server.startup : 1" threadId="0000000002634800" bytes="7431000" />
</allocation-stats>
<gc-op id="1252" type="scavenge" timems="2.248" contextid="1249" timestamp="2026-01-07T15:48:07.849">
  <scavenger-info tenureage="11" tenuremask="7800" tiltratio="72" />
  <memory-copied type="nursery" objects="64933" bytes="3292848" bytesdiscarded="186752" />
  <finalization candidates="647" enqueued="364" />
  <ownableSynchronizers candidates="120" cleared="2" />
  <references type="soft" candidates="471" cleared="0" enqueued="0" dynamicThreshold="9" maxThreshold="32" />
  <references type="weak" candidates="586" cleared="36" enqueued="35" />
  <references type="phantom" candidates="7" cleared="0" enqueued="0" />
  <object-monitors candidates="144" cleared="24"  />
</gc-op>
<heap-resize id="1253" type="expand" space="nursery" amount="1048576" count="1" timems="0.027" reason="excessive time being spent scavenging" timestamp="2026-01-07T15:48:07.849" />
<gc-end id="1254" type="scavenge" contextid="1249" durationms="2.356" usertimems="7.312" systemtimems="0.000" stalltimems="1.629" timestamp="2026-01-07T15:48:07.849" activeThreads="4">
  <mem-info id="1255" free="23648480" total="78053376" percent="30">
    <mem type="nursery" free="9753696" total="18087936" percent="53">
      <mem type="allocate" free="9753696" total="13238272" percent="73" />
      <mem type="survivor" free="0" total="4849664" percent="0" />
    </mem>
    <mem type="tenure" free="13894784" total="59965440" percent="23" />
    <pending-finalizers system="364" default="0" reference="35" classloader="0" />
    <remembered-set count="2548" />
  </mem-info>
</gc-end>
<cycle-end id="1256" type="scavenge" contextid="1249" timestamp="2026-01-07T15:48:07.849" />
<allocation-satisfied id="1257" threadId="0000000002634800" bytesRequested="72" />
<af-end id="1258" timestamp="2026-01-07T15:48:07.849" threadId="00000000026351A0" success="true" from="nursery"/>
<exclusive-end id="1259" timestamp="2026-01-07T15:48:07.849" durationms="2.595" />

<exclusive-start id="1260" timestamp="2026-01-07T15:48:07.918" intervalms="72.257">
  <response-info timems="0.183" idlems="0.080" threads="2" lastid="0000000002634800" lastname="server.startup : 1" />
</exclusive-start>
<af-start id="1261" threadId="0000000002638DA0" totalBytesRequested="88" timestamp="2026-01-07T15:48:07.918" intervalms="72.271" type="nursery" />
<cycle-start id="1262" type="scavenge" contextid="0" timestamp="2026-01-07T15:48:07.919" intervalms="72.288" />
<gc-start id="1263" type="scavenge" contextid="1262" timestamp="2026-01-07T15:48:07.919">
  <mem-info id="1264" free="13823312" total="78053376" percent="17">
    <mem type="nursery" free="0" total="18087936" percent="0">
      <mem type="allocate" free="0" total="13238272" percent="0" />
      <mem type="survivor" free="0" total="4849664" percent="0" />
    </mem>
    <mem type="tenure" free="13823312" total="59965440" percent="23" />
    <remembered-set count="3495" />
  </mem-info>
</gc-start>
<allocation-stats totalBytes="9819192" discardedBytes="5976" >
  <allocated-bytes non-tlh="273168" tlh="9546024" />
  <largest-consumer threadName="server.startup : 1" threadId="0000000002634800" bytes="5484056" />
</allocation-stats>
<gc-op id="1265" type="scavenge" timems="3.633" contextid="1262" timestamp="2026-01-07T15:48:07.922">
  <scavenger-info tenureage="5" tenuremask="7820" tiltratio="73" />
  <memory-copied type="nursery" objects="67632" bytes="3964672" bytesdiscarded="220288" />
  <memory-copied type="tenure" objects="10597" bytes="524872" bytesdiscarded="80" />
  <finalization candidates="860" enqueued="381" />
  <ownableSynchronizers candidates="135" cleared="6" />
  <references type="soft" candidates="325" cleared="0" enqueued="0" dynamicThreshold="9" maxThreshold="32" />
  <references type="weak" candidates="707" cleared="164" enqueued="164" />
  <references type="phantom" candidates="7" cleared="0" enqueued="0" />
  <object-monitors candidates="128" cleared="6"  />
</gc-op>
<gc-end id="1266" type="scavenge" contextid="1262" durationms="3.758" usertimems="9.484" systemtimems="0.040" stalltimems="2.123" timestamp="2026-01-07T15:48:07.922" activeThreads="4">
  <mem-info id="1267" free="22238632" total="78053376" percent="28">
    <mem type="nursery" free="8982880" total="18087936" percent="49">
      <mem type="allocate" free="8982880" total="13172736" percent="68" />
      <mem type="survivor" free="0" total="4915200" percent="0" />
    </mem>
    <mem type="tenure" free="13255752" total="59965440" percent="22" />
    <pending-finalizers system="375" default="6" reference="164" classloader="0" />
    <remembered-set count="2766" />
  </mem-info>
</gc-end>
<cycle-end id="1268" type="scavenge" contextid="1262" timestamp="2026-01-07T15:48:07.923" />
<allocation-satisfied id="1269" threadId="0000000002638400" bytesRequested="88" />
<af-end id="1270" timestamp="2026-01-07T15:48:07.923" threadId="0000000002638DA0" success="true" from="nursery"/>
<exclusive-end id="1271" timestamp="2026-01-07T15:48:07.923" durationms="4.171" />

<exclusive-start id="1272" timestamp="2026-01-07T15:48:07.969" intervalms="50.590">
  <response-info timems="0.041" idlems="0.022" threads="1" lastid="0000000002633300" lastname="Thread-27" />
</exclusive-start>
<af-start id="1273" threadId="0000000002638DA0" totalBytesRequested="18984" timestamp="2026-01-07T15:48:07.969" intervalms="50.585" type="nursery" />
<cycle-start id="1274" type="scavenge" contextid="0" timestamp="2026-01-07T15:48:07.969" intervalms="50.582" />
<gc-start id="1275" type="scavenge" contextid="1274" timestamp="2026-01-07T15:48:07.969">
  <mem-info id="1276" free="13210520" total="78053376" percent="16">
    <mem type="nursery" free="0" total="18087936" percent="0">
      <mem type="allocate" free="0" total="13172736" percent="0" />
      <mem type="survivor" free="0" total="4915200" percent="0" />
    </mem>
    <mem type="tenure" free="13210520" total="59965440" percent="22" />
    <remembered-set count="5524" />
  </mem-info>
</gc-start>
<allocation-stats totalBytes="8957448" discardedBytes="70664" >
  <allocated-bytes non-tlh="101264" tlh="8856184" />
  <largest-consumer threadName="server.startup : 1" threadId="0000000002634800" bytes="4616944" />
</allocation-stats>
<gc-op id="1277" type="scavenge" timems="2.877" contextid="1274" timestamp="2026-01-07T15:48:07.972">
  <scavenger-info tenureage="8" tenuremask="7d00" tiltratio="72" />
  <memory-copied type="nursery" objects="77497" bytes="4810288" bytesdiscarded="99704" />
  <memory-copied type="tenure" objects="9502" bytes="399336" bytesdiscarded="144" />
  <copy-failed type="nursery" objects="43" bytes="40440" />
  <finalization candidates="779" enqueued="375" />
  <ownableSynchronizers candidates="155" cleared="6" />
  <references type="soft" candidates="342" cleared="0" enqueued="0" dynamicThreshold="9" maxThreshold="32" />
  <references type="weak" candidates="780" cleared="265" enqueued="264" />
  <references type="phantom" candidates="7" cleared="0" enqueued="0" />
  <object-monitors candidates="128" cleared="6"  />
</gc-op>
<gc-end id="1278" type="scavenge" contextid="1274" durationms="2.986" usertimems="10.177" systemtimems="0.000" stalltimems="0.813" timestamp="2026-01-07T15:48:07.972" activeThreads="4">
  <mem-info id="1279" free="19894680" total="78053376" percent="25">
    <mem type="nursery" free="6946816" total="18087936" percent="38">
      <mem type="allocate" free="6946816" total="11862016" percent="58" />
      <mem type="survivor" free="0" total="6225920" percent="0" />
    </mem>
    <mem type="tenure" free="12947864" total="59965440" percent="21" />
    <pending-finalizers system="365" default="10" reference="264" classloader="0" />
    <remembered-set count="3133" />
  </mem-info>
</gc-end>
<cycle-end id="1280" type="scavenge" contextid="1274" timestamp="2026-01-07T15:48:07.972" />
<allocation-satisfied id="1281" threadId="0000000002638400" bytesRequested="18984" />
<af-end id="1282" timestamp="2026-01-07T15:48:07.972" threadId="0000000002638DA0" success="true" from="nursery"/>
<exclusive-end id="1283" timestamp="2026-01-07T15:48:07.972" durationms="3.387" />

<exclusive-start id="1284" timestamp="2026-01-07T15:48:08.018" intervalms="49.378">
  <response-info timems="0.031" idlems="0.031" threads="0" lastid="0000000002634800" lastname="server.startup : 1" />
</exclusive-start>
<af-start id="1285" threadId="00000000026351A0" totalBytesRequested="8208" timestamp="2026-01-07T15:48:08.018" intervalms="49.380" type="nursery" />
<cycle-start id="1286" type="scavenge" contextid="0" timestamp="2026-01-07T15:48:08.018" intervalms="49.381" />
<gc-start id="1287" type="scavenge" contextid="1286" timestamp="2026-01-07T15:48:08.019">
  <mem-info id="1288" free="12913848" total="78053376" percent="16">
    <mem type="nursery" free="0" total="18087936" percent="0">
      <mem type="allocate" free="0" total="11862016" percent="0" />
      <mem type="survivor" free="0" total="6225920" percent="0" />
    </mem>
    <mem type="tenure" free="12913848" total="59965440" percent="21" />
    <remembered-set count="3681" />
  </mem-info>
</gc-start>
<allocation-stats totalBytes="6935312" discardedBytes="45520" >
  <allocated-bytes non-tlh="53000" tlh="6882312" />
  <largest-consumer threadName="server.startup : 2" threadId="0000000002638400" bytes="3045416" />
</allocation-stats>
<gc-op id="1289" type="scavenge" timems="2.595" contextid="1286" timestamp="2026-01-07T15:48:08.021">
  <scavenger-info tenureage="6" tenuremask="7e40" tiltratio="65" />
  <memory-copied type="nursery" objects="66861" bytes="4651688" bytesdiscarded="135952" />
  <memory-copied type="tenure" objects="15635" bytes="649272" bytesdiscarded="1128" />
  <finalization candidates="766" enqueued="362" />
  <ownableSynchronizers candidates="137" cleared="1" />
  <references type="soft" candidates="187" cleared="0" enqueued="0" dynamicThreshold="9" maxThreshold="32" />
  <references type="weak" candidates="439" cleared="119" enqueued="101" />
  <object-monitors candidates="134" cleared="12"  />
</gc-op>
<heap-resize id="1290" type="expand" space="nursery" amount="786432" count="1" timems="0.024" reason="excessive time being spent scavenging" timestamp="2026-01-07T15:48:08.021" />
<gc-end id="1291" type="scavenge" contextid="1286" durationms="2.726" usertimems="8.297" systemtimems="1.012" stalltimems="0.907" timestamp="2026-01-07T15:48:08.021" activeThreads="4">
  <mem-info id="1292" free="20008656" total="78839808" percent="25">
    <mem type="nursery" free="7790616" total="18874368" percent="41">
      <mem type="allocate" free="7790616" total="12582912" percent="61" />
      <mem type="survivor" free="0" total="6291456" percent="0" />
    </mem>
    <mem type="tenure" free="12218040" total="59965440" percent="20" />
    <pending-finalizers system="357" default="5" reference="101" classloader="0" />
    <remembered-set count="1954" />
  </mem-info>
</gc-end>
<cycle-end id="1293" type="scavenge" contextid="1286" timestamp="2026-01-07T15:48:08.021" />
<allocation-satisfied id="1294" threadId="0000000002634800" bytesRequested="8208" />
<af-end id="1295" timestamp="2026-01-07T15:48:08.021" threadId="00000000026351A0" success="true" from="nursery"/>
<exclusive-end id="1296" timestamp="2026-01-07T15:48:08.021" durationms="3.076" />

<exclusive-start id="1297" timestamp="2026-01-07T15:48:08.061" intervalms="42.369">
  <response-info timems="0.037" idlems="0.019" threads="1" lastid="0000000002638400" lastname="server.startup : 2" />
</exclusive-start>
<af-start id="1298" threadId="00000000026351A0" totalBytesRequested="136" timestamp="2026-01-07T15:48:08.061" intervalms="42.377" type="nursery" />
<cycle-start id="1299" type="scavenge" contextid="0" timestamp="2026-01-07T15:48:08.061" intervalms="42.383" />
<gc-start id="1300" type="scavenge" contextid="1299" timestamp="2026-01-07T15:48:08.061">
  <mem-info id="1301" free="12191344" total="78839808" percent="15">
    <mem type="nursery" free="0" total="18874368" percent="0">
      <mem type="allocate" free="0" total="12582912" percent="0" />
      <mem type="survivor" free="0" total="6291456" percent="0" />
    </mem>
    <mem type="tenure" free="12191344" total="59965440" percent="20" />
    <remembered-set count="2363" />
  </mem-info>
</gc-start>
<allocation-stats totalBytes="7802192" discardedBytes="15120" >
  <allocated-bytes non-tlh="34904" tlh="7767288" />
  <largest-consumer threadName="server.startup : 1" threadId="0000000002634800" bytes="4969296" />
</allocation-stats>
<gc-op id="1302" type="scavenge" timems="2.509" contextid="1299" timestamp="2026-01-07T15:48:08.064">
  <scavenger-info tenureage="8" tenuremask="7f00" tiltratio="66" />
  <memory-copied type="nursery" objects="75127" bytes="4580752" bytesdiscarded="103240" />
  <finalization candidates="782" enqueued="450" />
  <ownableSynchronizers candidates="84" cleared="0" />
  <references type="soft" candidates="231" cleared="0" enqueued="0" dynamicThreshold="9" maxThreshold="32" />
  <references type="weak" candidates="543" cleared="192" enqueued="192" />
  <object-monitors candidates="125" cleared="3"  />
</gc-op>
<gc-end id="1303" type="scavenge" contextid="1299" durationms="2.785" usertimems="7.067" systemtimems="1.962" stalltimems="0.969" timestamp="2026-01-07T15:48:08.064" activeThreads="4">
  <mem-info id="1304" free="20544672" total="78839808" percent="26">
    <mem type="nursery" free="8353328" total="18874368" percent="44">
      <mem type="allocate" free="8353328" total="13041664" percent="64" />
      <mem type="survivor" free="0" total="5832704" percent="0" />
    </mem>
    <mem type="tenure" free="12191344" total="59965440" percent="20" />
    <pending-finalizers system="447" default="3" reference="192" classloader="0" />
    <remembered-set count="1960" />
  </mem-info>
</gc-end>
<cycle-end id="1305" type="scavenge" contextid="1299" timestamp="2026-01-07T15:48:08.064" />
<allocation-satisfied id="1306" threadId="0000000002634800" bytesRequested="136" />
<af-end id="1307" timestamp="2026-01-07T15:48:08.064" threadId="00000000026351A0" success="true" from="nursery"/>
<exclusive-end id="1308" timestamp="2026-01-07T15:48:08.064" durationms="3.196" />

<exclusive-start id="1309" timestamp="2026-01-07T15:48:08.099" intervalms="38.037">
  <response-info timems="0.132" idlems="0.079" threads="1" lastid="0000000002638400" lastname="server.startup : 2" />
</exclusive-start>
<af-start id="1310" threadId="00000000026351A0" totalBytesRequested="136" timestamp="2026-01-07T15:48:08.099" intervalms="38.032" type="nursery" />
<cycle-start id="1311" type="scavenge" contextid="0" timestamp="2026-01-07T15:48:08.099" intervalms="38.034" />
<gc-start id="1312" type="scavenge" contextid="1311" timestamp="2026-01-07T15:48:08.099">
  <mem-info id="1313" free="12170928" total="78839808" percent="15">
    <mem type="nursery" free="0" total="18874368" percent="0">
      <mem type="allocate" free="0" total="13041664" percent="0" />
      <mem type="survivor" free="0" total="5832704" percent="0" />
    </mem>
    <mem type="tenure" free="12170928" total="59965440" percent="20" />
    <remembered-set count="2320" />
  </mem-info>
</gc-start>
<allocation-stats totalBytes="8354504" discardedBytes="19240" >
  <allocated-bytes non-tlh="20552" tlh="8333952" />
  <largest-consumer threadName="server.startup : 1" threadId="0000000002634800" bytes="6338056" />
</allocation-stats>
<gc-op id="1314" type="scavenge" timems="2.960" contextid="1311" timestamp="2026-01-07T15:48:08.102">
  <scavenger-info tenureage="5" tenuremask="7fe0" tiltratio="69" />
  <memory-copied type="nursery" objects="56279" bytes="3655848" bytesdiscarded="85464" />
  <memory-copied type="tenure" objects="23680" bytes="1140200" bytesdiscarded="880" />
  <finalization candidates="780" enqueued="453" />
  <ownableSynchronizers candidates="94" cleared="2" />
  <references type="soft" candidates="177" cleared="0" enqueued="0" dynamicThreshold="9" maxThreshold="32" />
  <references type="weak" candidates="391" cleared="104" enqueued="104" />
  <object-monitors candidates="122" cleared="0"  />
</gc-op>
<heap-resize id="1315" type="expand" space="nursery" amount="1048576" count="1" timems="0.035" reason="excessive time being spent scavenging" timestamp="2026-01-07T15:48:08.102" />
<gc-end id="1316" type="scavenge" contextid="1311" durationms="3.275" usertimems="10.156" systemtimems="0.000" stalltimems="1.715" timestamp="2026-01-07T15:48:08.102" activeThreads="4">
  <mem-info id="1317" free="21168192" total="79888384" percent="26">
    <mem type="nursery" free="10214048" total="19922944" percent="51">
      <mem type="allocate" free="10214048" total="13959168" percent="73" />
      <mem type="survivor" free="0" total="5963776" percent="0" />
    </mem>
    <mem type="tenure" free="10954144" total="59965440" percent="18" />
    <pending-finalizers system="453" default="0" reference="104" classloader="0" />
    <remembered-set count="1929" />
  </mem-info>
</gc-end>
<cycle-end id="1318" type="scavenge" contextid="1311" timestamp="2026-01-07T15:48:08.102" />
<allocation-satisfied id="1319" threadId="0000000002634800" bytesRequested="136" />
<af-end id="1320" timestamp="2026-01-07T15:48:08.102" threadId="00000000026351A0" success="true" from="nursery"/>
<exclusive-end id="1321" timestamp="2026-01-07T15:48:08.102" durationms="3.662" />

<exclusive-start id="1322" timestamp="2026-01-07T15:48:08.187" intervalms="88.510">
  <response-info timems="0.141" idlems="0.080" threads="1" lastid="0000000002638400" lastname="server.startup : 2" />
</exclusive-start>
<af-start id="1323" threadId="00000000026351A0" totalBytesRequested="3336" timestamp="2026-01-07T15:48:08.187" intervalms="88.513" type="nursery" />
<cycle-start id="1324" type="scavenge" contextid="0" timestamp="2026-01-07T15:48:08.187" intervalms="88.514" />
<gc-start id="1325" type="scavenge" contextid="1324" timestamp="2026-01-07T15:48:08.188">
  <mem-info id="1326" free="10895576" total="79888384" percent="13">
    <mem type="nursery" free="0" total="19922944" percent="0">
      <mem type="allocate" free="0" total="13959168" percent="0" />
      <mem type="survivor" free="0" total="5963776" percent="0" />
    </mem>
    <mem type="tenure" free="10895576" total="59965440" percent="18" />
    <remembered-set count="3642" />
  </mem-info>
</gc-start>
<allocation-stats totalBytes="10257848" discardedBytes="14768" >
  <allocated-bytes non-tlh="130592" tlh="10127256" />
  <largest-consumer threadName="server.startup : 1" threadId="0000000002634800" bytes="5967416" />
</allocation-stats>
<gc-op id="1327" type="scavenge" timems="2.395" contextid="1324" timestamp="2026-01-07T15:48:08.190">
  <scavenger-info tenureage="4" tenuremask="7fb0" tiltratio="70" />
  <memory-copied type="nursery" objects="37144" bytes="3477888" bytesdiscarded="98840" />
  <memory-copied type="tenure" objects="33913" bytes="2097104" bytesdiscarded="808" />
  <finalization candidates="1281" enqueued="1094" />
  <ownableSynchronizers candidates="255" cleared="1" />
  <references type="soft" candidates="201" cleared="0" enqueued="0" dynamicThreshold="9" maxThreshold="32" />
  <references type="weak" candidates="689" cleared="549" enqueued="549" />
  <object-monitors candidates="124" cleared="2"  />
</gc-op>
<gc-end id="1328" type="scavenge" contextid="1324" durationms="2.493" usertimems="7.026" systemtimems="1.838" stalltimems="0.672" timestamp="2026-01-07T15:48:08.190" activeThreads="4">
  <mem-info id="1329" free="19811200" total="79888384" percent="24">
    <mem type="nursery" free="11031856" total="19922944" percent="55">
      <mem type="allocate" free="11031856" total="14614528" percent="75" />
      <mem type="survivor" free="0" total="5308416" percent="0" />
    </mem>
    <mem type="tenure" free="8779344" total="59965440" percent="14" />
    <pending-finalizers system="1092" default="2" reference="549" classloader="0" />
    <remembered-set count="2952" />
  </mem-info>
</gc-end>
<cycle-end id="1330" type="scavenge" contextid="1324" timestamp="2026-01-07T15:48:08.190" />
<allocation-satisfied id="1331" threadId="0000000002634800" bytesRequested="3336" />
<af-end id="1332" timestamp="2026-01-07T15:48:08.190" threadId="00000000026351A0" success="true" from="nursery"/>
<exclusive-end id="1333" timestamp="2026-01-07T15:48:08.190" durationms="2.885" />

<exclusive-start id="1334" timestamp="2026-01-07T15:48:08.322" intervalms="134.267">
  <response-info timems="0.034" idlems="0.034" threads="0" lastid="0000000002638400" lastname="server.startup : 2" />
</exclusive-start>
<af-start id="1335" threadId="0000000002638DA0" totalBytesRequested="16" timestamp="2026-01-07T15:48:08.322" intervalms="134.263" type="nursery" />
<cycle-start id="1336" type="scavenge" contextid="0" timestamp="2026-01-07T15:48:08.322" intervalms="134.269" />
<gc-start id="1337" type="scavenge" contextid="1336" timestamp="2026-01-07T15:48:08.322">
  <mem-info id="1338" free="8679288" total="79888384" percent="10">
    <mem type="nursery" free="0" total="19922944" percent="0">
      <mem type="allocate" free="0" total="14614528" percent="0" />
      <mem type="survivor" free="0" total="5308416" percent="0" />
    </mem>
    <mem type="tenure" free="8679288" total="59965440" percent="14" />
    <remembered-set count="4268" />
  </mem-info>
</gc-start>
<allocation-stats totalBytes="11121840" discardedBytes="10072" >
  <allocated-bytes non-tlh="161904" tlh="10959936" />
  <largest-consumer threadName="server.startup : 1" threadId="0000000002634800" bytes="6560488" />
</allocation-stats>
<gc-op id="1339" type="scavenge" timems="2.488" contextid="1336" timestamp="2026-01-07T15:48:08.324">
  <scavenger-info tenureage="7" tenuremask="7f80" tiltratio="73" />
  <memory-copied type="nursery" objects="78279" bytes="4079768" bytesdiscarded="61080" />
  <finalization candidates="840" enqueued="805" />
  <ownableSynchronizers candidates="253" cleared="1" />
  <references type="soft" candidates="1368" cleared="0" enqueued="0" dynamicThreshold="9" maxThreshold="32" />
  <references type="weak" candidates="818" cleared="240" enqueued="238" />
  <object-monitors candidates="130" cleared="7"  />
</gc-op>
<gc-end id="1340" type="scavenge" contextid="1336" durationms="2.607" usertimems="8.845" systemtimems="0.064" stalltimems="1.130" timestamp="2026-01-07T15:48:08.324" activeThreads="4">
  <mem-info id="1341" free="19143704" total="79888384" percent="23">
    <mem type="nursery" free="10464416" total="19922944" percent="52">
      <mem type="allocate" free="10464416" total="14614528" percent="71" />
      <mem type="survivor" free="0" total="5308416" percent="0" />
    </mem>
    <mem type="tenure" free="8679288" total="59965440" percent="14" />
    <pending-finalizers system="796" default="9" reference="238" classloader="0" />
    <remembered-set count="3973" />
  </mem-info>
</gc-end>
<cycle-end id="1342" type="scavenge" contextid="1336" timestamp="2026-01-07T15:48:08.325" />
<allocation-satisfied id="1343" threadId="0000000002638400" bytesRequested="16" />
<af-end id="1344" timestamp="2026-01-07T15:48:08.325" threadId="0000000002638DA0" success="true" from="nursery"/>
<exclusive-end id="1345" timestamp="2026-01-07T15:48:08.325" durationms="3.022" />

<exclusive-start id="1346" timestamp="2026-01-07T15:48:08.420" intervalms="98.194">
  <response-info timems="0.198" idlems="0.105" threads="4" lastid="0000000002B88400" lastname="pool-2-thread-5" />
</exclusive-start>
<af-start id="1347" threadId="0000000002B8B8A0" totalBytesRequested="16" timestamp="2026-01-07T15:48:08.420" intervalms="98.194" type="nursery" />
<cycle-start id="1348" type="scavenge" contextid="0" timestamp="2026-01-07T15:48:08.420" intervalms="98.196" />
<gc-start id="1349" type="scavenge" contextid="1348" timestamp="2026-01-07T15:48:08.420">
  <mem-info id="1350" free="8569088" total="79888384" percent="10">
    <mem type="nursery" free="0" total="19922944" percent="0">
      <mem type="allocate" free="0" total="14614528" percent="0" />
      <mem type="survivor" free="0" total="5308416" percent="0" />
    </mem>
    <mem type="tenure" free="8569088" total="59965440" percent="14" />
    <remembered-set count="5160" />
  </mem-info>
</gc-start>
<allocation-stats totalBytes="10520056" discardedBytes="54560" >
  <allocated-bytes non-tlh="110216" tlh="10409840" />
  <largest-consumer threadName="server.startup : 1" threadId="0000000002634800" bytes="5854848" />
</allocation-stats>
<gc-op id="1351" type="scavenge" timems="2.777" contextid="1348" timestamp="2026-01-07T15:48:08.423">
  <scavenger-info tenureage="7" tenuremask="7f80" tiltratio="73" />
  <memory-copied type="nursery" objects="97209" bytes="4706896" bytesdiscarded="89616" />
  <finalization candidates="563" enqueued="525" />
  <ownableSynchronizers candidates="359" cleared="6" />
  <references type="soft" candidates="1508" cleared="0" enqueued="0" dynamicThreshold="9" maxThreshold="32" />
  <references type="weak" candidates="952" cleared="205" enqueued="202" />
  <object-monitors candidates="160" cleared="31"  />
</gc-op>
<gc-end id="1352" type="scavenge" contextid="1348" durationms="2.876" usertimems="10.160" systemtimems="0.088" stalltimems="0.729" timestamp="2026-01-07T15:48:08.423" activeThreads="4">
  <mem-info id="1353" free="17984096" total="79888384" percent="22">
    <mem type="nursery" free="9415008" total="19922944" percent="47">
      <mem type="allocate" free="9415008" total="14221312" percent="66" />
      <mem type="survivor" free="0" total="5701632" percent="0" />
    </mem>
    <mem type="tenure" free="8569088" total="59965440" percent="14" />
    <pending-finalizers system="515" default="10" reference="202" classloader="0" />
    <remembered-set count="4630" />
  </mem-info>
</gc-end>
<cycle-end id="1354" type="scavenge" contextid="1348" timestamp="2026-01-07T15:48:08.423" />
<allocation-satisfied id="1355" threadId="0000000002B8AF00" bytesRequested="16" />
<af-end id="1356" timestamp="2026-01-07T15:48:08.423" threadId="0000000002B8B8A0" success="true" from="nursery"/>
<exclusive-end id="1357" timestamp="2026-01-07T15:48:08.423" durationms="3.267" />

<exclusive-start id="1358" timestamp="2026-01-07T15:48:08.495" intervalms="75.623">
  <response-info timems="0.062" idlems="0.041" threads="1" lastid="000000000001A300" lastname="JIT Compilation Thread-000" />
</exclusive-start>
<af-start id="1359" threadId="00000000026351A0" totalBytesRequested="32" timestamp="2026-01-07T15:48:08.495" intervalms="75.633" type="nursery" />
<cycle-start id="1360" type="scavenge" contextid="0" timestamp="2026-01-07T15:48:08.495" intervalms="75.629" />
<gc-start id="1361" type="scavenge" contextid="1360" timestamp="2026-01-07T15:48:08.496">
  <mem-info id="1362" free="8550488" total="79888384" percent="10">
    <mem type="nursery" free="0" total="19922944" percent="0">
      <mem type="allocate" free="0" total="14221312" percent="0" />
      <mem type="survivor" free="0" total="5701632" percent="0" />
    </mem>
    <mem type="tenure" free="8550488" total="59965440" percent="14" />
    <remembered-set count="4988" />
  </mem-info>
</gc-start>
<allocation-stats totalBytes="9419656" discardedBytes="13952" >
  <allocated-bytes non-tlh="18616" tlh="9401040" />
  <largest-consumer threadName="server.startup : 1" threadId="0000000002634800" bytes="6131624" />
</allocation-stats>
<gc-op id="1363" type="scavenge" timems="4.562" contextid="1360" timestamp="2026-01-07T15:48:08.500">
  <scavenger-info tenureage="6" tenuremask="7fc0" tiltratio="71" />
  <memory-copied type="nursery" objects="111053" bytes="4124704" bytesdiscarded="174840" />
  <memory-copied type="tenure" objects="6432" bytes="302456" bytesdiscarded="176" />
  <finalization candidates="227" enqueued="189" />
  <ownableSynchronizers candidates="394" cleared="3" />
  <references type="soft" candidates="1546" cleared="0" enqueued="0" dynamicThreshold="9" maxThreshold="32" />
  <references type="weak" candidates="850" cleared="78" enqueued="74" />
  <object-monitors candidates="142" cleared="11"  />
</gc-op>
<gc-end id="1364" type="scavenge" contextid="1360" durationms="4.684" usertimems="11.663" systemtimems="0.121" stalltimems="3.234" timestamp="2026-01-07T15:48:08.500" activeThreads="4">
  <mem-info id="1365" free="18326456" total="79888384" percent="22">
    <mem type="nursery" free="10038624" total="19922944" percent="50">
      <mem type="allocate" free="10038624" total="14352384" percent="69" />
      <mem type="survivor" free="0" total="5570560" percent="0" />
    </mem>
    <mem type="tenure" free="8287832" total="59965440" percent="13" />
    <pending-finalizers system="172" default="17" reference="74" classloader="0" />
    <remembered-set count="3870" />
  </mem-info>
</gc-end>
<cycle-end id="1366" type="scavenge" contextid="1360" timestamp="2026-01-07T15:48:08.500" />
<allocation-satisfied id="1367" threadId="0000000002634800" bytesRequested="32" />
<af-end id="1368" timestamp="2026-01-07T15:48:08.500" threadId="00000000026351A0" success="true" from="nursery"/>
<exclusive-end id="1369" timestamp="2026-01-07T15:48:08.500" durationms="5.095" />

<exclusive-start id="1370" timestamp="2026-01-07T15:48:08.661" intervalms="165.917">
  <response-info timems="0.032" idlems="0.032" threads="0" lastid="0000000000C34D00" lastname="NotificationServiceDispatcher : 0" />
</exclusive-start>
<af-start id="1371" threadId="0000000000C356A0" totalBytesRequested="16" timestamp="2026-01-07T15:48:08.661" intervalms="165.909" type="nursery" />
<cycle-start id="1372" type="scavenge" contextid="0" timestamp="2026-01-07T15:48:08.661" intervalms="165.915" />
<gc-start id="1373" type="scavenge" contextid="1372" timestamp="2026-01-07T15:48:08.662">
  <mem-info id="1374" free="8253736" total="79888384" percent="10">
    <mem type="nursery" free="0" total="19922944" percent="0">
      <mem type="allocate" free="0" total="14352384" percent="0" />
      <mem type="survivor" free="0" total="5570560" percent="0" />
    </mem>
    <mem type="tenure" free="8253736" total="59965440" percent="13" />
    <remembered-set count="4939" />
  </mem-info>
</gc-start>
<allocation-stats totalBytes="10058432" discardedBytes="14288" >
  <allocated-bytes non-tlh="140616" tlh="9917816" />
  <largest-consumer threadName="server.startup : 2" threadId="0000000002638400" bytes="3003576" />
</allocation-stats>
<gc-op id="1375" type="scavenge" timems="2.691" contextid="1372" timestamp="2026-01-07T15:48:08.664">
  <scavenger-info tenureage="3" tenuremask="7fd8" tiltratio="72" />
  <memory-copied type="nursery" objects="43577" bytes="2224376" bytesdiscarded="124704" />
  <memory-copied type="tenure" objects="41055" bytes="1565776" bytesdiscarded="216" />
  <finalization candidates="303" enqueued="238" />
  <ownableSynchronizers candidates="424" cleared="63" />
  <references type="soft" candidates="377" cleared="0" enqueued="0" dynamicThreshold="9" maxThreshold="32" />
  <references type="weak" candidates="439" cleared="113" enqueued="111" />
  <references type="phantom" candidates="8" cleared="0" enqueued="0" />
  <object-monitors candidates="168" cleared="32"  />
</gc-op>
<gc-end id="1376" type="scavenge" contextid="1372" durationms="2.816" usertimems="8.744" systemtimems="1.054" stalltimems="0.789" timestamp="2026-01-07T15:48:08.664" activeThreads="4">
  <mem-info id="1377" free="18752768" total="79888384" percent="23">
    <mem type="nursery" free="12196336" total="19922944" percent="61">
      <mem type="allocate" free="12196336" total="14548992" percent="83" />
      <mem type="survivor" free="0" total="5373952" percent="0" />
    </mem>
    <mem type="tenure" free="6556432" total="59965440" percent="10" />
    <pending-finalizers system="234" default="4" reference="111" classloader="0" />
    <remembered-set count="2833" />
  </mem-info>
</gc-end>
<cycle-end id="1378" type="scavenge" contextid="1372" timestamp="2026-01-07T15:48:08.665" />
<allocation-satisfied id="1379" threadId="0000000000C34D00" bytesRequested="16" />
<af-end id="1380" timestamp="2026-01-07T15:48:08.665" threadId="0000000000C356A0" success="true" from="nursery"/>
<exclusive-end id="1381" timestamp="2026-01-07T15:48:08.665" durationms="3.246" />

<exclusive-start id="1382" timestamp="2026-01-07T15:48:33.230" intervalms="24568.786">
  <response-info timems="0.038" idlems="0.038" threads="0" lastid="0000000001681600" lastname="State Saver" />
</exclusive-start>
<af-start id="1383" threadId="0000000001681FA0" totalBytesRequested="16" timestamp="2026-01-07T15:48:33.230" intervalms="24568.786" type="nursery" />
<cycle-start id="1384" type="scavenge" contextid="0" timestamp="2026-01-07T15:48:33.230" intervalms="24568.788" />
<gc-start id="1385" type="scavenge" contextid="1384" timestamp="2026-01-07T15:48:33.230">
  <mem-info id="1386" free="6530808" total="79888384" percent="8">
    <mem type="nursery" free="0" total="19922944" percent="0">
      <mem type="allocate" free="0" total="14548992" percent="0" />
      <mem type="survivor" free="0" total="5373952" percent="0" />
    </mem>
    <mem type="tenure" free="6530808" total="59965440" percent="10" />
    <remembered-set count="4620" />
  </mem-info>
</gc-start>
<allocation-stats totalBytes="12207392" discardedBytes="14568" >
  <allocated-bytes non-tlh="74840" tlh="12132552" />
  <largest-consumer threadName="State Saver" threadId="0000000001681600" bytes="7348024" />
</allocation-stats>
<gc-op id="1387" type="scavenge" timems="3.364" contextid="1384" timestamp="2026-01-07T15:48:33.234">
  <scavenger-info tenureage="6" tenuremask="7fc0" tiltratio="73" />
  <memory-copied type="nursery" objects="76971" bytes="3125408" bytesdiscarded="119608" />
  <memory-copied type="tenure" objects="5129" bytes="207584" bytesdiscarded="200" />
  <finalization candidates="219" enqueued="163" />
  <ownableSynchronizers candidates="165" cleared="0" />
  <references type="soft" candidates="1304" cleared="0" enqueued="0" dynamicThreshold="9" maxThreshold="32" />
  <references type="weak" candidates="516" cleared="122" enqueued="121" />
  <references type="phantom" candidates="9" cleared="0" enqueued="0" />
  <object-monitors candidates="146" cleared="8"  />
</gc-op>
<gc-end id="1388" type="scavenge" contextid="1384" durationms="5.768" usertimems="13.716" systemtimems="0.947" stalltimems="1.050" timestamp="2026-01-07T15:48:33.236" activeThreads="4">
  <mem-info id="1389" free="17857312" total="79888384" percent="22">
    <mem type="nursery" free="11497000" total="19922944" percent="57">
      <mem type="allocate" free="11497000" total="14745600" percent="77" />
      <mem type="survivor" free="0" total="5177344" percent="0" />
    </mem>
    <mem type="tenure" free="6360312" total="59965440" percent="10" macro-fragmented="4479464" />
    <pending-finalizers system="152" default="11" reference="121" classloader="0" />
    <remembered-set count="3741" />
  </mem-info>
</gc-end>
<cycle-end id="1390" type="scavenge" contextid="1384" timestamp="2026-01-07T15:48:33.236" />
<allocation-satisfied id="1391" threadId="0000000001681600" bytesRequested="16" />
<af-end id="1392" timestamp="2026-01-07T15:48:33.236" threadId="0000000001681FA0" success="true" from="nursery"/>
<exclusive-end id="1393" timestamp="2026-01-07T15:48:33.236" durationms="6.274" />

